date,4T_H,4T_N,4T_P,5A_H,5A_N,5A_P,5R_H,5R_N,5R_P,AR_H,AR_N,AR_P,AT_H,AT_N,AT_P,AU_H,AU_N,AU_P,BE_H,BE_N,BE_P,BR_H,BR_N,BR_P,CA_H,CA_N,CA_P,CH_H,CH_N,CH_P,CL_H,CL_N,CL_P,CN_H,CN_N,CN_P,CO_H,CO_N,CO_P,CZ_H,CZ_N,CZ_P,DE_H,DE_N,DE_P,DK_H,DK_N,DK_P,ES_H,ES_N,ES_P,FI_H,FI_N,FI_P,FR_H,FR_N,FR_P,G2_H,G2_N,G2_P,GB_H,GB_N,GB_P,GR_H,GR_N,GR_P,HK_H,HK_N,HK_P,HU_H,HU_N,HU_P,ID_H,ID_N,ID_P,IE_H,IE_N,IE_P,IL_H,IL_N,IL_P,IN_H,IN_N,IN_P,IT_H,IT_N,IT_P,JP_H,JP_N,JP_P,KR_H,KR_N,KR_P,LU_H,LU_N,LU_P,MX_H,MX_N,MX_P,MY_H,MY_N,MY_P,NL_H,NL_N,NL_P,NO_H,NO_N,NO_P,NZ_H,NZ_N,NZ_P,PL_H,PL_N,PL_P,PT_H,PT_N,PT_P,RU_H,RU_N,RU_P,SA_H,SA_N,SA_P,SE_H,SE_N,SE_P,SG_H,SG_N,SG_P,TH_H,TH_N,TH_P,TR_H,TR_N,TR_P,US_H,US_N,US_P,XM_H,XM_N,XM_P,ZA_H,ZA_N,ZA_P
1947-12-31,,,,,,,,,,,,,,,,,,,,,,,,,,,,,,,,,,,,,,,,,,,,,,,,,,,,,,,,,,,,,,,,,,,,,,,,,,,,,,,,,,,,,,,,,,,,,,,,,,,,,,,,,,,,,,,,,,,,,,,,,,,,,,,,,,,,,,,,18.0,29.1,47.1,,,,,,
1948-03-31,,,,,,,,,,,,,,,,,,,,,,,,,,,,,,,,,,,,,,,,,,,,,,,,,,,,,,,,,,,,,,,,,,,,,,,,,,,,,,,,,,,,,,,,,,,,,,,,,,,,,,,,,,,,,,,,,,,,,,,,,,,,,,,,,,,,,,,,18.4,29.1,47.6,,,,,,
1948-06-30,,,,,,,,,,,,,,,,,,,,,,,,,,,,,,,,,,,,,,,,,,,,,,,,,,,,,,,,,,,,,,,,,,,,,,,,,,,,,,,,,,,,,,,,,,,,,,,,,,,,,,,,,,,,,,,,,,,,,,,,,,,,,,,,,,,,,,,,18.8,29.1,47.9,,,,,,
1948-09-30,,,,,,,,,,,,,,,,,,,,,,,,,,,,,,,,,,,,,,,,,,,,,,,,,,,,,,,,,,,,,,,,,,,,,,,,,,,,,,,,,,,,,,,,,,,,,,,,,,,,,,,,,,,,,,,,,,,,,,,,,,,,,,,,,,,,,,,,19.0,29.0,48.0,,,,,,
1948-12-31,,,,,,,,,,,,,,,,,,,,,,,,,,,,,,,,,,,,,,,,,,,,,,,,,,,,,,,,,,,,,,,,,,,,,,,,,,,,,,,,,,,,,,,,,,,,,,,,,,,,,,,,,,,,,,,,,,,,,,,,,,,,,,,,,,,,,,,,19.5,29.1,48.6,,,,,,
1949-03-31,,,,,,,,,,,,,,,,,,,,,,,,,,,,,,,,,,,,,,,,,,,,,,,,,,,,,,,,,,,,,,,,,,,,,,,,,,,,,,,,,,,,,,,,,,,,,,,,,,,,,,,,,,,,,,,,,,,,,,,,,,,,,,,,,,,,,,,,20.0,29.2,49.2,,,,,,
1949-06-30,,,,,,,,,,,,,,,,,,,,,,,,,,,,,,,,,,,,,,,,,,,,,,,,,,,,,,,,,,,,,,,,,,,,,,,,,,,,,,,,,,,,,,,,,,,,,,,,,,,,,,,,,,,,,,,,,,,,,,,,,,,,,,,,,,,,,,,,20.7,29.5,50.2,,,,,,
1949-09-30,,,,,,,,,,,,,,,,,,,,,,,,,,,,,,,,,,,,,,,,,,,,,,,,,,,,,,,,,,,,,,,,,,,,,,,,,,,,,,,,,,,,,,,,,,,,,,,,,,,,,,,,,,,,,,,,,,,,,,,,,,,,,,,,,,,,,,,,21.6,29.9,51.5,,,,,,
1949-12-31,,,,,,,,,,,,,,,,,,,,,,,,,,,,,,,,,,,,,,,,,,,,,,,,,,,,,,,,,,,,,,,,,,,,,,,,,,,,,,,,,,,,,,,,,,,,,,,,,,,,,,,,,,,,,,,,,,,,,,,,,,,,,,,,,,,,,,,,22.5,30.4,52.9,,,,,,
1950-03-31,,,,,,,,,,,,,,,,,,,,,,,,,,,,,,,,,,,,,,,,,,,,,,,,,,,,,,,,,,,,,,,,,,,,,,,,,,,,,,,,,,,,,,,,,,,,,,,,,,,,,,,,,,,,,,,,,,,,,,,,,,,,,,,,,,,,,,,,23.6,31.1,54.7,,,,,,
1950-06-30,,,,,,,,,,,,,,,,,,,,,,,,,,,,,,,,,,,,,,,,,,,,,,,,,,,,,,,,,,,,,,,,,,,,,,,,,,,,,,,,,,,,,,,,,,,,,,,,,,,,,,,,,,,,,,,,,,,,,,,,,,,,,,,,,,,,,,,,24.4,31.4,55.8,,,,,,
1950-09-30,,,,,,,,,,,,,,,,,,,,,,,,,,,,,,,,,,,,,,,,,,,,,,,,,,,,,,,,,,,,,,,,,,,,,,,,,,,,,,,,,,,,,,,,,,,,,,,,,,,,,,,,,,,,,,,,,,,,,,,,,,,,,,,,,,,,,,,,24.8,31.2,56.1,,,,,,
1950-12-31,,,,,,,,,,,,,,,,,,,,,,,,,,,,,,,,,,,,,,,,,,,,,,,,,,,,,,,,,,,,,,,,,,,,,,,,,,,,,,,,,,,,,,,,,,,,,,,,,,,,,,,,,,,,,,,,,,,,,,,,,,,,,,,,,,,,,,,,25.0,30.7,55.7,,,,,,
1951-03-31,,,,,,,,,,,,,,,,,,,,,,,,,,,,,,,,,,,,,,,,,,,,,,,,,,,,,,,,,,,,,,,,,,,,,,,,,,,,,,,,,,,,,,,,,,,,,,,,,,,,,,,,,,,,,,,,,,,,,,,,,,,,,,,,,,,,,,,,24.5,30.3,54.8,,,,,,
1951-06-30,,,,,,,,,,,,,,,,,,,,,,,,,,,,,,,,,,,,,,,,,,,,,,,,,,,,,,,,,,,,,,,,,,,,,,,,,,,,,,,,,,,,25.2,,,,,,,,,,,,,,,,,,,,,,,,,,,,,,,,,,,,,,,,,,,,,,,,,,,,24.2,29.9,54.1,,,,,,
1951-09-30,,,,,,,,,,,,,,,,,,,,,,,,,,,,,,,,,,,,,,,,,,,,,,,,,,,,,,,,,,,,,,,,,,,,,,,,,,,,,,,,,,,,23.4,,,,,,,,,,,,,,,,,,,,,,,,,,,,,,,,,,,,,,,,,,,,,,,,,,,,24.1,29.9,53.9,,,,,,
1951-12-31,,,,,,,,,,,,,,,,,,,,,,,,,,,,,,,,,,,,,,,,,,,,,,,,,,,,,,,,,,,,,,,,,,,,,,,,,,,,,,,,,,,,23.0,,,,,,,,,,,,,,,,,,,,,,,,,,,,,,,,,,,,,,,,,,,,,,,,,,,,24.1,29.9,54.0,,,,,,
1952-03-31,,,,,,,,,,,,,,,,,,,,,,,,,,,,,,,,,,,,,,,,,,,,,,,,,,,,,,,,,,,,,,,,,,,,,,,,,,,,,,,,,,,,23.1,,,,,,,,,,,,,,,,,,,,,,,,,,,,,,,,,,,,,,,,,,,,,,,,,,,,23.8,29.8,53.6,,,,,,
1952-06-30,,,,,,,,,,,,,,,,,,,,,,,,,,,,,,,,,,,,,,,,,,,,,,,,,,,,,,,,,,,,,,,,,,,,,,,,,,,,,,,,,,,,23.3,,,,,,,,,,,,,,,,,,,,,,,,,,,,,,,,,,,,,,,,,,,,,,,,,,,,24.7,30.1,54.8,,,,,,
1952-09-30,,,,,,,,,,,,,,,,,,,,,,,,,,,,,,,,,,,,,,,,,,,,,,,,,,,,,,,,,,,,,,,,,,,,,,,,,,,,,,,,,,,,23.0,,,,,,,,,,,,,,,,,,,,,,,,,,,,,,,,,,,,,,,,,,,,,,,,,,,,25.2,30.4,55.6,,,,,,
1952-12-31,,,,,,,,,,,,,,,,,,,,,,,,,,,,,,,,,,,,,,,,,,,,,,,,,,,,,,,,,,,,,,,,,,,,,,,,,,,,,,,,,,,,22.8,,,,,,,,,,,,,,,,,,,,,,,,,,,,,,,,,,,,,,,,,,,,,,,,,,,,26.0,30.6,56.7,,,,,,
1953-03-31,,,,,,,,,,,,,,,,,,,,,,,,,,,,,,,,,,,,,,,,,,,,,,,,,,,,,,,,,,,,,,,,,,,,,,,,,,,,,,,,,,,,23.1,,,,,,,,,,,,,,,,,,,,,,,,,,,,,,,,,,,,,,,,,,,,,,,,,,,,26.1,30.5,56.6,,,,,,
1953-06-30,,,,,,,,,,,,,,,,,,,,,,,,,,,,,,,,,,,,,,,,,,,,,,,,,,,,,,,,,,,,,,,,,,,,,,,,,,,,,,,,,,,,22.7,,,,,,,,,,,,,,,,,,,,,,,,,,,,,,,,,,,,,,,,,,,,,,,,,,,,26.8,30.3,57.1,,,,,,
1953-09-30,,,,,,,,,,,,,,,,,,,,,,,,,,,,,,,,,,,,,,,,,,,,,,,,,,,,,,,,,,,,,,,,,,,,,,,,,,,,,,,,,,,,21.3,,,,,,,,,,,,,,,,,,,,,,,,,,,,,,,,,,,,,,,,,,,,,,,,,,,,27.0,30.2,57.3,,,,,,
1953-12-31,,,,,,,,,,,,,,,,,,,,,,,,,,,,,,,,,,,,,,,,,,,,,,,,,,,,,,,,,,,,,,,,,,,,,,,,,,,,,,,,,,,,21.4,,,,,,,,,,,,,,,,,,,,,,,,,,,,,,,,,,,,,,,,,,,,,,,,,,,,27.8,30.2,58.0,,,,,,
1954-03-31,,,,,,,,,,,,,,,,,,,,,,,,,,,,,,,,,,,,,,,,,,,,,,,,,,,,,,,,,,,,,,,,,,,,,,,,,,,,,,,,,,,,22.3,,,,,,,,,,,,,,,,,,,,,,,,,,,,,,,,,,,,,,,,,,,,,,,,,,,,27.8,30.6,58.4,,,,,,
1954-06-30,,,,,,,,,,,,,,,,,,,,,,,,,,,,,,,,,,,,,,,,,,,,,,,,,,,,,,,,,,,,,,,,,,,,,,,,,,,,,,,,,,,,22.8,,,,,,,,,,,,,,,,,,,,,,,,,,,,,,,,,,,,,,,,,,,,,,,,,,,,28.9,31.0,59.9,,,,,,
1954-09-30,,,,,,,,,,,,,,,,,,,,,,,,,,,,,,,,,,,,,,,,,,,,,,,,,,,,,,,,,,,,,,,,,,,,,,,,,,,,,,,,,,,,23.1,,,,,,,,,,,,,,,,,,,,,,,,,,,,,,,,,,,,,,,,,,,,,,,,,,,,29.8,31.5,61.3,,,,,,
1954-12-31,,,,,,,,,,,,,,,,,,,,,,,,,,,,,,,,,,,,,,,,,,,,,,,,,,,,,,,,,,,,,,,,,,,,,,,,,,,,,,,,,,,,24.4,,,,,,,,,,,,,,,,,,,,,,,,,,,,,,,,,,,,,,,,,,,,,,,,,,,,30.8,31.7,62.5,,,,,,
1955-03-31,,,,,,,,,,,,,,,,,,,,,,,,,,,,,,,,,,,,,,,,,,,,,,,,,,,,,,,,,,,,,,,,,,,,,,,,,,,,,,,,,,,,25.7,,,,,,,,,,,,,,,,,,,,,,,,,,,,,,,,,,,,,,,,,,,,,,,,,,,,31.1,31.5,62.6,,,,,,
1955-06-30,,,,,,,,,,,,,,,,,,,,,,,,,,,,,,,,,,,,,,,,,,,,,,,,,,,,,,,,,,,,,,,,,,,,,,,,,,,,,,,,,,,,26.6,,,,,,,,,,,,,,,,,,,,,,,,,,,,,,,,,,,,,,,,,,,,,,,,,,,,32.2,31.7,63.8,,,,,,
1955-09-30,,,,,,,,,,,,,,,,,,,,,,,,,,,,,,,,,,,,,,,,,,,,,,,,,,,,,,,,,,,,,,,,,,,,,,,,,,,,,,,,,,,,26.4,,,,,,,,,,,,,,,,,,,,,,,,,,,,,,,,,,,,,,,,,,,,,,,,,,,,32.7,31.6,64.2,,,,,,
1955-12-31,,,,,,,,,,,,,,,,,,,,,,,,,,,76.0,,,,,,,,,,,,,,,,,,,,,,,,,,,,,,,,,,,,,,,,,,,,,,,,,,,,,,,,,26.7,,,,,,,,,,,,,,,,,,,,,,,,,,,,,,,,,,,,,,,,,,,,,,,,,,,,33.3,32.0,65.2,,,,,,
1956-03-31,,,,,,,,,,,,,,,,,,,,,,,,,,,76.0,,,,,,,,,,,,,,,,,,,,,,,,,,,,,,,,,,,,,,,,,,,,,,,,,,,,,,,,,27.1,,,,,,,,,,,,,,,,,,,,,,,,,,,,,,,,,,,,,,,,,,,,,,,,,,,,33.1,32.2,65.3,,,,,,
1956-06-30,,,,,,,,,,,,,,,,,,,,,,,,,,,78.7,,,,,,,,,,,,,,,,,,,,,,,,,,,,,,,,,,,,,,,,,,,,,,,,,,,,,,,,,26.1,,,,,,,,,,,,,,,,,,,,,,,,,,,,,,,,,,,,,,,,,,,,,,,,,,,,33.9,32.6,66.5,,,,,,
1956-09-30,,,,,,,,,,,,,,,,,,,,,,,,,,,77.1,,,,,,,,,,,,,,,,,,,,,,,,,,,,,,,,,,,,,,,,,,,,,,,,,,,,,,,,,24.2,,,,,,,,,,,,,,,,,,,,,,,,,,,,,,,,,,,,,,,,,,,,,,,,,,,,34.2,32.8,67.1,,,,,,
1956-12-31,,,,,,,,,,,,,,,,,,,,,,,,,,,76.4,,,,,,,,,,,,,,,,,,,,,,,,,,,,,,,,,,,,,,,,,,,,,,,,,,,,,,,,,24.0,,,,,,,,,,,,,,,,,,,,,,,,,,,,,,,,,,,,,,,,,,,,,,,,,,,,34.8,33.1,67.9,,,,,,
1957-03-31,,,,,,,,,,,,,,,,,,,,,,,,,,,73.6,,,,,,,,,,,,,,,,,,,,,,,,,,,,,,,,,,,,,,,,,,,,,,,,,,,,,,,,,25.0,,,,,,,,,,,,,,,,,,,,,,,,,,,,,,,,,,,,,,,,,,,,,,,,,,,,34.5,33.2,67.7,,,,,,
1957-06-30,,,,,,,,,,,,,,,,,,,,,,,,,,,74.0,,,,,,,,,,,,,,,,,,,,,,,,,,,,,,,,,,,,,,,,,,,,,,,,,,,,,,,,,25.8,,,,,,,,,,,,,,,,,,,,,,,,,,,,,,,,,,,,,,,,,,,,,,,,,,,,35.1,33.6,68.7,,,,,,
1957-09-30,,,,,,,,,,,,,,,,,,,,,,,,,,,73.3,,,,,,,,,,,,,,,,,,,,,,,,,,,,,,,,,,,,,,,,,,,,,,,,,,,,,,,,,25.3,,,,,,,,,,,,,,,,,,,,,,,,,,,,,,,,,,,,,,,,,,,,,,,,,,,,35.2,33.6,68.8,,,,,,
1957-12-31,,,,,,,,,,,,,,,,,,,,,,,,,,,73.8,,,,,,,,,,,,,,,,,,,,,,,,,,,,,,,,,,,,,,,,,,,,,,,,,,,,,,,,,25.7,,,,,,,,,,,,,,,,,,,,,,,,,,,,,,,,,,,,,,,,,,,,,,,,,,,,35.6,34.0,69.5,,,,,,
1958-03-31,,,,,,,,,,,,,,,,,,,,,,,,,,,72.4,,,,,,,,,,,,,,,,,,,,,,,,,,,,,,,,,,,,,,,,,,,,,,,,,,,,,,,,,26.6,,,,,,,,,,,,,,,,,,,,,,,,,,,,,,,,,,,,,,,,,,,,,,,,,,,,35.4,34.5,69.9,,,,,,
1958-06-30,,,,,,,,,,,,,,,,,,,,,,,,,,,71.2,,,,,,,,,,,,,,,,,,,,,,,,,,,,,,,,,,,,,,,,,,,,,,,,,,,,,,,,,26.0,,,,,,,,,,,,,,,,,,,,,,,,,,,,,,,,,,,,,,,,,,,,,,,,,,,,36.1,35.0,71.1,,,,,,
1958-09-30,,,,,,,,,,,,,,,,,,,,,,,,,,,71.1,,,,,,,,,,,,,,,,,,,,,,,,,,,,,,,,,,,,,,,,,,,,,,,,,,,,,,,,,25.1,,,,,,,,,,,,,,,,,,,,,,,,,,,,,,,,,,,,,,,,,,,,,,,,,,,,36.8,35.3,72.0,,,,,,
1958-12-31,,,,,,,,,,,,,,,,,,,,,,,,,,,73.2,,,,,,,,,,,,,,,,,,,,,,,,,,,,,,,,,,,,,,,,,,,,,,,,,,,,,,,,,25.3,,,,,,,,,,,,,,,,,,,,,,,,,,,,,,,,,,,,,,,,,,,,,,,,,,,,37.5,35.8,73.3,,,,,,
1959-03-31,,,,,,,,,,,,,,,,,,,,,,,,,,,74.4,,,,,,,,,,,,,,,,,,,,,,,,,,,,,,,,,,,,,,,,,,,,,,,,,,,,,,,,,26.3,,,,,,,,,,,,,,,,,,,,,,,,,,,,,,,,,,,,,,,,,,,,,,,,,,,,37.1,35.5,72.6,,,,,,
1959-06-30,,,,,,,,,,,,,,,,,,,,,,,,,,,78.3,,,,,,,,,,,,,,,,,,,,,,,,,,,,,,,,,,,,,,,,,,,,,,,,,,,,,,,,,26.8,,,,,,,,,,,,,,,,,,,,,,,,,,,,,,,,,,,,,,,,,,,,,,,,,,,,37.6,35.7,73.2,,,,,,
1959-09-30,,,,,,,,,,,,,,,,,,,,,,,,,,,81.7,,,,,,,,,,,,,,,,,,,,,,,,,,,,,,,,,,,,,,,,,,,,,,,,,,,,,,,,,26.5,,,,,,,,,,,,,,,,,,,,,,,,,,,,,,,,,,,,,,,,,,,,,,,,,,,,38.0,35.5,73.5,,,,,,
1959-12-31,,,,,,,,,,,,,,,,,,,,,,,,,,,80.0,,,,,,,,,,,,,,,,,,,,,,,,,,,,,,,,,,,,,,,,,,,,,,,,,,,,,,,,,26.9,,,,,,,,,,,,,,,,,,,,,,,,,,,,,,,,,,,,,,,,,,,,,,,,,,,,38.8,35.8,74.6,,,,,,
1960-03-31,,,,,,,,,,,,,,,,,,,,,,,,,,,77.0,,,,,,,,,,,,,,,,,,,,,,,,,,,,,,,,,,,,,,,,,,,,,,,,,,,,,,,,,27.7,,,,,,,,,,,,,,,,,,,,,,,,,,,,,,,,,,,,,,,,,,,,,,,,,,,,38.3,35.9,74.2,,,,,,
1960-06-30,,,,,,,,,,,,,,,,,,53.4,,,,,,,,,77.8,,,,,,,,,,,,,,,,,,,,,,,,,,,,,,,,,,,,,,,,,,,,,,,,,,,,,,,,,27.6,,,,,,,,,,,,,,,,,,,,,,,,,,,,,,,,,,,,,,,,,,,,,,,,,,,,39.3,36.4,75.7,,,,,,
1960-09-30,,,,,,,,,,,,,,,,,,53.4,,,,,,,,,76.9,,,,,,,,,,,,,,,,,,,,,,,,,,,,,,,,,,,,,,,,,,,,,,,,,,,,,,,,,26.3,,,,,,,,,,,,,,,,,,,,,,,,,,,,,,,,,,,,,,,,,,,,,,,,,,,,39.8,36.4,76.1,,,,,,
1960-12-31,,,,,,,,,,,,,,,30.5,,,53.7,,,,,,,,,78.8,,,128.9,,,,,,,,,,,,,,,63.2,,,,,,,,,,,,,,,,,,,,,,,,,,,,,,,,,,,,,,,25.6,8.2,52.3,53.5,,,,,,,,,,,,,,,,,,,,,116.2,,,27.9,,,,,,63.6,,,,,,,,,,,,,,,,,,,40.5,37.0,77.5,,,,,,
1961-03-31,,,,,,,,,,,,,,,30.8,,,53.4,,,,,,,,,76.7,,,129.4,,,,,,,,,,,,,,,63.8,,,,,,,,,,,,,,,,,,,,,,,,,,,,,,,,,,,,,,,26.0,8.4,53.6,54.9,,,,,,,,,,,,,,,,,,46.9,,,117.2,,,32.9,,,,,,62.7,,,,,,,,,106.7,,,,,,,,,,40.6,37.3,77.9,,,,,,
1961-06-30,,,,,,,,,,,,,,,31.7,,,54.1,,,,,,,,,77.4,,,129.3,,,,,,,,,,,,,,,64.8,,,,,,,,,,,,,,,,,,,,,,,,,,,,,,,,,,,,,,,25.6,8.6,54.6,56.1,,,,,,,,,,,,,,,,,,46.5,,,117.6,,,30.9,,,,,,61.6,,,,,,,,,105.6,,,,,,,,,,41.5,37.8,79.2,,,,,,
1961-09-30,,,,,,,,,,,,,,,31.8,,,54.8,,,,,,,,,77.8,,,127.9,,,,,,,,,,,,,,,65.9,,,,,,,,,,,,,,,,,,,,,,,,,,,,,,,,,,,,,,,24.8,8.8,55.7,57.1,,,,,,,,,,,,,,,,,,48.0,,,117.8,,,30.2,,,,,,60.4,,,,,,,,,105.2,,,,,,,,,,41.8,37.9,79.7,,,,,,
1961-12-31,,,,,,,,,,,,,,,32.0,,,55.5,,,,,,,,,79.6,,,130.6,,,,,,,,,,,,,,,66.9,,,,,,,,,,,,,,,,,,,,,,,,,,,,,,,,,,,,,,,25.1,8.8,56.5,57.8,,,,,,,,,,,,,,,,,,50.2,,,117.9,,,29.1,,,,,,59.3,,,,,,,,,103.8,,,,,,,,,,42.3,38.2,80.5,,,,,,
1962-03-31,,,,,,,,,,,,,,,32.5,,,55.8,,,,,,,,,78.1,,,131.3,,,,,,,,,,,,,,,67.2,,,,,,,,,,,,,,,,,,,,,,,,,,,,,,,,,,,,,,,26.3,8.7,57.6,59.2,,,,,,,,,,,,,,,,,,52.3,,,117.8,,,30.4,,,,,,60.4,,,,,,,,,104.0,,,,,,,,,,41.6,37.8,79.5,,,,,,
1962-06-30,,,,,,,,,,,,,,,32.8,,,55.5,,,,,,,,,82.3,,,130.5,,,,,,,,,,,,,,,68.1,,,,,,,,,,,,,,,,,,,,,,,,,,,,,,,,,,,,,,,26.6,8.7,58.8,60.5,,,,,,,,,,,,,,,,,,53.0,,,117.8,,,26.3,,,,,,61.6,,,,,,,,,104.4,,,,,,,,,,42.0,38.1,80.1,,,,,,
1962-09-30,,,,,,,,,,,,,,,32.9,,,55.0,,,,,,,,,83.1,,,129.8,,,,,,,,,,,,,,,68.6,,,,,,,,,,,,,,,,,,,,,,,,,,,,,,,,,,,,,,,25.8,9.0,60.1,61.8,,,,,,,,,,,,,,,,,,53.4,,,117.9,,,26.2,,,,,,62.7,,,,,,,,,105.2,,,,,,,,,,42.3,38.0,80.3,,,,,,
1962-12-31,,,,,,,,,,,,,,,33.0,,,54.3,,,,,,,,,80.4,,,130.5,,,,,,,,,,,,,,,69.7,,,,,,,,,,,,,,,,,,,,,,,,,,,,,,,,,,,,,,,25.8,9.6,61.4,62.8,,,,1.9,28.1,26.3,,,,,,,,,,,,54.8,,,118.1,,,27.0,,,,,,63.7,,,,,,,,,106.1,,,,,,,,,,43.0,38.5,81.6,,,,,,
1963-03-31,,,,,,,,,,,,,,,33.7,,,54.4,,,,,,,,,77.4,,,128.6,,,,,,,,,,,,,,,70.6,,,,,,,,,,,,,,,,,,55.4,,,,,,,,,,,,,,,,,,,,,25.9,10.6,62.6,64.2,,,,2.0,28.5,26.9,,,,,,,,,,,,56.3,,,118.0,,,27.7,,,,,,64.6,,,,,,,,,108.7,,,,,,,,,,43.0,38.6,81.6,,,,,,
1963-06-30,,,,,,,,,,,,,,,34.1,,,54.9,,,,,,,,,78.3,,,129.2,,,,,,,,,,,,,,,71.9,,,,,,,,,,,,,,,,,,54.7,,,,,,,,,,,,,,,,,,,,,25.8,11.7,63.4,65.3,,,,2.0,28.7,27.1,,,,,,,,,,,,56.7,,,117.9,,,26.5,,,,,,65.3,,,,,,,,,110.4,,,,,,,,,,44.0,39.1,83.1,,,,,,
1963-09-30,,,,,,,,,,,,,,,33.9,,,54.7,,,,,,,,,77.5,,,128.4,,,,,,,,,,,,,,,72.4,,,,,,,,,,,,,,,,,,53.8,,,,,,,,,,,,,,,,,,,,,24.8,12.7,63.8,66.1,,,,2.0,27.8,26.3,,,,,,,,,,,,57.8,,,117.6,,,27.3,,,,,,66.0,,,,,,,,,110.8,,,,,,,,,,44.5,39.0,83.6,,,,,,
1963-12-31,,,,,,,,,,,,,,,34.2,,,54.7,,,,,,,,,78.5,,,129.1,,,,,,,,,,,,,,,73.6,,,,,,,,,,,,,,,,,,52.7,,,,,,,,,,,,,,,,,,,,,24.8,13.4,63.7,66.8,,,,1.6,25.6,23.7,,,,,,,,,,,,58.8,,,117.1,,,26.3,,,,,,66.7,,,,,,,,,110.3,,,,,,,,,,45.2,39.6,84.8,,,,,,
1964-03-31,,,,,,,,,,,,,,,34.1,,,55.1,,,,,,,,,77.1,,,132.9,,,,,,,,,,,,,,,72.7,,,,,,,,,,,,,,,,,,60.0,,,,,,,,,,,,,,,,,,,,,24.6,13.6,63.2,66.0,,,,1.5,24.6,22.9,,,,,,,,,,,,59.6,,,116.9,,,29.4,,,,,,68.1,,,,,,,,,112.4,,,,,,,,,,45.0,39.3,84.3,,,,,,
1964-06-30,,,,,,,,,,,,,,,34.9,,,54.9,,,,,,,,,79.4,,,132.2,,,,,,,,,,,,,,,73.7,,,,,,,,,,,,,,,,,,58.7,,,,,,,,,,,,,,,,,,,,,24.2,13.6,62.9,65.8,,,,1.6,23.6,22.2,,,,,,,,,13.3,,,60.1,,,116.5,,,27.3,,,,,,69.5,,,,,,,,,111.9,,,,,,,,,,45.6,39.7,85.2,,,,,,
1964-09-30,,,,,,,,,,,,,,,35.4,,,55.2,,,,,,,,,79.0,,,130.1,,,,,,,,,,,,,,,74.4,,,,,,,,,,,,,,,,,,57.4,,,,,,,,,,,,,,,,,,,,,23.3,13.4,62.9,65.9,,,,1.6,22.5,21.2,,,,,,,,,13.5,,,60.3,,,115.9,,,26.8,,,,,,70.8,,,,,,,,,111.8,,,,,,,,,,45.8,39.6,85.3,,,,,,
1964-12-31,,,,,,,,,,,,,,,36.3,,,55.3,,,,,,,,,80.1,,,130.8,,,,,,,,,,,,,,,75.2,,,,,,,,,,,,,,,,,,56.2,,,,,,,,,,,,,,,,,,,,,23.3,13.4,63.1,66.3,20.1,90.7,110.8,1.4,20.8,19.5,,,,,,,,,13.3,,,59.6,,,115.1,,,26.1,,,,,,71.8,,,,,,,,,110.6,,,,,,,,,,46.3,40.1,86.4,,,,,,
1965-03-31,,,,,,,,,,,,,,,37.2,,,56.1,,,,,,,,,79.5,,,130.4,,,,,,,,,,,,,,,75.3,,,,,,,,,,,,,,,,,,62.7,,,,,,,,,,,,,,,,,,,,,23.6,13.4,63.6,67.1,20.1,91.5,111.6,1.4,20.8,19.5,,,,,,,,,16.8,,,60.5,,,113.9,,,29.6,,,,,,72.5,,,,,,,,,111.1,,,,,,,,,,46.0,40.3,86.3,,,,,,62.4
1965-06-30,,,,,,,,,,,,,,,38.1,,,57.0,,,,,,,,,83.0,,,130.7,,,,,,,,,,,,,,,76.3,,,,,,,,,,,,,,,,,,61.7,,,,,,,,,,,,,,,,,,,,,24.2,13.5,64.0,67.6,19.9,91.7,111.5,1.5,21.6,20.4,,,,,,,,,16.0,,,60.0,,,112.8,,,28.7,,,,,,73.0,,,,,,,,,112.2,,,,,,,,,,46.5,40.8,87.3,,,,,,63.0
1965-09-30,,,,,,,,,,,,,,,38.2,,,58.0,,,,,,,,,84.4,,,131.1,,,,,,,,,,,,,,,76.4,,,,,,,,,,,,,,,,,,60.4,,,,,,,,,,,,,,,,,,,,,23.9,13.7,64.4,67.9,20.6,93.5,114.0,1.5,22.2,20.9,,,,,,,,,15.4,,,60.3,,,111.7,,,28.6,,,,,,73.5,,,,,,,,,111.2,,,,,,,,,,46.5,40.7,87.3,,,,,,61.6
1965-12-31,,,,,,,,,,,,,,,39.5,,,59.3,,,,,,,,,86.0,,,132.6,,,,,,,,,,,,,,,77.1,,,,,,,,,,,,,,,,,,59.4,,,,,,,,,,,,,,,,,,,,,24.5,13.8,64.6,67.9,21.6,96.2,117.8,2.0,24.4,23.5,,,,,,,,,14.9,,,61.4,,,110.9,,,27.6,,,,,,74.0,,,,,,,,,111.0,,,,,,,,,,46.6,40.9,87.5,,,,,,60.0
1966-03-31,,,,,,,,,,,,,,,40.0,,,60.2,,,,,,,,,82.6,,,131.8,,,,,,,,,,,,,,,77.2,,,,,,,,,,,,,,,,,,58.5,,,,,,,,,,,,,,,,,,,,,24.9,13.9,65.2,68.7,21.7,96.5,118.2,2.2,24.4,23.9,,,,,,,,,15.9,,,63.7,,,111.5,,,31.6,,,,,,73.4,,,,,,,,,112.5,,,,,,,,,,45.8,41.0,86.8,,,,,,57.1
1966-06-30,,,,,,,,,,,,,,,40.9,,,61.0,,,,,,,,,82.7,,,132.2,,,,,,,,,,,,,,,78.2,,,,,,,,,,,,,,,,,,57.4,,,,,,,,,,,,,,,,,,,,,25.0,14.1,65.8,69.5,21.8,94.6,116.4,2.7,24.9,25.0,,,,,,,,,15.5,,,63.1,,,112.2,,,29.9,,,,,,73.9,,,,,,,,,113.1,,,,,,,,,,45.9,41.6,87.5,,,,,,56.7
1966-09-30,,,,,,,,,,,,,,,41.4,,,61.1,,,,,,,,,81.4,,,132.4,,,,,,,,,,,,,,,78.1,,,,,,,,,,,,,,,,,,63.5,,,,,,,,,,,,,,,,,,,,,24.0,14.2,66.3,70.0,22.5,95.0,117.5,3.0,25.0,25.7,,,,,,,,,15.5,,,63.0,,,112.9,,,29.5,,,,,,76.0,,,,,,,,,112.7,,,,,,,,,,45.4,41.4,86.8,,,,,,57.1
1966-12-31,,,,,,,,,,,,,,,42.1,,,61.0,,,,,,,,,81.3,,,133.2,,,,,,,,,,,,,,,78.4,,,112.7,,,,,,,,,,,,,32.9,,62.4,,,,,,,,,,,,,,,,,,,,,24.1,14.4,67.2,70.7,22.8,95.6,118.4,3.3,25.0,26.0,,,,,,,,,15.7,,,63.3,,,113.3,,,28.7,,,,,,77.6,,,,,,,,,112.2,,,,,,,,,,45.3,41.6,86.9,,,,,,57.4
1967-03-31,,,,,,,,,,,,,,,42.7,,,60.9,,,,,,,,,81.2,,,132.0,,,,,,,,,,,,,,,78.6,,,114.1,,,,,,,,,,,,,32.3,,61.3,,,,,,,,,,,,,,,,,,,,,23.9,14.5,67.9,71.4,22.8,94.7,117.5,3.5,25.7,27.1,,,,,,,,,16.6,,,64.3,,,113.1,,,31.2,,,,,,76.0,,,,,,,,,112.3,,,,,,,,,,44.6,41.9,86.5,,,,,,58.3
1967-06-30,,,,,,,,,,,,,,,43.1,,,61.1,,,,,,,,,81.2,,,132.4,,,,,,,,,,,,,,,80.0,,,114.8,,,,,,,,,,,,,31.8,,60.3,,,,,,,,,,,,,,,,,,,,,23.2,14.6,68.4,72.0,23.0,94.0,117.0,4.2,28.1,30.2,,,,,,,,,16.6,,,65.3,,,112.8,,,29.6,,,,,,75.8,,,,,,,,,113.2,,,,,,,,,,44.8,42.6,87.5,,,,,,58.2
1967-09-30,,,,,,,,,,,,,,,43.1,,,61.7,,,,,,,,,83.2,,,132.5,,,,,,,,,,,,,,,81.1,,,115.2,,,,,,,,,,,,,33.4,,63.4,,,,,,,,,,,,,,,,,,,,,22.2,14.9,69.2,72.7,23.1,94.8,118.0,5.0,31.2,34.1,,,,,,,,,16.7,,,66.5,,,112.4,,,28.8,,,,,,74.9,,,,,,,,,113.9,,,,,,,,,,44.9,42.7,87.7,,,,,,58.0
1967-12-31,,,,,,,,,,,,,,,43.2,,,62.3,,,,,,,,,85.9,,,135.1,,,,,,,,,,,,,,,82.4,,,115.3,,,,,,,,,,,,,33.1,,62.8,,,,,,,,,,,,,,,,,,,,,22.5,15.1,69.5,73.2,23.8,95.4,119.2,5.4,32.6,35.9,,,,,,,,,16.8,,,68.4,,,112.3,,,27.0,,,,,,73.8,,,,,,,,,114.9,,,,,,,,,,46.8,43.1,89.9,,,,,,57.3
1968-03-31,,,,,,,,,,,,,,,42.9,,,63.5,,,,,,,,,86.2,,,136.9,,,,,,,,,,,,,,,82.6,,,116.2,,,,,,,,,,,,,32.4,,61.5,,,,,,,,,,,,,,,,,,,,,22.8,15.4,70.1,73.9,23.6,94.5,118.1,5.2,32.3,35.4,,,,,,,,,18.8,,,68.9,,,112.7,,,29.8,,,,,,72.0,,,,,,,,,117.3,,,,,,,,,,44.9,43.4,88.3,,,,,,56.4
1968-06-30,,,,,,,,,,,,,,,43.6,,,64.3,,,,,,,,,87.3,,,139.2,,,,,,,,,,,,,,,83.5,,,117.0,,,,,,,,,,,,,33.8,,64.2,,,,,,,,,,,,,,,,,,,,,23.2,15.7,70.6,74.7,23.5,93.2,116.7,5.3,33.1,36.1,,,,,,,,,19.3,,,69.4,,,113.3,,,31.1,,,,,,74.0,,,,,,,,,118.7,,,,,,,,,,45.3,43.7,88.9,,,,,,55.6
1968-09-30,,,,,,,,,,,,,,,43.5,,,64.9,,,,,,,,,87.8,,,139.3,,,,,,,,,,,,,,,83.5,,,117.5,,,,,,,,,,,,,33.0,,62.6,,,,,,,,,,,,,,,,,,,,,22.9,16.0,71.0,75.2,24.0,92.7,116.7,6.0,36.9,40.5,,,,,,,,,19.4,,,71.0,,,113.8,,,29.9,,,,,,74.4,,,,,,,,,120.1,,,,,,,,,,45.0,43.5,88.5,,,,,,56.0
1968-12-31,,,,,,,,,,,,,,,44.6,,,64.9,,,,,,,,,89.9,,,141.9,,,,,,,,,,,,,,,85.4,,,117.7,,,,,,,,,,,,,32.0,,60.6,,,,,,,,,,,,,,,,,,,,,23.2,16.2,71.5,75.6,24.4,92.6,116.9,6.7,40.1,44.1,,,,,,,,,19.6,,,72.9,,,114.3,,,28.8,,,,,,77.2,,,,,,,,,121.3,,,,,,,,,,45.4,43.9,89.3,,,,,,56.6
1969-03-31,,,,,,,,,,,,,,,45.0,,,64.5,,,,,,,32.9,51.9,84.3,,,143.6,,,,,,,,,,,,,,,85.4,,,118.7,,,,,,,,,,,,,31.4,,59.5,,,,,,,,,,,,,,,,,,,,,24.1,16.2,71.9,76.1,24.2,92.2,116.4,7.7,42.9,48.2,,,,,,,,,20.2,,,72.9,,,116.2,,,31.6,,,,,,76.5,,,,,,,,,123.0,,,,,,,,,,44.2,44.1,88.3,,,,,,57.6
1969-06-30,,,,,,,,,,,,,,,46.4,,,64.1,,,,,,,33.4,52.9,85.8,,,147.0,,,,,,,,,,,,,,,85.6,,,119.5,,,,,,,,,,,,,32.5,,61.7,,,,,,,,,,,,,,,,,,,,,24.6,16.2,72.2,76.4,24.5,91.5,116.0,8.8,46.1,52.7,,,,,,,,,19.5,,,74.0,,,117.7,,,29.5,,,,,,79.2,,,,,,,,,125.2,,,,,,,,,,44.5,44.8,89.4,,,,,,57.4
1969-09-30,,,,,,,,,,,,,,,46.8,,,63.5,,,,,,,33.6,53.2,86.2,,,148.8,,,,,,,,,,,,,,,85.5,,,120.3,,,,,,,,,,,,,31.9,,60.5,,,,,,,,,,,,,,,,,,,,,23.6,16.2,72.6,76.7,24.8,91.7,116.5,9.5,47.4,54.9,,,,,,,,,19.4,,,74.6,,,118.7,,,29.4,,,,,,80.5,,,,,,,,,123.4,,,,,,,,,,44.2,45.0,89.2,,,,,,57.6
1969-12-31,,,,,,,,,,,,,,,47.6,,,63.3,,,,,,,34.0,53.0,86.6,,,147.6,,,,,,,,,,,,,,,88.0,,,121.1,,,,,,,,,95.7,,,,31.3,,59.4,,,,,,,,,,,,,,,,,,,,,23.9,16.3,73.6,77.7,25.6,93.1,118.8,9.5,45.9,53.6,,,,,,,,,22.1,,,75.8,,,119.1,,,30.2,,,,,,85.6,,,,,,,,,119.2,,,,,,,,,,44.5,45.4,90.0,,,,,,58.2
1970-03-31,,,,,,,,,,,,,,,47.8,,,62.9,,,,,,,33.5,52.1,85.1,,,146.6,,,,,,,,,,,,,,,87.0,,,121.4,,,77.7,,,,,,94.3,,,,30.6,,58.0,,,,,,,,,,,,,,,,,,,,,24.6,16.4,73.9,78.1,25.3,91.0,116.4,9.3,43.4,51.0,,,,,,,,,23.6,,,77.5,,,118.1,,,32.9,,,,,,84.2,,,,,,,,,119.0,,,,,,,,,,43.2,46.0,89.2,,,,,,58.2
1970-06-30,,,,,,,,,,,,,,,48.5,,,62.4,,,,,,,33.7,51.6,84.9,,,146.5,,,,,,,,,,,,,,,86.7,,,122.0,,,78.0,,,,,,93.9,,,,31.3,,59.4,,,,,,,,,,,,,,,,,,,,,25.6,16.5,73.9,78.2,25.2,90.4,115.6,9.7,43.6,51.7,,,,,,,,,24.0,,,77.9,,,116.7,,,31.8,,,,,,86.4,,,,,,,,,117.0,,,,,,,,,,43.2,47.0,90.2,,,,,,58.2
1970-09-30,,,,,,,,,,,,,,,48.4,,,62.3,,,,,,,33.8,52.1,85.5,,,145.1,,,,,,,,,,,,,,,85.9,,,122.7,,,78.3,,,,,,93.6,,,,30.3,,57.5,,,,,,,,,,,,,,,,,,,,,25.5,16.6,73.7,78.1,25.5,90.7,116.1,10.4,44.6,53.3,,,,,,,,,24.7,,,77.4,,,115.2,,,32.0,,,,,,88.1,,,,,,,,,113.7,,,,,,,,,,43.2,47.4,90.6,,,,,,58.7
1970-12-31,,,,,,,,,,,,,,,49.5,,,62.3,,,77.7,,,,34.4,52.0,86.2,,,146.5,,,,,,,,,,,,,35.4,53.5,86.9,,,123.3,,,80.8,17.8,72.9,89.2,,,98.8,,,,30.9,,58.6,,,35.5,,,,6.6,28.8,35.3,,,,,,,,,,,,26.5,16.7,73.2,77.5,26.2,92.7,118.8,10.9,45.4,54.6,,,,,,,,,25.2,,,78.2,,,113.9,,,31.0,,,,,,86.6,,,,,,,,,112.2,,,81.3,,,38.1,,,,43.5,47.9,91.4,,,,,,59.5
1971-03-31,,,,,,,,,,,,,,,49.4,,,62.2,,,77.3,,,,34.3,52.6,86.6,,,144.9,,,,,,,,,,,,,34.7,52.8,85.5,,,123.4,,,81.0,18.3,66.9,85.4,,,98.4,,,,30.0,,56.9,,,36.0,,,,6.5,29.6,36.2,,,,,,,,,,,,27.6,16.9,73.5,78.1,26.4,93.6,120.0,11.0,46.3,55.5,,,,,,,,,26.4,,,77.1,,,113.7,,,34.2,,,,,,85.5,,,,,,,,,110.8,,,82.6,,,38.9,,,,42.9,48.0,90.9,,,,,,58.9
1971-06-30,,,,,,,,,,,,,,,51.0,,,62.3,,,78.1,,,,34.9,53.2,87.8,,,144.3,,,,,,,,,,,,,34.9,53.2,86.0,,,123.3,,,81.7,18.6,63.2,82.6,,,99.4,,,,29.1,,55.2,,,37.5,,,,6.7,30.5,37.3,,,,,,79.7,,,,,,27.1,17.2,74.5,79.3,26.9,95.5,122.3,11.0,46.5,55.7,,,,,,,,,26.4,,,77.0,,,113.8,,,32.1,,,,,,87.5,,,,,,,,,111.7,,,80.5,,,38.9,,,,43.3,48.6,91.8,,,,,,59.9
1971-09-30,,,,,,,,,,,,,,,51.2,,,61.9,,,77.7,,,,35.4,53.9,89.0,,,141.1,,,,,,,,,,,,,35.2,53.7,86.8,,,123.1,,,81.4,18.9,62.0,81.3,,,99.6,,,,29.6,,56.2,,,38.2,,,,6.9,31.4,38.3,,,,,,79.7,,,,,,27.0,17.6,75.9,80.6,27.6,98.6,126.2,11.3,48.2,57.8,,,,,,,,,27.4,,,77.6,,,113.9,,,30.6,,,,,,89.5,,,,,,,,,110.8,,,82.7,,,39.8,,,,43.5,48.7,92.1,,,,,,58.6
1971-12-31,,,,,,,,,,,,,,,53.2,,,61.7,,,78.7,,,,36.3,53.7,89.9,,,141.2,,,,,,,,,,,,,36.1,54.7,88.8,,,122.5,,,83.1,19.2,62.8,81.1,,,102.9,,,,30.1,,57.1,,,39.1,,,,7.1,32.2,39.3,,,,,,78.7,,,,,,28.2,17.9,77.1,81.7,29.1,102.8,131.9,11.3,48.5,58.0,,,,,,,,,27.1,,,79.0,,,114.1,,,29.4,,,,,,95.6,,,,,,,,,111.4,,,82.9,,,40.4,,,,43.9,48.6,92.5,,,,,,56.7
1972-03-31,,,,,,,,,,,,,,,53.3,,,62.1,,,77.7,,,,36.2,54.0,90.1,,,138.7,,,,,,,,,,,,,36.0,54.7,88.6,,,124.0,,,82.4,17.4,64.2,80.9,,,103.2,,,,31.9,,60.6,,,39.5,,,,7.1,32.0,39.1,,,,,,76.1,,,,,,28.7,17.9,78.0,82.7,29.1,103.6,132.7,11.3,49.0,58.5,,,,,,,,,27.9,,,78.8,,,114.7,,,31.5,,,,,,98.3,,,,,,,,,112.5,,,84.5,,,40.2,,,,43.6,48.9,92.5,,,,,,56.1
1972-06-30,,,,,,,,,,,,,,,54.4,,,62.2,,,78.6,,,,37.0,54.0,91.1,,,138.8,,,,,,,,,,,,,36.7,55.4,90.0,,,125.1,,,83.7,15.9,66.6,81.5,,,106.0,,,,32.3,,61.3,,,40.7,,,,7.3,31.9,39.2,,,,,,73.2,,,,,,29.2,18.1,78.9,83.7,29.5,103.8,133.3,11.3,49.5,59.0,,,,,,,,,27.6,,,80.9,,,115.2,,,28.6,,,,,,100.5,,,,,,,,,113.7,,,85.2,,,39.2,,,,44.2,49.5,93.7,,,,,,53.8
1972-09-30,,,,,,,,,,,,,,,54.9,,,62.7,,,78.6,,,,37.8,54.2,92.2,,,137.4,,,,,,,,,,,,,36.8,55.5,90.2,,,125.7,,,84.5,14.3,69.4,82.3,,,106.4,,,,34.1,,64.7,,,41.2,,,,7.5,31.7,39.2,,,,,,75.4,,,,,,28.1,18.6,79.8,84.8,30.5,106.0,136.4,11.4,50.1,59.7,,,,,,,,,29.1,,,81.5,,,115.6,,,29.3,,,,,,102.3,,,,,,,,,113.7,,,89.7,,,40.6,,,,44.4,49.4,93.9,,,,,,55.5
1972-12-31,,,,,,,,,,,,,,,56.3,,,62.6,,,80.6,,,,38.8,54.0,93.3,,,138.4,,,,,,,,,,,,,37.9,56.6,92.4,,,126.0,,,86.8,12.8,71.9,83.0,,,109.6,,,,34.3,,65.0,,,42.5,,,,7.6,31.5,39.1,,,,,,73.1,,,,,,29.1,19.5,80.5,85.7,32.0,108.8,140.8,10.9,48.2,57.3,,,,,,,,,29.1,,,82.4,,,115.8,,,29.9,,,,,,105.5,,,,,,,,,112.5,,,95.9,,,41.3,,,,44.7,50.0,94.6,,,,,,56.5
1973-03-31,,,,,,,,,,,,,,,55.1,,,64.6,,,80.7,,,,38.7,54.5,93.5,,,135.1,,,,,,,,,,,,,38.1,56.5,92.6,,,128.0,,,87.1,13.0,73.7,83.2,,,108.1,,,,33.9,,64.2,,,41.5,,,,7.6,31.6,39.2,,,,,,74.8,,,,,,30.4,20.7,80.4,86.7,32.5,107.9,140.4,11.0,48.1,57.4,,,,,,,,,30.7,,,84.2,,,115.9,,,32.8,,,,,,108.3,,,,,,,,,112.9,,,106.0,,,42.4,,,,44.3,50.4,94.8,,,,,,57.2
1973-06-30,,,,,,,,,,,,,,,55.1,,,66.2,,,81.5,,,,39.5,54.8,94.8,,,133.6,,,,,,,,,,,,,38.5,56.6,93.0,,,129.6,,,88.7,13.2,75.1,83.9,,,109.8,,,,35.0,,66.3,,,41.0,,,,7.7,31.5,39.3,,,,,,71.8,,,,,,29.8,21.8,79.2,86.2,32.7,106.4,139.2,11.3,48.7,58.2,,,,,,,,,31.2,,,86.3,,,115.8,,,34.1,,,,,,106.6,,,,,,,,,113.2,,,103.8,,,42.7,,,,44.5,51.3,95.8,,,,,,59.2
1973-09-30,,,,,,,,,,,,,,,54.6,,,67.1,,,82.0,,,,39.9,54.3,94.8,,,133.4,,,,,,,,,,,,,38.5,56.4,92.9,,,131.2,,,89.7,13.2,74.6,84.0,,,109.5,,,,34.8,,65.9,,,39.7,,,,7.9,31.5,39.4,,,,,,73.8,,,,,,28.3,22.3,77.4,84.6,33.5,105.6,139.1,11.5,48.6,58.4,,,,,,,,,32.5,,,90.2,,,115.4,,,35.3,,,,,,108.0,,,,,,,,,113.0,,,104.5,,,44.2,,,,44.7,51.6,96.2,,,,,,59.9
1973-12-31,,,,,,,,,,,,,,,55.1,,,67.1,,,82.3,,,,40.1,54.7,95.4,,,134.8,,,,,,,,,,,,,38.9,56.7,93.6,,,132.8,,,91.2,13.1,71.7,83.0,,,110.7,,,,33.7,,63.9,,,39.3,,,,8.0,31.6,39.6,,,,,,75.4,,,,,,29.9,22.2,76.2,83.0,34.6,104.7,139.3,11.6,48.6,58.5,,,,,,,,,35.5,,,92.3,,,114.7,,,35.1,,,,,,115.0,,,,,,,,,113.0,,,105.9,,,45.9,,,,44.7,51.7,96.3,,,,,,59.9
1974-03-31,,,,,,,,,,,,,,,54.4,,,68.4,,,81.7,,,,39.7,55.0,95.2,,,133.3,,,,,,,,,,,,,38.5,56.7,93.2,,,133.7,,,89.5,16.4,67.4,82.3,,,108.2,,,,34.3,,65.0,,,38.4,,,,8.1,32.5,40.6,,,,,,77.8,,,,,,29.8,21.3,75.1,81.7,34.4,103.1,137.5,11.9,47.8,58.1,,,,,,,,,35.8,,,93.1,,,114.1,,,39.3,,,,,,112.7,,,,,,,,,114.1,,,103.0,,,45.1,,,,44.1,52.2,96.3,,,,,,59.9
1974-06-30,,,,,,,,,,,,,,,54.2,,,69.9,,,80.8,,,,40.2,55.6,96.3,,,131.9,,,,,,,,,,,,,38.6,57.3,93.7,,,134.9,,,89.6,19.1,62.0,80.7,,,107.2,,,,34.2,,64.8,,,39.0,,,,8.3,33.5,41.9,,,,,,78.8,,,,,,29.8,20.0,74.3,80.4,34.2,100.8,135.0,12.4,47.8,58.6,,,,,,,,,36.4,,,95.2,,,113.3,,,39.5,,,,,,109.6,,,,,,,,,115.6,,,99.9,,,45.4,,,,44.6,53.4,97.9,,,,,,59.4
1974-09-30,,,,,,,,,,,,,,,54.1,,,71.1,,,79.8,,,,39.8,56.1,96.3,,,131.4,,,,,,,,,,,,,38.4,57.5,93.7,,,136.0,,,90.6,21.7,58.3,80.4,,,106.2,,,,33.8,,64.1,,,39.7,,,,8.6,34.6,43.2,,,,,,80.9,,,,,,28.4,18.8,73.6,79.0,33.9,98.9,132.7,13.2,49.2,60.7,,,,,,,,,36.4,,,96.9,,,112.4,,,39.2,,,,,,108.9,,,,,,,,,113.7,,,95.0,,,47.3,,,,44.8,53.6,98.4,,,,,,58.6
1974-12-31,,,,,,,,,,,,,,,55.4,,,72.3,,,79.3,,,,40.0,56.4,96.7,,,113.7,,,,,,,,,,,,,38.5,58.1,94.4,,,137.2,,,92.9,24.0,56.0,79.9,,,108.6,,,,32.3,,61.3,,,40.8,,,,8.9,35.5,44.4,,,,,,84.2,,,,,,28.9,18.1,72.9,77.8,34.3,98.8,133.1,13.4,48.8,60.4,,,,,,,,,35.2,,,98.0,,,111.5,,,38.4,,,,,,112.5,,,,,,,,,111.5,,,90.6,,,47.4,,,,44.7,53.9,98.6,,,,,,58.4
1975-03-31,,,,,,,,,,,,,,,55.6,,,72.3,,,78.5,,,,39.7,57.4,97.3,,,115.1,,,,,,,,,,,,,38.1,57.8,93.7,,,138.0,,,93.4,23.0,57.8,80.5,,,107.0,,,,31.4,,59.5,,,40.9,,,,9.0,35.7,44.6,,,,,,83.0,,,,,,30.5,18.1,72.7,77.6,33.9,98.1,132.0,12.5,45.7,56.6,,,,,,,,,36.2,,,97.9,40.9,76.7,114.8,,,40.4,,,,,,111.3,,,,,,,,,109.9,,,89.0,,,46.9,,,,43.8,53.4,97.2,,,,,,58.6
1975-06-30,,,,,,,,,,,,,,,57.3,,,71.8,,,79.4,,,,40.4,58.0,98.6,,,118.2,,,,,,,,,,,,,38.3,58.2,94.2,,,138.7,,,94.5,21.9,59.0,80.5,,,106.2,,,,31.3,,59.3,,,41.8,,,,9.2,35.7,44.9,,,,,,79.8,,,,,,30.7,18.6,72.8,77.9,34.1,98.0,132.1,12.4,44.5,55.4,,,,,,,,,36.0,,,98.2,40.9,78.7,116.4,,,39.2,,,,,,112.7,,,,,,,,,109.0,,,89.0,,,48.1,,,,43.8,53.1,96.9,,,,,,57.7
1975-09-30,,,,,,,,,,,,,,,57.7,,,71.7,,,79.8,,,,41.1,57.6,99.1,,,119.8,,,,,,,,,,,,,38.4,58.4,94.5,,,139.1,,,94.9,21.1,60.7,81.2,,,105.8,,,,29.8,,56.5,,,42.2,,,,9.5,35.7,45.2,,,,,,79.8,,,,,,31.0,19.2,73.1,78.5,34.8,99.3,134.1,12.4,44.1,55.0,,,,,,,,,36.9,,,98.7,40.7,79.0,116.5,,,39.8,,,,,,112.4,,,,,,,,,106.1,,,93.9,,,50.0,,,,44.0,52.1,96.2,,,,,,57.6
1975-12-31,,,,,,,,,,,,,,,59.1,,,71.6,,,82.5,,,,41.8,57.1,99.6,,,125.7,,,,,,,,,,,,,39.3,59.3,96.4,,,138.8,,,96.7,20.4,62.7,82.4,,,109.5,,,,30.5,,57.9,,,42.7,,,,9.8,35.6,45.4,,,,,,79.0,,,,,,32.9,19.6,73.0,78.7,36.1,101.3,137.4,12.9,42.2,53.6,,,,,,,,,39.3,,,99.9,40.7,81.5,118.5,,,39.6,,,,,,114.6,,,,,,,,,105.4,,,95.3,,,52.1,,,,44.4,51.5,95.9,,,,,,56.8
1976-03-31,,,,,,,,,,,,,,,59.2,,,71.5,,,82.8,,,,41.2,57.8,99.4,,,125.9,,,,,,,,,,,,,38.8,58.5,95.1,,,137.7,,,96.0,20.6,63.1,82.9,,,108.1,,,,30.4,28.9,57.7,,,42.2,,,,9.8,36.4,46.2,,,26.2,,,75.6,,,,,,35.3,19.1,72.7,78.2,36.3,100.8,137.1,11.9,42.5,52.9,,,,,,,,,41.4,,,100.0,40.7,83.4,120.1,,,40.0,,,,,,111.4,,,,,,,,,104.8,,,95.1,,,53.4,,,,43.6,50.6,94.2,,,,,,56.4
1976-06-30,,,,,,,,,,,,,,,60.5,,,71.3,,,83.2,,,,41.4,57.5,99.3,,,128.1,,,,,,,,,,,,,39.1,58.5,95.4,,,136.3,,,97.5,20.9,63.6,83.7,,,107.2,,,,29.9,29.3,57.2,,,42.9,,,,10.0,37.2,47.3,,,26.4,,,74.1,,,,,,35.7,17.8,70.2,74.3,36.5,100.0,136.5,11.7,40.6,51.0,,,,,,,,,42.4,,,103.1,41.0,85.1,121.8,,,37.6,,,,,,110.0,,,,,,,,,107.0,,,93.1,,,52.0,,,,43.9,50.3,94.2,,,,,,55.5
1976-09-30,,,,,,,,,,,,,,,61.6,,,71.0,,,83.1,,,,41.8,57.3,99.7,,,128.3,,,,,,,,,,,,,39.2,58.2,95.3,,,134.9,,,97.5,20.8,63.2,83.2,,,106.4,,,,29.9,29.5,57.4,,,43.1,,,,10.4,38.0,48.3,,,26.3,,,73.4,,,,,,36.5,17.3,68.6,72.8,36.9,99.9,136.8,11.9,40.9,51.5,,,,,,,,,43.6,,,104.6,41.0,86.2,122.8,,,38.9,,,,,,108.0,,,,,,,,,106.9,,,94.7,,,52.0,,,,44.2,50.0,94.1,,,,,,55.2
1976-12-31,,,,,,,,,,,,,,,65.1,,,70.9,,,84.2,,,,42.7,57.1,100.5,,,133.2,,,,,,,,,,,,,39.9,58.6,96.4,,,133.9,,,98.5,21.1,63.5,83.9,,,107.6,,,,29.9,31.1,58.3,,,43.7,,,,10.6,38.6,49.2,,,26.1,,,73.9,,,,,,39.4,16.9,67.0,71.7,37.9,100.6,138.5,12.3,39.6,50.7,,,,,,,,,43.0,,,105.6,41.0,87.5,123.8,,,39.4,,,,,,116.2,,,,,,,,,103.6,,,97.6,,,52.8,,,,44.6,50.0,94.7,,,,,,55.7
1977-03-31,,,,,,,,,,,,,,,64.1,,,70.2,,,84.0,,,,42.9,58.4,102.0,,,132.1,,,,,,,,,,,,,39.4,57.9,95.2,,,134.2,,,97.3,20.9,63.1,83.3,,,105.9,,,,29.5,28.6,56.3,,,43.9,,,,10.7,39.2,49.9,,,25.7,,,71.0,,,,,,39.2,16.5,65.4,70.2,37.6,99.5,137.1,11.7,39.7,50.3,,,,,,,,,43.6,,,107.1,41.4,89.8,126.2,,,42.2,,,,,,112.2,,,,,,,,,103.7,,,97.9,,,56.0,,,,44.5,50.3,94.8,,,,,,54.7
1977-06-30,,,,,,,,,,,,,,,65.8,,,69.7,,,85.8,,,,44.1,59.1,104.0,,,134.3,,,,,,,,,,,,,40.0,58.2,96.2,,,134.3,,,96.0,21.0,63.7,84.0,,,105.6,,,,29.5,28.9,56.5,,,45.2,,,,10.9,39.6,50.5,,,25.2,,,69.2,,,,,,38.2,15.9,64.1,68.4,37.5,98.2,135.7,12.0,39.9,50.8,,,,,,,,,43.3,,,110.0,41.7,92.0,128.4,,,41.0,,,,,,107.7,,,,,,,,,105.9,,,97.2,,,56.0,,,,45.3,50.6,95.9,,,,,,54.6
1977-09-30,,,,,,,,,,,,,,,66.2,,,69.6,,,86.5,,,,45.2,59.0,105.3,,,134.9,,,,,,,,,,,,,40.2,58.3,96.4,,,133.7,,,93.7,21.5,65.0,85.7,,,105.8,,,,29.5,27.8,55.9,,,45.5,,,,11.2,40.1,51.2,,,24.6,,,68.3,,,,,,37.9,15.6,63.5,67.5,38.3,97.8,136.1,12.5,40.9,52.2,,,,,,,,,44.0,,,112.2,41.9,93.4,129.8,,,41.4,,,,,,107.6,,,,,,,,,105.8,,,99.2,,,57.6,,,,45.9,50.3,96.2,,,,,,54.1
1977-12-31,,,,,,,,,,,,,,,67.6,34.1,36.9,69.7,,,89.1,,,,46.0,58.8,106.1,,,141.3,,,,,,,,,,,,,41.1,58.9,98.0,,,133.2,,,93.1,22.4,67.2,88.8,18.0,90.6,107.8,,,,29.6,28.0,56.0,,,46.8,,,,11.3,40.5,51.8,,,23.8,,,69.2,,,,,,39.4,15.7,63.9,68.2,38.8,98.2,137.0,12.7,39.7,51.4,,,,,,,,,43.9,,,117.2,42.7,95.9,132.8,,,40.5,,,,,,112.5,,,,,,,,,105.8,,,99.0,,,58.6,,,,46.4,50.6,97.1,,,,,,52.5
1978-03-31,,,,,,,,,,,,,,,67.8,34.6,37.0,70.3,,,88.5,,,,46.2,59.8,107.2,,,138.8,,,,,,,,,,,,,40.5,57.8,96.3,,,132.7,,,90.6,22.4,65.9,87.6,18.4,92.2,109.8,,,,29.4,28.1,55.9,,,47.1,,,,11.2,41.5,52.8,,,23.7,,,67.7,,,,,,39.1,14.7,61.1,64.0,38.7,96.9,135.6,12.0,42.2,53.2,,,,,,,,,45.1,,,120.3,43.2,96.3,133.8,,,43.2,,,,,,109.6,,,,,,,,,106.0,,,99.7,,,61.4,,,,46.3,50.8,97.1,,,,,,52.2
1978-06-30,,,,,,,,,,,,,,,69.4,35.7,37.9,72.2,,,91.2,,,,47.0,59.8,108.2,,,140.7,,,,,,,,,,,,,41.3,58.0,97.3,,,131.9,,,89.5,22.8,65.4,87.5,18.5,89.9,107.5,,,,29.8,28.1,56.4,,,47.5,,,,11.5,42.6,54.1,,,24.1,,,66.2,,,,,,40.0,14.2,58.9,61.1,38.8,95.3,134.0,12.8,43.3,55.0,,,,,,,,,45.4,,,124.6,43.5,96.5,134.4,,,44.3,,,,,,111.2,,,,,,,,,106.4,,,100.0,,,60.8,,,,47.1,51.0,98.1,,,,,,53.5
1978-09-30,,,,,,,,,,,,,,,71.1,35.9,37.7,72.2,,,92.0,,,,47.8,60.0,109.2,,,141.1,,,,,,,,,,,,,41.5,57.6,97.3,,,131.6,,,87.6,23.3,65.2,87.9,18.5,86.5,104.3,,,,29.6,27.1,55.6,,,46.5,,,,11.8,43.6,55.4,,,24.2,,,69.6,,,,,,40.0,14.3,57.9,60.7,40.2,94.0,134.1,12.3,43.8,55.1,,,,,,,,,46.7,,,127.6,43.5,96.6,134.5,,,44.8,,,,,,110.1,,,,,,,,,105.4,,,103.1,,,61.6,,,,47.8,50.7,98.4,,,,,,53.4
1978-12-31,,,,,,,,,,,,,,,73.6,36.3,37.9,72.8,,,93.7,,,,48.6,60.2,110.5,,,147.2,,,,,,,,,,,,,42.8,58.3,99.2,,,131.5,,,87.2,24.0,65.5,88.9,19.0,86.8,105.0,,,,30.0,26.1,55.5,,,47.2,,,100.0,12.0,44.5,56.6,,,26.9,,,74.7,,,,,,43.7,15.1,57.9,62.2,41.2,94.8,136.0,12.9,43.6,55.5,,,,,,,,,48.9,,,132.5,43.8,95.9,134.3,,,45.7,,,,,,110.8,,,,,,,,,105.6,,,102.5,,,63.7,,,,48.0,50.5,98.5,,,,,,52.9
1979-03-31,,,,,,,,,,,,,,,73.5,36.0,37.6,72.1,,,94.0,,,,48.3,62.5,112.0,,,145.2,,,,,,,,,,,,,42.8,57.8,98.8,,,131.0,,,86.9,23.8,63.6,87.0,19.3,84.1,102.7,,,,30.4,26.3,56.2,,,46.4,,,101.0,12.0,44.9,56.9,,,26.1,,,74.2,,,,,,43.5,14.6,56.8,60.2,41.3,93.4,134.6,12.3,44.6,56.0,,,,,,,,,50.7,,,135.7,44.2,95.2,134.2,,,45.9,,,,,,108.0,,,,,,,,,105.7,,,102.3,,,67.1,,,,47.5,50.3,97.8,,,,,,51.8
1979-06-30,,,,,,,,,,,,,,,75.2,36.9,38.5,74.0,,,96.8,,,,48.7,63.5,113.4,,,147.3,,,,,,,,,,,,,43.6,57.9,99.8,,,131.0,,,86.3,23.9,62.4,85.9,20.3,82.8,102.5,,,,30.4,27.2,56.7,,,46.2,,,101.2,12.3,45.2,57.5,,,24.9,,,75.8,,,,,,44.7,14.1,55.6,58.3,41.7,92.3,134.0,12.6,44.8,56.5,,,,,,,,,52.9,,,138.4,44.2,94.4,133.5,,,47.6,,,,,,108.3,,,,,,,,,106.7,,,102.9,,,66.5,,,,48.1,51.0,99.2,,,,,,51.4
1979-09-30,,,,,,,,,,,,,,,76.1,37.1,38.7,74.4,,,98.6,,,,49.1,64.1,114.4,,,146.9,,,,,,,,,,,,,43.8,57.5,99.6,,,131.2,,,86.1,24.3,61.9,85.8,21.0,80.5,101.0,,,,30.6,25.9,56.2,,,45.3,,,99.6,12.5,45.5,58.0,,,24.1,,,73.4,,,,,,45.4,13.9,54.7,57.3,42.6,93.2,135.7,13.6,46.8,59.5,,,,,,,,,52.4,,,140.1,44.5,91.6,131.6,,,48.0,,,,,,106.6,,,,,,,,,106.1,,,105.0,,,66.2,,,,48.8,51.2,100.0,,,,,,51.9
1979-12-31,,,,,,,,,,,,,,,78.6,37.0,38.8,74.4,,,99.5,,,,48.9,64.8,114.7,,,150.3,,,,,,,,,,,,,44.8,58.0,101.1,,,130.7,,,86.8,25.2,62.6,87.4,21.3,82.2,103.0,,,,30.7,24.7,55.6,,,45.1,,,100.7,12.7,46.0,58.6,,,21.9,,,75.2,,,,,,47.1,14.6,54.9,59.2,44.1,94.4,138.5,14.2,48.2,61.5,,,,,,,,,53.5,,,144.5,44.7,90.2,130.8,,,48.3,,,,7.6,100.3,108.0,,,,,,,,,105.2,,,109.9,,,65.8,,,,49.4,51.3,100.6,,,,,,50.9
1980-03-31,,,,,,,,,,,,,,,78.5,37.3,39.3,75.1,,,88.8,,,,48.0,66.5,115.1,,,150.6,,,,,,,,,,,,,44.1,57.3,99.8,,,129.7,,,86.6,25.4,62.4,87.4,21.8,79.1,100.5,,,,29.9,28.5,56.8,,,45.2,,,94.7,12.9,45.8,58.7,,,20.0,,,74.2,,,,,,47.1,14.1,53.5,56.9,44.4,94.6,139.0,14.8,53.9,68.3,,,,,,,,,57.8,,,144.5,43.5,88.0,127.3,,,49.2,,,,7.8,100.4,108.1,,,,,,,,,104.8,,,112.2,,,63.4,,,,49.2,51.5,100.8,,,,,,49.2
1980-06-30,,,,,,,,,,,,,,,80.2,38.1,40.3,77.0,,,89.2,,,,47.6,68.4,116.2,,,152.3,,,,,,,,,,,,,44.8,58.0,101.2,,,129.5,,,86.9,25.8,62.7,88.2,22.0,80.6,102.3,,,,30.3,28.3,57.1,,,44.6,,,83.7,13.2,45.9,59.1,,,19.5,,,73.6,,,,,,45.6,14.2,53.3,56.9,44.6,94.4,139.0,15.6,55.4,70.6,,,,,,,,,61.2,,,145.8,43.3,85.7,125.3,,,47.6,,,,8.1,98.7,106.8,,,,,,,,,104.7,,,110.7,,,59.5,,,,48.9,51.4,100.3,,,,,,47.9
1980-09-30,,,,,,,,,,,,,,,81.5,37.9,40.3,76.7,,,87.8,,,,47.5,68.8,116.5,,,152.0,,,,,,,,,,,,,44.9,58.4,101.7,,,130.1,,,87.3,25.9,62.4,88.0,22.1,80.1,101.8,,,,30.1,28.0,56.8,,,44.3,,,100.5,13.6,46.1,59.6,,,19.3,,,75.8,,,,,,44.1,13.6,51.9,54.5,45.0,94.1,139.1,15.9,58.2,73.7,,,,,,,,,60.9,,,146.8,43.1,86.4,125.7,,,48.3,,,,8.8,97.3,106.1,,,,,,,,,103.1,,,114.6,,,57.4,,,,49.4,51.5,100.8,,,,,,47.7
1980-12-31,,,,,,,,,,,,,,,82.6,37.9,40.6,77.1,33.0,55.4,88.4,,,,47.6,69.8,117.4,,,155.8,,,,,,,,,,,,,46.6,60.2,105.1,,,130.9,24.4,65.6,88.9,25.9,61.7,87.3,22.6,81.4,103.7,,,,30.1,27.8,56.7,,,45.9,,,109.4,13.9,46.0,59.9,,,19.3,,,79.3,,,,,,46.1,14.8,53.8,58.2,45.7,94.4,140.1,16.6,60.1,76.3,,,,,,32.5,,,63.3,,,149.5,43.0,85.7,124.9,,,50.2,,,,10.0,100.8,110.7,,,,,,,46.9,53.9,100.8,,,117.3,,,59.9,,,,49.7,51.7,101.4,,,,,,48.6
1981-03-31,,,,,,,,,,,,,,,83.3,37.9,41.0,77.5,32.9,55.6,88.4,,,,46.5,72.2,118.1,,,155.0,,,,,,,,,,,,,47.0,60.7,106.0,,,132.0,24.2,66.1,89.2,25.9,61.3,87.0,22.8,80.7,103.2,,,,30.1,27.6,56.5,,,46.1,,,114.8,13.9,46.1,60.0,,,19.2,,,78.3,,,,,,46.9,14.3,53.8,57.6,45.5,93.9,139.4,16.8,60.4,76.9,,,,,,31.8,,,65.4,,,149.6,44.0,85.6,126.1,,,52.0,,,,10.7,102.7,113.4,,,,,,,46.9,54.1,101.1,,,118.5,,,63.3,,,,48.6,51.5,100.0,,,,,,52.4
1981-06-30,,,,,,,,,,,,,,,84.7,38.7,42.2,79.4,32.8,55.7,88.4,,,,45.7,75.3,119.9,,,157.7,,,,,,,,,,,,,47.8,61.4,107.5,,,133.3,24.5,67.2,90.5,26.2,61.5,87.5,22.8,80.1,102.6,,,,30.8,26.1,56.5,,,46.9,,,124.5,14.0,46.0,60.0,,,19.9,,,80.0,,,,,,46.3,13.8,53.6,56.9,45.2,93.1,138.3,18.5,60.4,78.6,,,,,,32.3,,,67.4,,,151.1,43.5,83.9,124.0,,,54.4,,,,11.6,106.3,117.8,,,,,,,47.1,54.4,101.6,,,122.0,,,63.3,,,,48.3,51.8,100.2,,,,,,53.9
1981-09-30,,,,,,,,,,,,,,,85.0,38.5,42.4,79.6,32.4,55.5,87.8,,,,44.9,77.9,121.1,,,156.4,,,,,,,,,,,,,48.0,61.7,108.0,,,131.3,24.7,68.0,91.6,26.6,62.2,88.5,22.8,79.8,102.3,,,,31.3,27.5,58.0,,,47.9,,,127.0,14.3,45.8,60.1,,,21.2,,,80.9,,,,,,45.6,13.2,53.1,55.8,45.9,94.2,140.1,19.5,60.2,79.5,,,,,,32.5,,,68.9,,,150.7,42.7,83.3,122.5,,,55.7,,,,12.3,106.6,118.9,,,,,,,47.3,54.8,102.1,,,126.8,,,61.8,,,,47.7,51.8,99.5,,,,,,54.6
1981-12-31,,,,,,,,,,,,,,,86.3,38.5,42.7,79.8,32.5,58.9,91.2,,,,43.5,78.6,120.0,,,153.4,,,,,,,,,,,,,48.7,62.3,109.3,,,129.4,25.5,70.1,94.5,26.9,62.5,89.3,22.7,81.1,103.4,,,,31.7,30.9,60.6,,,49.5,,,126.8,14.4,45.5,59.9,,,22.3,,,81.7,,,,,,47.7,13.6,54.0,57.8,46.9,96.6,143.5,19.8,62.3,81.9,,,,,,33.9,,,71.8,,,151.4,43.3,82.4,122.6,,,57.6,,,,12.5,108.6,121.1,,,,,,,47.5,55.2,102.7,,,128.2,,,61.2,,,,47.6,51.8,99.4,,,,,,54.9
1982-03-31,,,,,,,,,,,,,,,85.7,38.6,43.8,81.0,31.9,58.5,90.2,,,,42.6,79.9,120.0,,,147.7,,,,,,,,,,,,,48.2,61.7,108.2,,,127.8,25.4,69.5,93.8,27.5,63.5,90.8,22.6,79.4,101.8,,,,31.8,31.4,61.0,,,47.9,,,132.7,14.3,45.7,60.0,,,23.2,,,81.2,,,,,,47.9,12.8,52.3,55.0,47.0,96.9,143.9,20.2,62.9,83.0,,,,,,36.3,,,72.6,,,151.5,43.3,84.2,124.1,,,56.8,,,,12.8,109.9,122.7,,,,,,,48.0,55.7,103.7,,,127.6,,,64.9,,,,47.2,52.5,99.7,,,,,,56.0
1982-06-30,,,,,,,,,,,,,,,85.8,38.7,44.8,82.2,31.5,57.7,88.9,,,,41.9,80.4,119.7,,,147.4,,,,,,,,,,,,,48.8,62.1,109.3,,,126.5,25.7,69.8,94.4,27.9,64.4,92.1,22.8,79.3,101.8,,,,32.7,32.7,63.1,,,47.2,,,138.3,14.4,45.9,60.3,,,27.6,,,79.6,,,,,,47.3,12.4,51.3,53.6,46.8,97.0,143.8,20.2,62.6,82.8,,,,,,33.9,,,74.2,,,150.1,44.1,86.6,127.1,,,60.1,,,,13.1,112.6,125.8,,,,,,,48.4,56.1,104.5,,,126.4,,,64.5,,,,47.3,53.3,100.6,,,,,,56.6
1982-09-30,,,,,,,,,,,,,,,85.3,38.7,45.7,83.1,30.7,55.9,86.4,,,,41.2,80.2,118.7,,,151.2,,,,,,,,,,,,,49.4,62.6,110.3,,,123.9,25.8,69.8,94.5,28.4,65.3,93.6,23.1,78.6,101.5,,,,33.7,32.1,63.9,,,47.5,,,140.8,14.6,46.1,60.6,,,26.8,,,82.3,,,,,,47.2,12.4,51.0,53.3,47.6,98.6,146.2,21.0,64.7,85.6,,,,,,32.2,,,74.0,,,151.0,44.3,88.5,128.9,,,57.8,,,,13.2,113.2,126.5,,,,,,,48.7,56.5,105.2,,,130.7,,,63.7,,,,47.2,54.0,101.2,,,,,,57.5
1982-12-31,,,,,,,,,,,,,,,85.4,38.5,46.4,83.7,31.8,58.1,89.7,,,,41.1,78.0,116.7,,,153.4,,,,,,,,,,,,,50.4,63.5,112.3,,,121.6,26.4,70.5,95.8,28.4,65.2,93.4,23.7,81.4,104.8,,,,34.5,32.8,65.5,,,49.4,,,144.4,14.6,46.4,61.1,,,26.9,,,77.0,,,,,,51.1,13.1,51.8,55.5,48.6,100.5,149.2,22.5,69.2,91.8,,,,,,28.5,,,77.8,,,150.7,44.9,89.6,130.5,,,59.0,,,,13.7,115.4,129.1,,,,,,,48.9,56.7,105.6,,,136.3,,,65.6,,,,47.8,54.2,101.9,,,,,,57.9
1983-03-31,,,,,,,,,,,,,,,83.4,39.2,47.8,85.8,31.3,57.5,88.5,,,,40.6,77.0,115.2,,,153.0,,,77.7,,,,,,,,,,49.9,62.4,110.7,,,120.1,26.3,70.2,95.3,29.0,65.6,94.5,24.1,80.6,104.4,,,,35.0,33.2,66.4,,,47.7,,,148.1,14.8,47.7,62.5,,,26.5,,,76.0,,,,,,50.6,12.7,50.8,53.9,49.5,101.6,151.2,22.9,69.9,93.0,,,,,,25.6,,,81.5,,,153.0,45.0,90.6,131.4,,,58.6,,,,13.4,115.6,129.1,,,,,,,48.7,56.8,105.6,,,136.6,,,69.1,,,,46.9,54.8,101.7,,,,,,57.9
1983-06-30,,,,,,,,,,,,,,,83.4,39.8,49.0,87.6,30.9,56.9,87.5,,,,40.8,74.6,113.3,,,155.7,,,75.1,,,,,,,,,,50.8,62.6,111.8,,,120.5,26.2,70.1,95.2,29.3,65.5,94.7,24.3,81.1,105.2,,,,35.8,33.2,67.4,,,47.5,,,148.7,15.3,47.8,63.1,,,25.2,,,76.2,,,,,,49.4,12.4,50.0,52.5,49.7,101.3,151.0,23.5,70.4,94.3,,,,,,24.9,,,81.7,,,152.1,45.6,90.4,132.0,,,59.8,,,,13.3,118.7,132.0,,,,,,,48.5,56.9,105.3,,,139.7,,,71.4,,,,47.5,55.0,102.5,,,,,,56.6
1983-09-30,,,,,,,,,,,,,,,83.1,39.1,48.8,86.8,30.5,56.6,86.9,,,,40.6,72.5,111.3,,,156.6,,,71.3,,,,,,,,,,51.3,62.4,112.2,,,120.3,25.8,69.2,93.9,29.8,65.9,95.5,24.5,80.1,104.4,,,,36.4,32.3,67.7,,,46.8,,,157.2,15.8,47.7,63.5,,,25.1,,,75.9,,,,,,48.8,12.1,49.2,51.3,50.5,102.4,152.9,24.2,68.5,92.8,,,,,,22.4,,,84.2,,,151.8,45.3,89.9,131.3,,,61.2,,,,12.8,117.9,130.8,,,,,,,48.2,56.8,105.0,,,139.2,,,74.7,,,,48.0,54.9,102.9,,,,,,57.9
1983-12-31,,,,,,,,,,,,,,,83.5,39.1,49.2,87.2,30.8,57.1,87.6,,,,40.5,70.2,109.2,,,158.7,,,72.3,,,,,,,,,,52.2,62.5,113.3,,,121.8,26.2,70.0,95.1,29.6,64.9,94.4,24.3,83.3,107.3,,,,37.0,31.9,68.3,,,49.5,,,147.0,16.0,46.9,62.9,,,24.9,,,78.8,,,,,,51.1,13.0,50.1,53.8,51.4,104.3,155.7,24.2,69.3,93.7,,,,,,22.7,,,87.8,,,153.1,46.4,89.7,132.4,,,71.5,,,,12.7,125.2,138.0,,,,,,,47.8,56.7,104.5,,,145.7,,,80.4,,,,48.4,55.0,103.4,,,,,,57.2
1984-03-31,,,,,,,,,,,,,,,81.2,38.8,48.8,86.5,30.2,55.6,85.6,,,,39.9,70.4,108.6,,,156.7,,,71.6,,,,,,,,,,51.6,61.6,111.8,,,122.5,24.7,68.4,92.0,29.6,64.4,94.0,24.5,81.8,106.0,,,,38.4,32.6,70.5,,,47.4,,,141.9,16.3,48.3,64.6,,,25.1,,,79.5,,,,,,51.6,12.6,50.4,53.5,51.6,105.0,156.6,24.3,69.6,94.2,,,,,,21.3,,,88.7,,,153.7,46.8,91.2,134.3,,,66.9,,,,12.6,121.6,134.1,,,,,,,47.6,57.0,104.6,,,145.0,,,82.9,,,,47.9,55.3,103.2,,,,,,58.8
1984-06-30,,,,,,,,,,,,,,,82.4,38.8,48.6,86.3,30.0,55.0,84.9,,,,39.8,69.6,107.8,,,158.5,,,70.2,,,,,,,,,,52.1,61.9,112.7,,,125.1,24.5,68.9,92.3,29.8,64.2,93.9,24.9,82.5,107.1,,,,39.5,33.1,72.3,,,47.1,,,136.8,16.6,47.2,63.8,,,25.4,,,79.1,,,,,,51.8,12.6,51.1,54.0,51.3,104.1,155.4,24.3,70.6,95.4,,,,,,22.8,,,91.0,,,153.1,47.3,93.4,136.6,,,70.6,,,,12.6,123.0,135.6,,,,,,,47.5,57.2,104.7,,,144.4,,,82.7,,,,48.2,56.2,104.4,,,,,,60.2
1984-09-30,,,,,,,,,,,,,,,83.1,39.1,48.8,86.8,29.3,54.2,83.3,,,,39.5,69.0,106.9,,,157.9,,,76.6,,,,,,,,,,52.4,61.8,112.9,,,124.4,23.2,67.4,89.4,30.2,64.7,94.8,25.1,82.5,107.4,,,,40.2,33.1,73.3,,,46.5,,,131.5,16.9,46.7,63.6,,,26.2,,,77.7,,,,,,51.0,12.6,52.1,54.9,51.8,106.2,158.0,24.9,70.9,96.0,,,,,,23.1,,,93.4,,,152.2,47.3,94.0,137.1,,,80.3,,,,12.8,124.4,137.2,,,,,,,47.4,57.4,104.8,,,143.7,,,84.1,,,,48.4,56.5,104.9,,,,,,60.2
1984-12-31,,,,,,,,,,,,31.3,,,86.1,39.8,49.5,88.1,29.6,54.7,84.1,,,,39.5,68.0,106.1,,,158.6,,,84.3,,,,,,,,,,53.1,62.2,114.0,,,125.6,23.7,69.2,91.7,30.4,64.9,95.4,25.6,83.6,108.9,,,,41.0,35.6,75.8,,,48.8,,,130.4,16.9,46.2,63.1,,,26.5,,,77.6,,,,,,53.9,13.3,54.1,57.7,52.4,107.0,159.4,25.2,72.1,97.4,,,,,,25.5,,,93.6,,,153.8,48.3,95.6,139.8,,,80.1,,,,12.6,124.4,137.0,,,,,,,47.4,57.8,105.1,,,145.2,,,87.2,,,,49.0,57.6,106.6,,,,,,61.3
1985-03-31,,,,,,,,,,,,27.2,,,85.0,40.1,50.3,89.2,29.2,53.7,82.6,,,,39.1,69.0,106.5,,,159.3,,,86.1,,,,,,,,,,53.4,61.8,113.9,,,126.4,22.9,66.6,88.3,30.8,65.3,96.1,26.2,80.7,106.8,,,,41.5,37.0,77.3,,,48.1,,,127.5,17.2,46.6,63.8,,,26.7,,,78.3,,,,,,54.1,13.4,53.5,56.9,52.1,108.3,160.4,24.9,74.9,100.0,,,,,,25.7,,,95.6,,,154.0,48.5,95.9,140.2,,,81.9,,,,13.0,119.9,132.9,,,,,,,47.2,58.2,105.5,,,143.4,,,90.0,,,,49.8,57.8,107.6,,,,,,60.7
1985-06-30,,,,,,,,,,,,42.7,,,85.8,41.2,51.8,91.8,29.1,53.7,82.6,,,,39.2,68.5,106.2,,,158.2,,,77.5,,,,,,,,,,53.7,61.4,113.8,,,129.8,23.4,66.3,88.5,30.8,65.0,95.8,26.3,80.8,107.0,,,,41.1,36.2,76.3,,,48.1,,,128.3,17.7,47.4,65.1,,,27.2,,,77.7,,,,,,52.7,13.5,52.7,55.7,51.5,107.4,159.0,26.3,76.6,103.2,,,,,,25.4,,,97.5,,,153.6,49.9,94.6,141.0,,,84.8,,,,12.7,116.7,129.5,,,,,,,47.2,58.8,106.0,,,143.8,,,89.3,,,,50.7,58.5,109.2,,,,,,61.0
1985-09-30,,,,,,,,,,,,37.2,,,86.1,41.6,52.5,92.9,28.6,52.4,80.8,,,,39.6,69.5,107.6,,,157.6,,,76.9,,,,,,,,,,53.5,60.5,113.0,,,130.1,23.0,64.6,86.5,31.3,65.7,97.0,26.5,80.3,106.7,,,,42.6,35.4,77.8,,,47.4,,,129.6,18.2,46.4,64.6,,,28.4,,,73.6,,,,,,52.7,13.5,51.7,54.2,51.8,108.5,160.3,26.4,79.0,105.7,,,,,,29.2,,,102.3,,,152.9,51.1,93.9,141.8,,,86.3,,,,12.5,111.8,124.3,,,,,,,47.2,59.3,106.5,,,142.8,,,88.1,,,,52.0,58.5,110.4,,,,,,64.3
1985-12-31,,,,,,,,,,,,33.9,,,87.4,42.4,53.6,94.8,29.1,52.0,80.9,,,,40.5,68.6,107.8,,,159.7,,,72.2,,,62.4,,,,,,,54.6,60.9,114.4,,,136.3,23.7,64.6,87.3,32.2,67.3,99.5,26.8,82.1,108.8,,,,42.3,34.8,77.1,,,47.9,,,128.9,18.4,45.8,64.2,,,29.4,,,77.1,,,,,,53.9,15.0,53.3,57.8,52.1,109.9,162.0,26.9,76.9,104.1,,,,,,29.9,,,108.7,,,153.3,53.9,91.4,143.4,,,90.6,,,,12.2,106.2,118.4,,,,,,,47.1,59.8,107.0,,,140.1,,,89.6,,,,53.7,59.4,113.1,,,,,,63.6
1986-03-31,,,,,,,,,,,,28.2,,,85.3,41.4,55.1,95.5,28.9,51.5,80.2,,,,40.5,69.2,108.3,,,159.4,,,69.4,,,61.5,,,,,,,54.0,60.0,113.0,,,136.9,22.9,61.4,83.3,32.6,67.5,100.2,26.4,81.1,107.4,,,,43.7,36.2,79.8,,,47.2,,,133.4,18.8,46.3,65.1,,,29.8,,,75.8,,,,,,56.4,14.2,51.0,53.9,52.5,109.8,162.3,26.7,75.8,102.7,,,,,,29.1,,,112.5,,,154.7,55.1,91.0,144.6,,,97.4,,,,12.3,98.6,110.9,,,,,,,48.3,61.2,109.5,,,142.8,,,90.1,0.3,15.0,14.8,53.4,59.9,113.3,,,,,,61.0
1986-06-30,,,,,,,,,,,,28.0,,,85.9,42.5,58.6,100.2,29.3,51.5,80.6,,,,41.0,70.2,109.8,,,161.7,,,64.1,,,63.1,,,,,,,54.1,59.8,112.8,,,141.2,23.4,60.4,82.9,33.5,69.0,102.5,26.8,80.3,107.1,,,,45.0,35.6,81.1,,,46.8,,,133.8,19.4,46.8,66.2,,,31.4,,,74.0,,,,,,54.8,14.7,50.8,54.0,52.2,109.7,161.8,26.9,76.8,104.1,,,,,,32.7,,,114.5,,,156.0,58.3,97.7,154.1,,,97.2,,,,12.4,93.9,106.3,,,,,,,49.3,62.5,111.8,,,141.4,,,89.7,0.4,16.0,15.8,54.1,60.9,115.0,,,,,,60.0
1986-09-30,,,,,,,,,,,,28.7,,,86.3,43.4,61.9,104.4,29.1,50.3,79.3,,,,42.2,69.5,110.6,,,163.0,,,60.7,,,64.2,,,,,,,53.7,59.2,111.9,,,145.2,23.2,58.4,80.8,33.7,68.9,102.7,26.9,78.7,105.7,,,,45.1,36.3,81.7,,,45.3,,,134.1,19.9,46.9,66.9,,,37.4,,,75.8,,,,,,53.9,15.0,50.4,53.6,53.2,111.3,164.5,26.9,75.3,102.5,,,,,,33.1,,,119.7,,,156.0,60.6,98.7,157.9,,,100.6,,,,12.3,90.5,102.8,,,,,,,50.3,63.7,114.0,,,140.4,,,89.7,0.4,16.0,15.8,55.4,61.5,116.9,,,,,,56.1
1986-12-31,,,,,,,,,,,,31.8,,,89.1,43.1,63.8,106.2,29.8,50.1,79.9,,,,43.2,69.4,111.8,,,164.4,,,59.7,,,71.7,,,,,,,53.8,59.0,111.9,,,153.4,24.1,58.5,81.9,33.8,68.5,102.4,26.9,78.8,105.7,,,,46.5,37.9,84.5,,,45.7,,,132.0,20.0,46.6,66.6,,,37.2,,,76.1,,,,,,55.0,16.6,52.3,57.7,53.6,114.6,168.3,27.7,74.0,101.9,,,,,,33.2,,,120.6,,,161.0,63.0,99.6,161.7,,,99.5,,,,12.8,87.0,99.8,,,,,,,51.3,64.9,116.2,,,134.9,,,89.1,0.4,17.9,17.7,56.6,62.8,119.4,,,,,,55.7
1987-03-31,,,,,,,,,,,,28.5,,,87.4,42.1,65.0,106.4,30.2,50.3,80.5,,,,43.6,69.3,112.1,,,165.6,,,58.5,,,71.9,,,,,,,53.3,58.4,110.7,,,155.3,24.1,56.1,79.5,34.0,67.8,101.9,27.4,80.7,108.0,,,,47.4,38.9,86.3,,,45.2,,,135.5,20.1,47.1,67.2,,,38.0,,,75.5,,,,,,57.8,16.4,51.8,56.5,55.0,115.1,170.2,28.3,72.1,100.3,,,,,,31.4,,,119.4,,,163.8,64.4,100.3,164.1,,,101.0,,,,13.7,83.8,97.6,,,,,,,52.0,66.7,118.6,,,130.6,,,91.6,0.4,18.0,17.7,56.0,63.4,119.4,,,,,,53.3
1987-06-30,,,,,,,,,,,,27.8,,,88.4,42.4,67.2,109.1,31.3,51.5,82.9,,,,44.9,69.9,114.1,,,169.3,,,57.7,,,72.9,,,,,,,53.2,58.3,110.5,,,157.1,25.0,55.5,79.9,34.7,68.3,103.2,27.8,81.0,108.8,,,,48.2,38.9,87.1,,,44.7,,,132.2,20.4,46.8,67.2,,,37.8,,,77.6,,,,,,55.2,16.8,52.2,57.1,55.5,120.8,176.3,29.0,70.8,99.7,,,,,,30.8,,,118.3,,,168.4,65.2,100.9,165.6,,,100.7,,,,14.5,80.4,94.9,,,,,,,52.7,68.4,121.1,,,131.1,,,90.0,0.4,17.8,17.6,57.2,63.9,121.1,,,,,,51.9
1987-09-30,,,,,,,,,,,,31.1,,,89.3,41.8,68.5,109.9,31.1,50.0,81.2,,,,45.7,69.1,114.5,,,170.2,,,55.9,,,73.8,,,,,,,53.7,58.7,111.5,,,158.1,25.2,53.6,78.4,35.9,69.8,106.0,28.4,80.3,108.7,,,,48.8,39.6,88.4,,,44.0,,,136.1,20.6,46.5,67.0,,,36.7,,,78.7,,,,,,54.7,16.2,51.0,54.8,57.7,122.6,180.3,28.9,70.5,99.1,,,,,,29.0,,,116.5,,,165.8,66.4,102.7,168.6,,,100.3,,,,14.5,79.2,93.7,,,,,,,53.3,70.1,123.4,,,130.9,,,89.5,0.4,17.9,17.7,58.0,64.1,122.0,,,,,,52.2
1987-12-31,,,,,,,,,,,,39.1,,,91.7,42.1,70.4,112.2,31.6,50.2,81.9,,,,46.3,69.3,115.3,,,171.6,,,56.1,,,72.8,,,,,,,53.9,58.9,111.9,,,163.6,26.6,54.0,80.2,36.8,70.9,108.0,29.2,80.5,109.8,,,,49.5,38.8,88.2,,,44.5,,,133.0,20.6,46.8,67.4,,,37.0,,,77.9,,,,,,55.2,17.6,53.1,58.9,59.6,124.1,183.7,29.2,68.4,97.4,,,,,,31.8,,,115.4,,,168.7,69.4,99.4,169.6,,,100.1,,,,14.9,76.4,91.3,,,,,,,53.9,71.7,125.6,,,125.9,,,94.0,0.5,19.2,19.1,58.1,64.6,122.7,,,,,,52.8
1988-03-31,,,,,,,,,,,,26.4,,,90.9,41.6,73.2,114.6,31.8,50.9,82.7,,,,46.6,70.4,116.7,,,175.2,,,53.9,,,71.3,,,,,,,53.1,58.5,110.6,,,160.7,26.4,52.4,78.5,37.5,69.7,107.6,29.4,80.9,110.4,,,,49.8,40.8,90.6,,,43.7,,,130.9,20.4,45.9,66.3,,,38.4,,,77.5,,,,,,58.0,17.1,52.0,56.6,59.4,123.7,183.1,28.9,65.4,93.9,,,,,,24.1,,,115.1,,,170.9,68.9,101.1,170.4,,,103.4,,,,15.1,74.8,89.9,,,,,,,55.3,73.6,129.0,,,121.7,,,94.9,0.5,18.2,18.2,57.9,64.9,122.9,,,,,,54.3
1988-06-30,,,,,,,,,,,,26.9,,,93.1,41.6,76.5,118.0,32.5,51.6,84.2,,,,47.7,70.6,118.0,,,178.7,,,53.2,,,72.0,,,,,,,53.2,58.8,111.0,,,163.0,27.0,52.4,79.2,38.4,69.2,108.0,29.8,81.4,111.3,,,,51.1,43.1,94.2,,,43.3,,,134.2,20.4,45.1,65.4,,,39.1,,,78.2,,,,,,55.3,17.9,53.0,58.3,59.8,123.7,183.5,29.9,65.8,95.6,,,,,,20.1,,,115.5,,,175.2,70.3,103.5,174.1,,,98.3,,,,15.2,72.4,87.6,,,,,,,56.7,75.4,132.0,,,124.6,,,95.5,0.4,16.7,16.5,58.5,65.4,123.9,,,,,,53.6
1988-09-30,,,,,,,,,,,,30.5,,,93.6,41.2,77.4,118.6,32.7,52.5,85.2,,,,48.8,71.3,120.0,,,180.9,,,53.4,,,71.0,,,,,,,52.9,58.8,110.7,,,162.3,27.6,52.4,79.8,39.1,68.4,108.0,29.8,82.2,112.1,,,,52.7,44.2,96.9,,,41.8,,,135.0,20.4,44.7,65.1,,,40.2,,,77.1,,,,,,54.7,17.8,52.6,57.2,61.0,125.3,186.3,30.8,63.7,94.2,,,,,,18.1,,,112.6,,,175.5,70.9,104.2,175.4,,,93.2,,,,15.2,71.5,86.7,,,,,,,57.9,76.9,134.8,,,119.3,,,96.2,0.1,16.8,16.3,58.9,65.2,124.2,,,,,,54.9
1988-12-31,,,,,,,,,,,,33.3,,,95.9,42.2,75.6,117.8,33.2,52.8,86.0,,,,49.4,72.0,121.3,,,183.1,,,54.1,,,69.2,,,,,,,53.2,59.3,111.4,,,164.5,29.3,54.4,83.5,41.6,72.0,114.2,30.2,85.3,115.5,,,,53.4,44.7,98.1,,,42.0,,,138.3,20.0,44.7,64.7,,,41.8,,,75.2,,,,,,57.8,19.2,54.8,61.3,61.9,128.1,190.0,31.4,61.5,92.7,,,,,,18.9,,,113.0,,,181.5,72.6,102.4,176.1,,,97.0,,,,15.5,71.0,86.5,,,,,,,59.0,78.3,137.3,,,119.3,,,99.1,0.1,17.8,17.3,59.2,65.7,124.9,,,,,,54.9
1989-03-31,,,,,,,,,,,,7.5,,,93.4,43.5,75.7,119.3,33.1,53.0,86.2,,,,49.8,73.0,122.6,,,187.8,,,56.1,,,67.3,,,,,,,52.5,58.8,110.3,,,161.6,29.3,53.6,82.9,41.9,72.4,115.0,30.0,84.6,114.6,,,,53.7,47.3,101.0,,,41.7,,,148.5,19.7,46.3,66.0,,,41.7,,,71.5,,,,,,57.9,18.2,52.5,60.3,63.0,128.2,191.2,32.6,63.2,95.6,,,,,,18.2,,,115.3,,,184.6,71.3,107.7,178.9,,,95.5,,,,15.6,66.8,82.4,,,,,,,58.9,81.8,140.6,,,118.9,,,101.2,0.1,17.1,16.6,58.8,65.7,124.5,,,,,,55.3
1989-06-30,,,,,,,,,,,,19.7,,,95.2,44.8,77.6,122.4,34.2,54.7,89.0,,,,50.6,73.9,124.3,,,192.0,,,54.5,,,66.7,,,,,,,52.6,59.1,110.7,,,162.8,30.7,55.4,86.0,42.3,73.0,116.0,30.5,86.8,117.3,,,,54.3,49.3,103.6,,,41.9,,,148.8,19.7,46.1,65.8,,,43.2,,,71.6,,,,,,57.8,18.0,51.7,62.1,63.0,129.6,192.6,34.5,66.4,101.0,,,,,,19.4,,,115.2,,,187.3,71.2,108.8,179.7,,,91.8,,,,16.1,65.4,81.5,,,,,,,58.7,85.0,143.7,,,120.6,,,103.2,0.1,16.0,15.5,59.2,65.8,125.0,,,,,,54.8
1989-09-30,,,,,,,,,,,,36.0,,,97.2,44.1,76.3,120.4,34.2,55.3,89.5,,,,51.5,74.9,126.3,,,192.1,,,58.2,,,67.4,,,,,,,52.5,59.2,110.7,,,160.9,30.7,54.7,85.4,42.7,73.6,117.0,30.4,87.1,117.5,,,,55.0,50.8,105.8,,,41.0,,,153.7,19.5,47.0,66.6,,,45.2,,,71.5,,,,,,56.8,16.8,49.2,60.4,64.9,132.3,197.2,36.1,67.8,104.0,,,,,,20.6,,,117.4,,,185.6,70.9,107.6,178.2,,,92.7,,,,15.8,65.1,80.9,,,,,,,58.4,88.0,146.5,,,126.2,,,104.4,0.1,15.1,14.6,59.5,65.2,124.7,,,,,,54.7
1989-12-31,,,,,,,,,,,,73.3,,,99.1,44.5,74.8,119.3,34.9,57.0,91.9,,,,52.9,75.8,128.7,,,193.8,,,62.1,,,72.6,,,,,,,53.1,60.0,111.9,,,164.4,31.5,55.5,86.9,42.4,72.4,115.5,30.4,90.3,120.6,,,,55.6,51.1,106.7,,,43.0,,,156.5,18.2,43.0,61.1,,,46.7,,,70.6,,,,,,58.4,17.5,49.9,65.0,66.5,134.5,201.0,36.6,68.3,105.1,,,,,,23.9,,,120.4,,,185.8,72.0,103.2,176.1,,,95.0,,,,15.5,66.8,82.3,,,,,,,58.2,90.9,149.0,,,128.9,,,108.9,0.1,15.9,15.4,60.0,65.2,125.2,,,,,,55.0
1990-03-31,,,,,,,,,,,,35.0,,,98.5,45.3,75.9,121.1,34.8,55.5,90.3,,,,53.6,77.2,130.8,,,194.5,,,62.4,,,73.4,,,,,,,53.0,60.0,111.9,,,162.2,31.3,55.4,86.7,41.9,75.0,117.5,30.8,90.8,121.6,,,,55.8,56.5,112.2,,,43.2,,,155.9,17.6,41.9,59.5,,,48.5,,,70.4,,,,,,59.3,16.7,48.8,62.6,68.3,137.6,205.9,37.0,68.1,105.3,,,,,,21.1,,,119.6,,,188.5,71.1,106.2,177.3,,,95.7,,,,15.2,65.7,81.0,,,,,,,57.5,93.3,150.8,,,124.6,,,112.7,0.1,15.4,14.9,60.2,65.3,125.5,,,,,,53.9
1990-06-30,,,,,,,,,,,,26.4,,,100.5,45.5,75.5,121.0,35.5,56.5,92.1,,,,54.5,77.7,132.2,,,195.8,,,60.0,,,75.8,,,,,,,52.2,59.2,110.3,,,161.1,31.7,56.3,87.9,42.3,79.5,122.2,31.2,91.1,122.4,,,,56.7,57.1,113.7,,,42.9,,,159.3,17.3,41.6,58.9,,,53.8,,,71.1,,,,,,58.2,16.9,49.4,63.4,67.9,136.3,204.3,37.8,68.9,106.9,,,,,,23.0,,,122.0,,,191.7,71.3,107.1,178.3,,,95.4,,,,15.2,66.8,82.0,,,,,,,56.9,95.8,152.6,,,126.2,,,117.5,0.1,15.5,15.1,60.5,65.0,125.5,,,,,,53.8
1990-09-30,,,,,,,,,,,,22.7,,,101.1,44.9,75.5,120.4,35.4,57.1,92.5,,,,55.0,78.6,133.7,,,195.0,,,58.6,,,79.0,,,,,,,51.9,59.0,109.8,,,159.0,31.2,57.0,88.1,42.7,83.8,126.8,31.5,91.1,122.6,,,,57.0,56.5,113.4,,,41.4,,,159.9,17.5,41.7,59.2,,,56.8,,,75.2,,,,,,56.6,16.2,48.7,61.5,68.4,137.5,206.0,38.3,68.8,107.2,,,,,,22.9,,,125.6,,,193.3,70.6,104.1,175.0,,,97.5,,,,15.1,63.2,78.3,,,,,,,56.3,98.1,154.4,,,123.6,,,124.0,0.1,15.7,15.3,60.7,64.4,125.2,,,,,,53.3
1990-12-31,,,,,,,,,,,,18.8,,,102.9,45.0,75.8,120.8,36.0,57.1,93.1,,,,55.6,79.2,134.8,,,193.9,,,63.5,,,81.4,,,,,,,52.2,59.3,110.4,,,161.6,31.0,56.7,87.6,42.4,86.4,128.9,32.2,95.8,127.9,,,,57.4,56.9,114.3,,,40.4,34.5,132.1,166.6,17.0,42.8,59.8,,,59.3,,,76.4,,,75.9,,,57.3,18.1,52.3,67.9,68.4,139.3,207.6,39.0,72.8,112.4,,,,,,24.9,,,131.3,54.2,152.6,194.6,70.5,99.9,171.4,27.9,,98.9,,,,15.3,61.7,77.1,,,,,,,55.8,100.5,156.2,,,123.8,,,128.2,0.1,16.8,16.3,61.1,63.9,125.1,,,,,,54.4
1991-03-31,,,,,,,,,,,,23.0,,,101.9,45.3,77.1,122.4,36.2,58.3,94.6,,,,56.0,80.7,136.7,,,193.4,,,60.5,,,80.4,,,,,,,50.4,60.0,109.1,,,157.9,30.8,57.6,88.4,42.6,88.0,130.7,32.2,96.5,128.6,,,,57.4,57.5,115.0,,,39.8,35.9,127.0,162.9,14.9,42.9,57.7,,,58.5,,,79.1,,,77.7,,,57.3,17.1,50.7,64.5,67.6,138.0,205.6,39.7,75.7,116.1,,,,,,25.0,,,132.7,55.2,154.0,197.1,68.8,100.3,169.5,28.8,,101.6,,,,15.6,63.2,78.8,,,,,,,54.5,98.6,153.2,24.6,103.9,128.0,,,130.5,0.1,16.5,16.1,61.1,63.3,124.4,,,,,,55.6
1991-06-30,,,,,,,,,,,,21.3,,,103.7,46.3,75.2,121.5,36.7,59.1,95.8,,,,57.0,81.1,138.1,,,194.6,,,58.1,,,80.2,,,,,,,50.1,60.6,109.3,,,159.3,31.5,58.0,89.4,43.2,90.4,133.6,32.5,97.3,129.7,,,,58.2,58.6,116.7,,,39.3,37.4,114.9,152.2,11.7,43.8,55.5,,,58.4,,,81.1,,,76.5,,,55.5,17.8,52.1,66.9,67.4,137.1,204.5,40.5,75.3,116.3,,,,,,26.6,,,134.0,54.2,153.6,195.4,67.4,102.2,169.4,29.6,,106.1,,,,15.9,65.8,81.7,,,,,,,53.5,97.1,150.5,25.1,98.7,123.7,,,132.7,0.1,16.7,16.2,61.8,62.9,124.7,,,,,,55.0
1991-09-30,,,,,,,,,,,,18.3,,,103.1,46.2,73.1,119.4,36.5,59.2,95.7,,,,57.9,81.4,139.3,,,193.5,,,57.6,,,81.5,,,,,,,50.4,61.9,110.8,,,156.1,30.9,58.2,89.1,44.5,94.3,138.8,32.7,97.5,130.2,,,,58.6,57.3,115.9,,,37.6,38.5,113.7,152.1,11.6,43.2,54.8,,,56.6,,,82.2,,,76.9,,,53.7,17.5,51.8,66.0,67.0,137.6,204.6,41.1,76.7,118.3,,,,,,27.8,,,137.5,53.8,153.9,195.2,66.1,98.2,164.4,30.2,,106.0,,,,16.1,65.7,81.8,,,,,,,52.6,95.8,148.4,25.3,98.8,124.0,,,136.8,0.1,16.5,16.1,61.9,61.8,123.8,,,,,,55.2
1991-12-31,,,,,,,,,,,,17.7,,,104.7,46.9,73.2,120.1,36.7,59.7,96.4,,,,58.4,82.8,141.1,,,192.9,,,58.1,,,82.7,,,,,,,51.0,61.9,111.4,,,158.3,31.4,58.5,89.8,45.1,96.7,141.7,32.9,99.4,132.2,,,,58.5,55.9,114.4,,,37.7,39.5,111.9,151.3,11.0,44.6,55.5,,,58.8,,,82.4,,,76.7,,,53.6,18.9,54.1,70.3,67.4,138.9,206.3,41.2,76.5,118.3,,,,,,31.5,,,136.8,54.7,155.5,197.7,66.7,91.7,159.8,31.8,,105.0,,,,16.4,65.9,82.3,,,,,,,52.0,95.1,147.1,25.1,99.4,124.2,30.7,99.4,140.0,0.1,17.6,17.1,62.6,60.5,123.1,,,,,,54.4
1992-03-31,,,,,,,,,,,,17.7,,,103.1,46.8,72.7,119.4,36.5,59.1,95.7,,,,58.2,83.0,141.2,,,192.9,,,56.1,,,79.3,,,,,,,50.7,62.2,111.4,,,156.7,30.6,56.9,87.4,45.0,102.7,147.4,32.7,100.7,133.3,,,,58.0,55.5,113.6,,,36.3,39.3,109.7,148.9,10.6,42.2,52.7,,,58.3,,,81.8,,,74.3,,,54.5,18.4,54.0,69.3,66.9,137.9,204.9,41.4,76.8,118.9,,,,,,32.4,,,138.9,55.3,156.9,199.5,65.7,100.4,165.7,32.6,,106.3,,,30.7,16.4,63.2,79.6,,,,,,,51.6,96.4,148.0,24.8,97.5,122.1,31.5,100.3,141.5,0.1,17.1,16.6,62.1,59.9,122.0,,,,,,53.3
1992-06-30,,,,,,,,,,,,18.9,,,104.5,46.9,72.3,119.2,37.4,59.7,97.1,,,,59.0,83.6,142.6,,,193.4,,,57.1,,,78.5,,,,,,,50.9,62.6,112.0,,,155.9,31.2,57.0,88.2,45.0,108.9,153.4,32.8,101.2,133.9,,,,58.2,54.4,112.6,,,38.0,39.2,110.6,149.7,10.3,42.5,52.8,,,58.8,,,82.2,,,74.0,,,55.2,18.6,55.1,70.7,66.7,138.0,204.8,42.1,76.5,119.2,,,,,,34.3,,,136.6,55.5,158.3,200.9,64.9,98.8,163.4,33.1,,104.9,,,29.6,16.7,63.6,80.3,,,,,,,51.5,98.2,149.6,24.8,101.5,125.9,32.4,102.0,144.1,0.1,17.6,17.1,61.9,59.1,121.0,,,,,,52.8
1992-09-30,,,,,,,,,,,,19.2,,,105.3,47.4,72.9,120.3,37.1,59.5,96.7,,,,59.5,83.4,142.9,,,193.2,,,58.5,,,75.8,,,,,,,51.1,62.6,112.2,,,153.3,31.0,57.6,88.6,45.1,115.3,159.6,32.7,100.7,133.3,,,,58.8,53.2,112.0,,,37.8,39.1,109.1,148.1,10.2,41.5,51.8,,,59.6,,,81.8,27.5,47.6,75.0,,,55.2,18.4,55.5,70.7,66.5,138.9,205.4,42.6,77.4,120.7,,,,,,35.8,,,137.7,56.2,160.3,203.5,63.9,97.7,161.2,34.6,,108.7,,,28.4,17.0,64.9,81.9,,,,,,,51.5,100.2,151.6,25.2,100.4,125.4,34.3,103.1,146.6,0.1,17.2,16.7,62.1,58.1,120.2,,,,,,53.0
1992-12-31,,,,,,,,,,,,19.8,,,106.7,46.8,70.7,117.6,39.1,67.5,106.5,,,,59.9,82.8,142.7,,,192.9,,,61.3,,,80.1,,,,,,,51.6,61.8,112.0,,,151.3,31.4,59.1,90.3,44.5,120.2,163.6,32.9,104.0,136.8,,,,58.8,56.6,115.4,,,37.5,38.8,104.3,143.0,10.1,38.2,48.2,,,58.4,,,86.4,28.4,50.2,78.7,,,56.3,19.3,57.9,74.4,67.4,141.2,208.6,42.9,78.5,122.3,,,,,,37.5,,,136.7,56.5,162.1,205.2,64.2,102.3,165.4,35.7,,108.6,,,26.4,17.6,68.1,85.7,,,,,,,51.5,102.3,153.8,25.4,99.3,124.6,36.1,104.7,149.7,0.2,18.0,17.5,62.2,57.0,119.2,,,,,,53.2
1993-03-31,,,,,,,,,,,,22.0,,,105.9,46.1,69.6,115.7,39.3,68.5,107.8,,,,59.6,84.6,144.2,,,193.7,,,62.6,,,83.5,,,,,,91.8,52.0,63.4,113.8,,,150.0,31.3,58.5,89.7,43.9,116.8,159.8,34.0,106.0,139.8,,,,58.3,54.6,112.9,,,36.9,38.5,108.8,147.2,9.9,38.4,48.3,,,55.7,,,88.8,28.8,51.7,80.5,,,57.5,19.1,57.8,73.8,67.5,141.0,208.5,42.8,79.5,123.5,,,,,,38.3,,,134.2,57.9,162.9,207.9,62.8,102.7,163.9,36.5,,106.0,,,25.8,19.5,65.9,85.4,,,,,,25.2,51.6,103.0,154.6,25.2,99.1,124.1,37.0,106.9,152.9,0.2,18.6,18.2,61.4,56.7,118.2,,,,,,52.6
1993-06-30,,,,,,,,,,,,21.7,,,106.7,46.5,66.7,113.2,39.6,69.6,109.1,,,,60.3,83.8,144.1,,,193.6,,,63.9,,,82.1,,,,,,92.1,52.7,64.4,115.6,,,150.4,31.7,59.2,90.8,43.4,113.7,156.2,34.1,108.1,142.0,,,,58.2,54.0,112.2,,,37.7,39.1,106.4,145.4,9.9,37.6,47.5,,,56.4,,,86.9,30.1,51.7,81.8,,,55.9,19.0,57.9,73.9,67.3,141.9,209.2,43.2,80.8,125.2,,,,,,40.0,,,133.0,57.7,161.8,206.7,62.0,103.4,163.6,36.8,,107.4,,,25.6,19.6,69.3,89.0,,,,,,25.6,51.5,103.4,155.0,26.5,98.4,125.0,37.8,109.5,156.6,0.2,19.3,18.8,61.7,56.6,118.3,,,,,,51.4
1993-09-30,,,,,,,,,,,,21.7,,,106.4,47.2,66.2,113.4,39.0,70.3,109.3,,,,60.4,84.9,145.3,,,191.8,,,65.6,,,79.7,,,,,,91.0,53.6,65.4,117.4,,,151.0,31.9,58.6,90.4,42.8,110.1,152.2,34.3,108.6,142.6,,,,58.2,54.3,112.4,,,37.3,40.4,106.8,147.0,9.8,37.1,46.9,,,56.1,,,85.2,30.3,51.1,81.4,,,53.3,18.5,57.4,72.6,68.2,143.0,211.3,44.3,82.8,128.3,,,,,,41.3,,,130.5,57.6,160.7,205.7,60.7,99.4,158.6,37.4,,108.7,,,25.3,21.3,68.5,89.8,,,,,,26.2,51.4,103.5,154.9,26.8,96.8,123.8,39.8,109.4,157.7,1.5,17.4,18.4,62.2,56.3,118.5,,,,,,51.6
1993-12-31,,,,,,,,,,,,23.2,,,107.1,48.0,64.0,112.0,39.1,71.2,110.2,,,,60.6,84.2,144.8,,,188.0,,,68.9,,,82.3,,,,,,89.6,55.3,66.4,120.2,,,152.8,31.8,59.4,91.1,41.4,104.8,145.6,35.0,106.4,141.3,,,,58.1,55.8,113.9,,,35.7,39.9,106.0,145.8,9.6,37.4,47.0,,,55.2,,,88.7,33.2,52.9,86.1,,,53.4,19.2,58.5,74.8,68.7,144.9,213.6,43.2,82.0,126.7,,,,,,42.6,,,135.7,59.4,161.4,208.6,60.4,98.0,157.0,38.2,,112.3,,,24.8,22.0,72.5,94.5,,,,,,27.0,50.9,103.2,154.1,27.7,95.7,123.9,41.8,111.4,161.4,1.7,17.6,18.9,62.8,56.1,118.8,,,,,,51.3
1994-03-31,,,,,,,,,,3.6,20.0,23.1,,,105.3,48.8,62.8,111.6,38.3,71.6,109.9,,,,60.3,84.6,144.8,,,188.0,,,67.8,,,79.5,,,,,,88.3,55.4,63.7,117.9,,,153.1,31.5,57.5,88.9,41.0,105.0,145.3,34.7,105.3,140.0,,,,58.0,53.8,111.8,,,34.8,40.7,107.1,147.8,9.4,37.2,46.6,,,56.7,,,86.6,33.3,52.4,85.7,,,53.2,18.3,56.5,71.4,68.5,143.0,211.4,43.7,82.4,127.4,,,,,,44.0,,,134.7,61.4,162.8,212.3,59.2,97.5,155.1,39.0,,114.3,,,24.2,22.0,71.6,93.6,,,,,,28.3,50.1,101.8,152.0,29.4,92.7,122.9,43.2,113.2,164.4,1.5,20.5,21.3,62.4,56.4,118.8,,,,,,51.3
1994-06-30,,,,,,,,,,3.9,20.9,24.3,,,106.3,50.1,62.2,112.3,39.4,71.4,110.7,,,,60.1,84.0,144.1,,,188.0,,,66.6,,,78.0,,,,,,88.6,56.0,63.7,118.6,,,150.4,31.7,56.8,88.5,40.0,104.0,143.3,34.7,103.1,137.7,,,,57.8,51.4,109.3,,,35.9,40.9,108.5,149.3,9.2,38.8,48.0,,,57.3,,,85.8,34.1,52.9,87.0,,,51.1,18.4,56.0,71.2,68.1,140.9,209.0,44.4,83.2,128.9,,,,,,45.4,,,133.1,62.1,163.1,213.5,58.7,95.0,152.4,39.6,,112.0,,,23.1,22.9,70.5,93.3,,,,,,28.9,49.3,100.4,149.7,30.1,92.0,123.1,44.6,117.1,170.1,1.0,20.6,20.9,62.6,56.3,118.9,,,,,,50.9
1994-09-30,,,,,,,,,,4.1,21.1,24.7,,,105.8,50.6,62.1,112.7,39.3,71.8,111.1,,,,60.1,82.8,142.9,,,188.1,,,67.1,,,76.3,,,,,,87.8,56.8,64.0,119.6,,,146.3,31.2,55.9,87.0,38.8,102.2,140.2,34.4,101.2,135.5,,,,57.9,51.2,109.2,,,34.9,39.9,108.7,148.5,9.1,39.9,49.0,,,58.2,,,84.7,34.5,53.5,88.0,,,52.2,17.9,54.5,69.1,68.2,141.1,209.3,45.3,85.1,131.8,,,,,,46.1,,,139.0,62.2,162.9,213.5,58.7,93.4,151.1,40.7,,112.8,,,22.0,24.0,69.0,93.0,,,,,,28.9,48.4,98.7,147.1,31.1,92.5,124.7,47.0,122.0,177.4,0.7,18.2,18.4,62.8,56.0,118.8,,,,,,52.0
1994-12-31,,,,,,,,,,4.1,21.4,25.0,,,106.7,51.4,61.4,112.7,38.7,72.1,110.8,,,,60.1,82.2,142.3,,,188.0,,,67.7,,,75.8,,,,,,88.1,57.9,64.0,120.8,62.5,80.1,143.4,31.4,55.4,86.8,37.5,100.2,136.9,34.1,102.2,136.3,,,,58.1,52.4,110.5,5.6,30.7,36.3,38.6,108.1,146.6,8.9,40.3,49.2,,,59.5,,,86.8,34.6,55.8,90.4,,,52.4,18.8,55.3,71.4,68.1,141.7,209.8,45.0,84.5,130.8,,,,10.2,37.0,47.2,,,140.0,63.1,163.0,214.7,58.7,89.1,147.5,41.6,,112.9,,,21.6,25.2,71.0,96.3,,,,,,30.2,47.4,96.9,144.3,32.7,88.1,122.4,48.7,128.5,186.4,0.7,18.5,18.6,63.5,55.8,119.4,,,,,,52.6
1995-03-31,,,,,,,,,,4.2,20.3,24.1,,,104.6,51.9,61.1,113.0,38.3,71.5,109.8,,,,59.5,83.5,143.0,,,188.6,,,68.4,,,74.0,,,,,,84.8,57.7,60.1,117.1,63.1,78.1,142.7,31.4,53.8,85.2,36.9,95.8,132.4,33.8,100.7,134.5,,,,58.0,51.6,109.5,5.7,29.6,35.3,38.6,110.5,149.0,8.2,39.7,47.9,,,59.3,,,86.5,33.8,56.6,90.4,,,55.5,17.4,52.7,70.1,68.3,140.9,209.2,44.7,85.1,131.3,36.0,101.2,137.1,10.8,37.6,48.3,,,142.7,64.0,161.2,214.4,57.2,89.4,146.0,42.1,,113.7,,,20.9,25.8,67.8,93.6,,,,,,30.5,46.4,94.4,140.8,33.3,93.3,128.1,49.7,129.8,188.6,0.7,16.7,16.8,63.0,56.2,119.2,,,,,,52.8
1995-06-30,,,,,,,,,,4.0,21.2,24.8,,,105.1,52.7,60.7,113.4,38.7,70.4,109.1,,,,59.4,82.5,141.8,,,189.1,,,66.2,,,72.3,,,,,,83.3,58.2,61.0,118.4,64.4,76.7,143.0,31.9,53.0,84.9,36.2,91.4,127.8,33.8,101.7,135.5,,,,58.0,52.1,110.1,5.9,29.7,35.6,39.9,114.0,153.8,7.6,39.8,47.4,,,59.6,,,86.9,33.1,55.3,88.4,,,53.6,17.7,52.9,70.6,68.1,139.3,207.4,44.8,85.7,132.1,36.8,97.9,134.7,11.1,37.5,48.6,,,145.7,65.7,160.6,216.2,56.8,89.4,145.5,43.2,,116.3,,,20.5,26.9,66.3,93.2,,,22.5,,,30.9,45.3,92.0,137.3,33.6,100.3,135.2,50.5,133.9,194.2,0.7,15.1,15.3,63.5,56.6,120.2,,,,,,52.8
1995-09-30,,,,,,,,,,3.9,20.9,24.3,,,105.4,53.2,60.1,113.3,37.8,69.3,107.1,,,,59.9,82.0,141.9,,,188.5,,,68.4,,,72.0,,,,,,81.7,58.6,60.9,118.8,64.9,75.2,142.6,31.5,52.1,83.7,35.7,87.6,124.1,33.5,101.3,134.8,,,,58.0,51.5,109.5,6.1,29.7,35.7,40.5,113.8,154.2,7.1,40.1,47.2,,,61.0,,,86.3,32.3,54.2,86.5,,,54.4,17.3,51.9,69.1,68.5,139.5,208.0,44.5,86.0,132.2,37.3,95.1,132.4,11.2,36.9,48.1,,,152.0,65.5,158.0,213.8,56.5,88.0,143.9,44.2,,116.4,,,20.7,27.7,65.2,92.9,,,20.1,,,29.9,44.4,89.8,134.2,34.2,100.8,136.4,51.6,137.2,198.9,0.8,15.5,15.8,64.3,56.4,120.7,,,,,,53.6
1995-12-31,,,,,,,,,,4.0,22.1,25.5,41.3,69.7,107.9,54.1,59.9,114.0,37.8,68.6,106.4,,,,59.9,81.9,141.9,,,190.6,,,72.6,,,74.9,,,,10.4,70.1,79.7,59.9,60.5,119.8,66.9,74.1,144.2,31.5,51.6,83.1,34.7,82.7,118.6,34.2,99.7,133.9,,,,57.9,53.7,111.6,6.4,30.2,36.5,41.2,116.6,157.8,6.6,38.4,45.0,,,62.1,,,88.4,33.0,55.4,88.4,,,54.4,17.4,52.4,69.8,69.0,140.0,209.0,44.4,85.7,131.9,38.4,91.9,130.3,11.1,35.8,46.9,,,160.8,66.0,156.3,213.1,55.7,87.3,143.0,45.7,,124.0,2.2,19.4,21.6,28.4,65.0,93.4,,,18.4,,,29.2,43.6,88.0,131.6,35.6,104.1,141.1,53.0,142.4,206.2,0.9,18.5,18.8,64.8,56.6,121.5,,,,,,54.4
1996-03-31,,,,,,,,,,4.1,21.8,25.4,40.6,67.3,104.8,54.4,60.0,114.4,37.6,69.2,106.8,12.4,39.6,52.0,60.0,82.0,142.0,,,192.8,,,73.9,,,73.8,,,,10.1,71.4,80.7,60.1,61.2,120.6,68.6,74.2,146.3,31.8,49.9,81.8,33.9,82.2,117.1,34.1,99.0,133.1,,,,57.3,51.5,108.8,6.7,30.2,36.8,42.0,117.6,159.5,6.1,37.7,43.8,,,62.4,,,87.4,33.6,55.0,88.6,,,56.7,17.2,51.1,68.4,68.5,138.5,207.1,44.0,87.0,133.2,36.6,90.5,127.1,10.9,33.3,44.2,,,163.9,67.9,157.5,216.6,55.3,87.8,143.1,46.8,,121.6,2.1,19.6,21.7,29.3,68.7,98.0,,,17.1,,,28.1,43.4,87.3,130.7,36.5,103.6,141.7,54.6,145.8,211.2,0.8,19.2,19.3,65.0,56.8,121.8,,,,,,55.6
1996-06-30,,,,,,,,,,4.1,22.2,25.8,41.7,69.7,108.3,55.5,59.8,115.3,38.8,69.8,108.6,11.9,39.0,50.8,60.5,81.6,142.1,,,193.5,,,74.2,,,75.9,,,,9.9,72.7,81.7,60.8,62.0,122.1,69.0,73.8,146.4,32.7,49.6,82.5,33.4,82.6,116.9,33.9,98.9,132.8,,,,57.2,52.1,109.3,6.9,30.6,37.4,43.2,120.9,164.1,5.8,38.1,43.9,,,65.0,,,87.6,34.5,55.7,90.3,,,54.5,17.3,51.0,68.3,68.2,136.7,204.9,45.0,88.4,135.7,36.1,91.3,127.4,10.7,31.4,42.1,,,168.7,69.4,157.8,218.7,55.1,88.1,143.2,48.7,,124.3,2.3,19.9,22.2,30.7,68.7,99.4,,,17.1,,,26.6,43.5,85.3,128.8,37.6,109.0,148.1,55.6,148.0,214.5,0.9,19.3,19.6,65.3,57.0,122.3,,,,,,55.6
1996-09-30,,,,,,,,,,4.2,22.2,25.9,42.4,71.4,110.6,55.6,58.5,114.1,39.0,70.5,109.6,11.8,35.6,47.4,60.8,81.4,142.2,,,192.7,,,77.0,,,75.3,,,,8.8,72.7,80.5,61.6,62.2,123.2,69.6,73.2,146.7,32.2,49.4,81.6,32.7,82.5,116.0,34.1,97.7,131.9,,,,57.0,52.0,109.0,7.2,30.5,37.6,43.7,120.7,164.3,5.5,39.3,44.8,,,66.1,,,87.6,34.2,55.8,90.0,,,53.5,17.1,50.1,67.2,68.3,135.4,203.7,46.2,91.5,140.0,35.7,90.8,126.5,10.6,29.7,40.3,,,174.6,70.3,157.8,219.9,54.7,86.8,141.5,49.1,,119.4,2.8,20.6,23.4,31.6,68.5,100.1,,,14.9,,,26.8,43.4,85.0,128.4,38.0,109.8,149.4,57.0,147.1,214.0,1.0,20.2,20.6,65.6,56.9,122.5,,,,,,56.2
1996-12-31,,,55.5,,,,,,,4.3,22.6,26.5,43.0,72.1,111.8,56.5,59.2,115.7,39.4,71.0,110.4,11.7,33.0,44.9,61.1,80.9,142.0,,,193.7,,,80.7,,,77.5,16.534,31.022,47.6,8.0,73.1,80.0,63.0,62.3,124.8,69.8,72.7,146.6,32.3,50.2,82.6,32.1,82.5,115.4,34.3,97.2,131.4,,,,56.6,51.7,108.3,7.4,30.2,37.4,44.5,121.0,165.4,5.2,43.1,48.3,,,67.1,,,88.0,34.5,56.1,90.7,,,53.1,17.5,50.7,68.1,68.2,136.2,204.4,46.2,91.9,140.7,37.4,93.3,130.7,10.4,28.2,38.7,,,184.0,71.5,158.0,221.8,54.2,86.1,140.3,50.4,,122.3,3.6,21.7,25.3,32.8,69.5,102.3,,,15.8,,,25.4,43.7,86.5,130.1,38.6,111.0,151.2,58.7,149.3,217.5,1.3,22.6,23.2,65.9,56.5,122.3,,,,,,56.6
1997-03-31,,,56.5,,,,,,,4.5,23.0,26.9,42.8,72.2,111.7,57.0,58.7,115.6,39.4,73.7,113.1,11.9,31.9,44.0,61.1,83.1,144.2,,,195.7,,,82.1,,,80.4,15.983,33.207,49.2,11.2,80.2,90.5,63.0,62.8,125.3,70.3,73.0,147.5,32.5,50.4,83.0,31.8,84.2,116.7,34.1,98.0,132.1,,,,56.3,51.5,107.8,7.8,30.5,38.0,46.5,124.5,170.8,4.8,42.7,47.5,,,67.6,,,88.9,34.8,55.7,90.5,,,55.0,17.5,49.6,67.1,67.6,133.5,201.1,46.8,96.2,145.8,38.0,98.3,136.3,10.5,27.7,38.2,,,192.9,75.9,160.1,229.2,54.1,89.2,143.2,51.9,,122.9,4.0,22.0,26.0,33.6,71.1,104.6,,,15.9,,,25.4,44.0,95.8,139.9,39.1,113.2,153.9,60.6,150.3,219.7,1.3,22.8,23.4,65.3,56.9,122.1,,,,,,56.6
1997-06-30,,,57.4,,,,,,,4.6,23.9,27.9,43.8,75.6,116.0,58.1,59.0,117.1,40.2,75.1,115.2,12.2,33.3,45.7,61.2,83.5,144.7,,,195.8,,,82.1,,,80.7,15.518,35.082,50.6,10.7,81.8,91.5,63.7,63.1,126.3,71.1,73.4,148.8,33.8,50.2,84.2,31.4,85.5,117.4,34.2,98.1,132.3,,,,56.8,52.8,109.6,8.2,31.4,39.4,48.3,128.5,176.7,4.7,43.9,48.6,,,69.9,,,94.3,35.2,58.8,93.9,,,53.0,17.8,49.8,67.6,67.5,132.4,199.9,47.8,96.2,146.6,38.4,101.9,140.3,10.1,26.9,37.0,,,201.2,78.9,160.8,233.7,53.7,94.2,147.9,52.5,,125.0,4.1,22.2,26.3,34.8,69.4,104.3,,,17.5,,,24.7,44.0,95.3,139.4,39.3,112.8,153.7,62.9,150.1,220.5,1.5,23.8,24.6,65.4,57.3,122.7,,,,,,57.0
1997-09-30,,,54.4,,,,,,,4.6,24.4,28.5,44.3,77.8,118.7,58.5,59.5,118.0,40.4,76.2,116.6,12.7,33.7,46.6,61.7,83.4,145.1,,,193.9,,,84.2,,,81.8,15.55,37.165,52.7,8.9,81.3,89.0,64.2,63.1,126.8,72.1,73.9,150.5,33.9,51.0,85.0,30.9,86.5,118.0,34.2,97.5,131.7,,,,57.0,54.6,111.6,8.7,31.0,39.4,51.1,130.3,181.3,4.6,44.3,48.9,,,78.3,,,95.8,35.7,58.0,93.7,,,52.4,17.6,48.9,66.5,67.7,131.7,199.3,48.1,97.4,148.3,38.6,105.5,144.1,9.7,24.9,34.6,,,208.8,81.0,160.8,236.5,53.9,95.0,148.9,53.3,,127.9,4.4,22.5,26.8,36.0,68.1,104.1,,,18.5,,,25.8,44.0,94.8,138.8,39.7,117.7,158.9,64.8,160.2,234.2,1.6,24.0,24.9,65.8,57.7,123.5,,,,,,57.8
1997-12-31,,,53.2,,,,,,,5.0,25.1,29.6,44.3,78.6,119.5,59.9,61.2,121.1,40.3,77.3,117.6,12.5,35.0,47.7,62.0,83.1,145.1,,,192.9,,,88.4,,,84.5,15.41,38.785,54.2,8.0,81.9,88.5,64.9,63.5,128.0,72.5,74.2,151.3,34.5,51.3,85.9,30.0,86.3,116.6,34.5,96.9,131.4,,,,57.4,54.1,111.4,9.2,30.8,39.7,50.6,124.9,175.4,4.9,45.3,50.1,,,83.5,,,97.1,36.2,58.9,95.1,,,53.9,17.8,49.9,67.7,68.0,134.3,202.3,48.3,103.6,155.0,37.8,107.5,145.3,9.3,23.8,33.0,,,209.7,77.4,155.6,227.5,54.2,97.6,151.7,54.7,,134.5,4.5,22.5,27.0,37.3,68.9,106.1,,,19.1,,,27.5,44.1,92.3,136.4,39.6,117.6,158.7,64.6,172.6,250.1,2.0,26.6,27.8,65.9,58.1,124.1,,44.7,,,,58.6
1998-03-31,,,54.8,,,,,,,5.4,25.0,29.9,43.5,77.0,117.1,60.6,60.9,121.5,39.7,77.6,117.3,12.6,36.4,49.1,62.3,84.2,146.5,,,192.0,,,90.9,,,83.9,15.368,38.565,53.9,8.2,79.6,86.5,64.6,63.9,128.0,73.7,72.5,151.2,35.2,51.3,86.7,29.3,84.2,113.9,33.7,97.5,131.2,,,,58.0,54.9,112.9,9.4,32.9,42.0,51.1,122.3,173.3,4.6,45.0,49.6,,,105.0,,,101.6,35.2,58.9,94.1,,,57.2,17.8,49.3,67.1,67.4,132.3,199.6,46.3,103.9,153.6,37.9,108.7,146.6,9.1,23.5,32.7,,,206.0,80.7,157.8,233.7,54.7,101.2,155.9,55.3,,131.9,4.9,23.7,28.6,38.1,73.9,112.0,0.6,18.3,19.3,17.1,17.2,31.6,44.0,94.9,138.9,39.1,113.5,154.2,63.2,158.9,231.9,1.8,26.7,27.7,65.6,59.2,124.9,,45.3,,,,60.6
1998-06-30,,,54.7,,,,,,,5.6,25.3,30.4,43.7,78.6,118.8,61.7,62.6,124.3,41.6,79.0,120.6,12.4,36.7,49.2,62.8,85.9,148.7,,,192.0,,,93.8,,,85.4,15.477,38.705,54.2,8.1,76.5,83.4,65.1,64.0,128.7,75.4,71.2,152.4,36.7,52.5,89.4,29.2,82.2,111.8,33.8,96.9,130.8,,,,58.3,56.2,114.5,9.6,33.0,42.3,52.9,121.7,174.4,4.5,46.3,50.9,,,137.8,,,102.7,35.9,60.2,96.1,,,55.6,18.4,49.0,67.4,68.2,131.4,199.6,45.5,104.1,153.2,38.3,109.9,148.2,8.9,23.5,32.4,,,204.1,81.4,157.9,234.7,55.7,106.6,162.3,55.7,80.1,135.1,5.3,24.8,30.1,39.9,73.4,113.3,0.6,19.3,20.3,18.0,19.0,34.5,44.1,94.7,138.8,39.4,113.0,154.1,62.7,161.7,235.2,1.9,27.6,28.6,66.3,60.6,127.0,,45.7,,,,62.1
1998-09-30,,,56.7,,,,,,,5.9,25.7,31.2,43.6,79.2,119.3,62.2,62.9,125.0,41.5,80.6,122.1,12.7,36.6,49.4,64.0,86.8,150.8,,,189.9,,,94.1,,,88.6,15.928,39.54,55.5,8.0,73.7,80.6,65.5,64.9,129.9,76.5,69.5,152.4,36.9,52.5,89.6,29.4,80.0,109.9,33.9,96.3,130.1,,,,59.2,59.1,118.4,9.9,32.5,42.1,54.2,122.3,176.3,4.5,46.8,51.3,,,98.2,,,103.1,35.8,62.0,97.8,,,55.3,18.3,48.3,66.6,68.3,132.6,200.9,44.4,108.1,157.0,38.8,111.6,150.4,8.6,23.6,32.2,,,203.1,83.4,159.4,238.6,56.3,107.4,163.6,56.6,81.3,137.2,5.9,26.1,32.0,41.8,73.0,114.8,0.8,29.2,30.4,19.1,22.4,39.9,44.3,97.1,141.4,39.8,111.1,152.7,62.6,159.0,231.8,2.0,23.9,25.2,66.8,61.3,128.1,,45.7,,,,62.1
1998-12-31,,,59.2,,,,,,,6.1,26.2,32.0,43.7,80.4,120.7,63.4,62.9,126.3,41.7,82.0,123.7,12.6,36.5,49.3,64.3,87.0,151.3,,,189.6,,,95.7,,,90.7,15.143,39.242,54.4,7.1,70.4,76.4,67.0,65.9,132.5,76.3,67.8,150.7,38.1,53.8,92.1,29.6,78.5,108.7,33.8,95.7,129.5,,,,59.6,60.0,119.5,10.4,33.2,43.2,56.0,118.7,174.5,4.4,45.2,49.6,,,74.6,,,106.0,37.0,65.7,102.7,,,54.6,18.7,49.5,68.2,68.9,127.9,196.8,44.5,104.8,153.7,36.9,110.2,147.1,8.8,21.5,30.2,,,207.9,84.2,160.0,240.0,56.8,109.9,166.6,57.6,81.4,138.5,6.3,27.1,33.4,44.0,74.9,118.9,0.6,32.8,33.8,19.7,24.0,42.5,44.6,96.6,141.1,40.7,113.4,155.8,61.9,155.8,227.4,2.1,24.4,25.7,67.4,62.0,129.4,,46.3,,,,63.5
1999-03-31,,,57.6,,,125.5,,,138.0,6.1,26.3,32.1,43.4,79.2,119.1,64.0,63.5,127.5,43.3,85.5,128.7,12.5,37.0,49.7,63.9,86.0,149.9,,,194.1,,,99.2,,,90.8,14.883,39.822,54.7,8.2,71.4,78.6,67.9,62.0,129.9,77.7,72.1,150.0,39.3,56.5,96.0,29.6,81.7,111.8,33.7,96.2,130.0,,,124.6,60.3,62.3,122.6,10.8,34.7,45.2,56.9,116.1,172.8,4.4,46.3,50.6,,,59.4,,,110.4,36.5,65.1,101.5,,,57.8,19.3,48.4,67.7,68.7,124.9,193.6,44.5,109.6,159.1,39.2,114.4,153.6,8.9,20.4,29.3,,,203.5,86.4,163.5,245.7,56.9,112.1,169.0,58.6,78.9,137.6,6.4,28.3,34.7,44.9,75.2,120.1,0.6,31.4,32.5,19.7,19.8,36.4,44.7,99.1,143.8,41.5,112.1,155.6,61.5,153.9,224.7,1.8,24.5,25.6,67.4,63.0,130.4,46.0,66.5,112.5,,,63.8
1999-06-30,,,58.7,,,124.6,,,136.5,6.2,26.7,32.5,43.7,79.6,119.8,65.6,61.4,127.1,42.3,88.7,131.0,12.5,35.6,48.2,64.1,84.7,148.8,,,197.2,,,104.5,,,92.1,14.773,40.703,55.5,8.1,70.7,77.8,69.2,62.9,132.0,77.6,74.0,151.7,40.7,62.2,103.0,30.2,83.9,114.7,34.3,98.2,132.5,,,123.8,61.0,64.4,125.3,11.3,34.2,45.1,58.1,112.2,170.1,4.5,47.4,51.9,,,38.5,,,118.0,36.3,65.5,101.9,,,55.2,19.9,51.1,71.1,68.9,122.8,191.7,44.6,102.2,151.4,39.9,116.3,156.2,8.6,20.0,28.6,,,199.3,88.0,163.8,247.8,57.3,113.0,170.3,59.2,76.5,136.5,6.2,29.0,35.2,48.4,77.3,125.6,0.5,27.3,28.1,19.4,18.7,34.7,45.3,98.1,143.4,42.3,111.3,155.8,60.6,147.7,216.4,1.9,24.0,25.2,68.0,63.3,131.3,46.9,67.8,114.6,,,63.5
1999-09-30,,,58.4,,,130.1,,,142.7,6.4,26.1,32.1,44.6,82.0,123.0,66.4,62.4,128.8,42.6,91.7,134.3,12.5,36.6,49.3,63.6,83.5,147.2,,,198.9,,,106.7,,,93.6,14.314,40.766,55.1,8.5,70.9,78.4,69.6,63.8,133.4,76.2,74.4,150.7,41.1,63.1,104.3,31.0,82.2,113.8,34.7,98.8,133.6,,,129.6,61.9,64.4,126.3,11.8,34.7,45.9,58.5,110.6,168.8,4.8,47.8,52.5,,,42.4,,,121.5,36.9,67.8,104.6,,,55.6,20.3,51.5,71.8,69.4,121.8,191.3,44.4,99.2,147.8,37.8,115.6,153.4,8.2,18.3,26.5,,,198.3,89.6,165.6,251.3,57.2,109.8,167.0,60.5,76.3,137.9,6.5,30.1,36.6,49.9,78.4,128.3,0.5,25.0,25.9,18.9,18.3,34.0,45.5,97.6,143.1,42.5,108.2,153.3,58.8,139.1,204.6,2.0,24.3,25.6,68.7,64.4,133.1,47.3,68.5,115.8,,,62.5
1999-12-31,,,62.5,,,131.5,62.7,80.8,143.6,7.5,24.6,32.1,45.5,84.1,125.9,67.8,63.8,131.6,42.1,94.2,136.3,12.2,36.4,48.7,63.3,81.3,144.6,102.3,95.1,197.2,,,105.4,,,104.3,13.592,40.326,53.9,7.6,68.6,75.2,70.1,66.6,136.8,75.8,74.8,150.7,42.3,65.1,107.5,31.2,81.1,112.4,34.8,100.5,135.3,,,131.2,62.9,65.4,128.3,12.2,35.3,46.9,58.1,108.3,166.1,5.0,48.3,53.3,,,34.5,,,128.0,37.2,69.8,107.0,,,58.4,21.1,53.7,74.8,70.2,123.8,194.0,43.5,92.8,139.6,38.2,117.1,155.4,8.1,17.6,25.7,,,189.4,90.7,166.9,253.7,56.5,108.8,165.3,61.3,79.4,141.4,6.2,30.2,36.5,52.7,78.5,131.2,0.5,24.8,25.6,18.9,18.9,34.8,46.1,100.7,146.8,42.4,107.9,152.8,57.3,130.7,193.1,2.1,24.1,25.5,69.4,64.6,133.9,47.8,70.7,118.5,,,62.0
2000-03-31,,,60.9,,,129.7,62.2,79.7,142.0,7.6,23.3,30.9,45.2,84.2,129.3,68.1,64.5,132.6,41.7,97.0,138.7,12.2,31.8,44.2,63.0,84.2,147.1,101.2,91.9,193.2,,,103.3,,,104.1,11.969,38.913,50.9,6.6,65.9,71.5,69.8,69.3,139.2,77.2,76.6,153.8,43.1,68.6,111.8,31.2,83.0,114.2,34.7,100.6,135.3,,,129.4,63.1,66.7,129.7,12.4,37.0,48.8,57.9,106.3,163.9,5.2,49.2,54.4,,,32.7,,,132.8,36.7,69.6,106.3,,,59.4,21.4,52.9,74.3,70.2,121.0,191.2,47.9,89.1,139.4,39.3,119.2,158.4,8.0,17.0,25.1,,,180.3,91.1,167.0,254.2,54.9,107.7,162.6,61.2,83.0,144.2,6.4,30.5,36.9,54.3,82.5,136.7,0.4,22.7,23.4,18.2,17.0,31.8,46.4,99.2,145.6,42.2,103.1,148.1,55.7,128.4,189.4,2.5,23.1,24.9,69.4,65.4,134.8,47.9,70.9,118.8,,,60.1
2000-06-30,,,59.4,,,128.5,61.9,79.1,141.1,7.6,22.7,30.3,45.5,85.4,130.9,69.7,65.1,134.8,41.2,99.7,140.9,13.9,31.4,45.7,62.2,84.0,146.2,100.1,92.1,192.1,,,105.5,,,100.8,11.152,38.201,49.4,6.9,65.0,70.9,70.1,71.7,141.8,75.8,78.7,154.5,44.2,71.6,115.8,31.4,84.1,115.6,34.8,102.0,136.8,,,128.2,64.0,68.9,133.0,13.0,38.9,51.4,57.7,103.4,160.8,5.6,51.2,56.8,,,33.7,,,127.9,36.8,69.7,106.5,,,60.6,21.6,53.4,75.0,69.3,117.9,187.2,47.3,86.8,136.3,39.0,119.5,158.4,7.9,17.5,25.4,,,176.5,92.1,167.6,255.8,54.1,106.8,160.8,61.3,83.7,145.0,7.7,32.4,40.1,55.7,82.9,138.6,0.4,21.4,22.2,17.9,16.3,30.6,46.7,99.2,145.9,42.3,104.5,149.6,54.1,121.5,179.9,3.4,22.5,25.3,69.6,66.1,135.7,48.0,71.9,119.9,,,59.3
2000-09-30,,,58.5,,,126.0,61.1,77.4,138.6,6.8,23.4,30.1,46.1,86.9,132.9,69.4,66.1,135.5,40.8,102.5,143.4,14.0,30.5,45.0,61.9,83.7,145.6,99.5,89.9,189.5,,,106.5,,,101.9,10.445,37.658,48.1,8.4,65.9,73.3,70.2,72.0,142.2,76.0,82.1,158.1,44.5,75.6,120.1,31.8,89.6,121.4,34.9,103.9,138.8,,,125.9,64.5,70.2,134.7,14.1,40.5,54.0,57.7,108.5,165.9,6.0,52.5,58.4,,,32.1,,,130.0,36.4,69.3,105.7,,,60.4,21.8,53.8,75.6,69.3,117.1,186.5,47.9,86.1,136.1,38.6,122.2,160.8,7.6,16.9,24.5,,,171.6,93.3,168.4,257.9,53.3,110.4,163.6,61.4,84.3,145.7,7.2,32.0,39.3,56.7,84.1,140.8,0.5,21.7,22.5,17.7,15.9,30.0,46.8,102.7,149.5,41.9,103.3,147.9,52.4,111.4,166.2,3.9,22.7,26.1,70.3,65.9,136.2,48.4,73.5,121.9,,,60.4
2000-12-31,,,59.2,,,128.2,62.3,79.0,141.3,6.8,22.7,29.4,45.2,87.7,132.9,70.1,68.6,138.6,40.8,105.4,146.2,13.9,33.0,47.2,61.4,82.6,143.9,99.7,89.6,189.5,,,109.4,,,104.5,9.655,37.198,46.9,7.9,64.1,71.1,70.5,77.6,148.1,75.8,81.7,157.4,45.6,76.6,122.3,31.6,90.2,121.8,34.8,104.8,139.6,,,127.8,65.0,70.5,135.5,15.2,41.6,56.0,57.9,105.2,162.9,6.5,53.6,60.1,,,31.8,,,128.2,35.7,71.5,107.2,,,62.5,22.6,55.8,78.4,68.8,116.0,184.7,47.6,84.0,133.4,38.8,125.8,164.6,7.3,16.6,24.0,,,168.9,93.6,170.7,260.4,52.7,104.4,157.1,61.9,85.3,147.2,7.1,32.3,39.4,58.8,83.9,142.8,0.6,23.0,23.7,18.1,15.7,29.8,47.4,106.2,153.6,41.7,102.6,147.2,50.5,107.9,160.9,4.0,22.2,25.7,70.7,66.0,136.7,48.7,76.0,124.6,,,60.0
2001-03-31,,,56.6,,,124.2,60.6,76.6,137.2,6.7,21.7,28.3,45.2,87.2,132.4,70.2,70.6,140.8,40.4,106.7,147.1,14.0,34.7,49.1,60.5,86.2,146.7,99.4,97.0,195.6,,,111.6,,,95.2,9.395,36.857,46.3,9.4,64.1,72.9,69.9,78.7,148.5,77.7,85.1,162.7,45.8,77.1,122.9,31.5,90.0,121.5,34.9,106.3,141.2,,,123.6,65.7,73.4,139.1,15.9,42.9,58.1,58.3,106.1,164.1,6.7,54.8,61.5,,,32.1,,,128.0,34.9,73.0,108.0,,,63.4,22.8,56.1,78.9,67.6,114.6,182.2,48.0,84.3,134.3,39.3,131.1,170.4,7.4,16.1,23.5,,,167.4,93.3,166.2,255.9,52.8,104.4,157.2,62.1,87.8,149.9,7.6,32.5,40.1,59.3,87.5,146.8,0.8,21.4,22.3,18.5,15.4,29.6,47.4,104.9,152.3,42.8,103.6,149.3,49.0,107.2,159.3,3.3,26.6,29.2,70.5,65.8,136.3,48.6,75.8,124.4,,,59.6
2001-06-30,,,57.0,,,125.5,61.7,77.1,138.8,6.7,22.7,29.3,46.0,86.9,132.9,71.4,68.0,139.5,40.5,108.7,149.2,10.8,37.0,47.8,60.9,85.8,146.7,99.0,93.2,191.9,,,113.0,,,96.7,9.432,36.859,46.3,10.8,64.3,74.6,69.6,79.3,149.0,77.9,87.8,165.7,46.8,79.2,126.1,31.6,90.3,121.9,35.1,108.2,143.2,,,125.1,66.6,73.4,140.0,16.9,43.8,59.9,59.1,103.7,162.5,7.1,53.1,60.3,,,32.3,,,129.4,35.2,73.7,108.9,,,62.9,23.3,56.5,79.8,67.2,112.5,179.6,49.4,82.5,133.9,40.1,135.3,175.4,7.3,15.1,22.5,,,169.5,93.6,165.7,255.9,53.4,106.6,160.0,62.0,88.9,150.9,7.9,32.5,40.5,60.3,89.2,149.5,0.9,22.3,23.3,19.6,15.6,30.3,48.2,106.2,154.4,43.2,105.9,152.0,47.2,99.8,149.0,2.8,27.0,29.0,71.8,66.6,138.4,48.8,76.6,125.3,,,58.9
2001-09-30,,,57.4,,,130.9,64.8,80.3,145.1,6.6,21.7,28.2,47.0,87.2,134.2,72.5,67.8,140.2,39.1,110.9,150.0,11.0,40.2,51.0,61.8,87.8,149.6,98.5,89.6,188.1,,,117.6,,,96.3,9.304,36.805,46.1,7.9,57.9,65.1,69.6,80.1,149.8,78.4,91.0,169.4,46.8,82.7,129.4,31.8,88.4,120.2,35.2,108.9,144.1,,,130.4,67.7,73.5,141.3,18.1,44.0,61.0,59.8,103.5,163.0,7.6,54.0,61.6,,,28.5,,,128.1,36.1,76.4,112.5,,,63.0,23.5,56.5,79.9,67.5,112.0,179.5,51.4,82.6,135.9,39.0,144.6,183.6,7.4,15.2,22.6,,,174.3,94.1,164.1,254.9,54.5,104.6,159.1,61.9,81.9,143.8,9.0,33.7,42.7,61.7,90.3,152.0,0.9,23.6,24.7,20.9,16.0,31.5,48.9,107.0,155.9,45.0,108.9,156.9,47.2,99.4,148.5,2.3,29.7,31.1,73.7,66.7,140.4,48.8,77.4,126.2,,,60.4
2001-12-31,,,59.8,,,129.4,64.0,78.8,142.9,6.1,34.1,39.4,45.5,89.2,134.6,73.7,65.2,139.0,39.1,113.1,152.2,11.1,38.3,49.3,62.8,87.8,150.6,98.1,86.4,185.0,,,112.3,,,96.9,9.229,36.786,46.0,8.4,56.5,64.2,69.3,80.1,149.4,80.5,92.7,173.2,47.3,84.2,131.4,32.1,85.3,117.4,35.3,109.7,145.0,,,128.9,68.9,74.9,143.8,19.3,44.8,63.0,60.3,101.9,161.9,8.3,53.7,62.0,6.2,22.4,28.0,,,134.4,36.6,79.1,115.7,,,64.1,23.9,58.0,81.8,67.5,112.6,180.1,52.6,80.3,134.7,39.2,149.9,189.1,7.6,15.0,22.6,,,177.6,94.9,165.5,257.1,56.5,108.1,164.6,62.4,82.1,144.5,8.9,33.2,42.1,63.4,90.9,154.4,1.0,25.1,26.3,21.4,16.6,32.5,49.5,111.5,160.9,47.1,115.7,166.0,47.2,95.5,143.5,2.0,26.2,27.4,74.6,66.8,141.4,48.9,79.5,128.4,,,63.6
2002-03-31,,,62.5,,,130.8,64.8,79.2,144.0,5.4,72.7,75.3,45.6,88.7,134.3,75.3,63.3,138.7,38.6,112.5,151.1,11.1,38.7,49.7,63.4,90.5,153.9,98.9,87.8,187.1,,,111.7,,,105.2,8.954,36.779,45.7,8.7,55.6,63.8,68.9,79.6,148.5,81.1,92.0,173.1,48.2,85.4,133.5,32.3,92.2,124.4,35.4,110.2,145.6,,,130.2,70.0,75.8,145.9,20.2,44.4,63.3,61.0,102.5,163.2,8.5,51.8,60.3,6.2,20.4,26.1,50.5,83.9,134.5,37.2,81.3,118.5,,,66.0,24.2,57.7,81.9,67.4,111.9,179.3,55.5,80.6,137.4,39.1,124.8,163.9,7.8,14.3,22.1,,,179.1,95.5,164.1,256.5,58.1,111.8,169.9,62.5,84.3,146.8,9.6,33.6,43.2,64.0,90.7,154.7,1.0,25.0,26.1,22.6,16.6,33.1,49.5,109.9,159.4,47.3,114.6,165.1,47.9,100.9,150.7,1.7,22.9,24.0,75.2,66.8,142.0,49.0,80.1,129.1,,,60.7
2002-06-30,,,63.5,,,139.6,69.4,84.9,154.4,4.5,83.5,84.5,45.8,89.3,135.0,78.2,63.8,142.0,39.1,111.6,150.7,11.2,39.3,50.3,64.6,90.4,155.0,99.6,85.2,185.5,,,113.9,,,107.5,9.794,37.755,47.5,8.9,54.5,63.0,68.9,81.5,150.5,81.8,89.8,171.6,49.8,85.2,134.9,32.9,90.0,123.0,35.7,109.7,145.4,,,138.9,71.5,76.9,148.4,21.2,45.0,64.9,61.4,101.3,162.4,9.6,52.8,62.4,6.7,18.7,25.0,50.5,86.2,136.6,38.1,83.9,122.0,,,69.5,24.8,58.2,83.0,67.1,111.0,178.1,58.6,79.9,139.5,38.7,127.8,166.5,8.0,15.0,23.0,,,178.9,96.9,160.4,254.6,60.1,111.6,171.7,63.2,83.2,146.4,11.1,34.8,45.9,64.7,89.2,153.9,1.2,26.9,28.2,23.8,17.4,34.7,50.0,109.1,159.0,47.6,114.2,165.0,48.6,98.3,147.7,1.9,21.8,23.0,76.5,66.7,143.2,49.4,80.4,129.8,,,59.6
2002-09-30,,,63.8,,,137.7,69.0,82.8,151.8,3.9,75.6,76.2,46.1,89.1,135.2,80.2,64.3,144.5,38.9,111.1,149.9,10.8,45.2,55.7,65.1,90.7,155.8,99.8,84.1,184.8,,,117.0,,,109.2,9.96,37.914,47.9,9.9,54.7,64.2,68.9,81.8,150.8,84.2,88.3,172.5,50.3,85.0,135.3,33.7,88.6,122.2,36.0,109.0,145.0,,,137.1,73.6,80.3,153.8,22.5,44.3,65.3,60.9,101.5,162.1,10.8,51.7,62.6,7.1,18.9,25.7,50.9,84.5,135.4,38.4,84.5,122.9,,,69.3,25.0,57.7,82.8,66.7,109.0,175.7,61.0,79.3,141.0,37.9,131.2,169.1,8.2,15.0,23.2,,,176.3,98.4,161.7,257.5,61.6,112.2,173.9,63.4,83.7,147.1,12.3,35.8,48.2,65.8,90.6,156.4,1.3,27.4,28.9,24.3,17.1,34.4,50.4,108.3,158.7,47.5,114.3,165.0,49.3,98.5,148.2,1.9,21.4,22.6,77.8,66.4,144.2,49.6,80.3,129.9,,,58.8
2002-12-31,,,66.2,,,140.9,70.6,84.4,155.0,3.4,62.3,63.2,46.4,88.0,134.4,81.3,63.6,144.8,39.4,109.8,149.2,10.6,42.6,52.9,65.0,89.8,154.8,101.4,82.8,185.4,22.6,90.4,113.1,,,110.5,10.151,38.033,48.2,11.1,55.5,66.3,69.1,82.6,151.6,84.8,85.5,170.3,51.2,86.9,138.1,34.6,85.0,119.5,36.1,109.2,145.3,,,140.3,74.8,79.2,154.0,23.7,44.6,66.7,60.5,100.8,161.0,11.8,49.7,61.5,7.4,19.1,26.2,51.3,81.2,132.5,37.6,82.9,120.5,,,70.6,25.6,58.8,84.3,66.4,110.0,176.4,61.7,79.0,141.0,39.8,136.3,176.0,8.3,15.2,23.5,,,174.5,99.7,159.8,257.2,62.4,111.7,174.1,64.7,83.8,148.5,12.8,35.9,48.8,67.4,92.9,160.3,1.2,28.3,29.7,24.1,16.4,33.4,51.1,109.5,160.6,47.7,111.3,162.2,49.5,97.2,146.7,1.8,20.6,21.8,79.3,66.3,145.6,50.2,81.0,131.2,,,56.9
2003-03-31,,,68.4,,,139.5,70.1,82.6,152.7,2.9,51.6,52.4,46.7,88.6,135.3,82.8,62.5,145.3,39.2,108.9,148.1,10.2,42.3,52.1,64.2,87.7,151.9,102.6,83.6,187.4,22.9,89.2,112.1,,,113.3,9.878,36.745,46.6,11.3,53.7,64.7,68.8,83.4,152.2,87.0,88.4,175.4,52.0,87.3,139.3,34.9,85.1,120.1,36.2,109.9,146.1,,,138.9,75.4,76.3,151.7,24.4,44.3,67.1,59.7,101.4,160.8,12.8,50.4,63.2,7.5,18.6,25.8,52.3,74.2,126.5,36.8,80.8,117.7,,,72.3,25.8,58.7,84.5,66.3,107.9,174.2,60.9,79.8,141.0,40.1,135.9,176.0,8.4,14.9,23.3,,,170.5,100.9,159.2,257.9,62.8,113.9,176.7,66.0,83.6,149.6,13.3,36.3,49.6,67.9,97.3,165.1,1.3,29.8,31.3,24.2,16.7,33.9,51.5,107.3,158.7,49.1,107.0,159.5,49.8,95.9,145.2,1.8,20.9,22.1,80.3,65.8,146.1,50.2,80.9,131.1,,,60.5
2003-06-30,,,71.1,,,140.5,71.2,82.2,153.4,2.7,46.1,46.9,46.8,88.9,135.7,85.8,62.1,147.9,39.6,111.4,151.0,10.2,39.3,49.2,65.0,87.1,152.1,104.2,84.0,189.5,23.0,84.7,107.8,,,118.5,9.779,35.871,45.7,11.1,51.3,62.2,69.0,84.4,153.3,89.0,88.9,177.9,54.0,87.7,141.8,36.1,87.0,123.1,36.6,109.9,146.5,,,140.0,76.7,77.3,154.1,25.4,43.9,67.6,59.7,106.6,166.0,14.4,53.2,67.6,8.2,16.9,24.9,53.8,75.6,129.5,36.9,77.5,114.4,,,71.2,26.3,59.6,85.9,65.8,105.4,171.2,60.5,79.4,140.1,42.1,135.7,177.9,8.5,14.6,23.1,,,170.3,102.6,159.7,260.4,64.3,116.8,181.0,67.2,82.8,150.0,13.1,35.6,48.7,68.8,97.2,166.0,1.7,30.3,32.1,25.0,16.5,33.8,52.3,107.9,160.2,51.5,112.7,167.8,50.4,95.1,145.0,2.0,17.5,19.1,83.0,65.5,148.5,50.7,81.6,132.4,,,59.9
2003-09-30,,,71.1,,,141.7,72.5,82.5,154.9,2.6,44.2,44.9,47.0,88.5,135.4,88.0,61.1,149.1,39.2,113.8,153.0,10.1,38.8,48.7,66.0,85.6,151.6,105.0,86.0,192.2,23.1,81.7,104.8,,,120.4,9.723,35.084,44.8,11.3,49.5,60.6,69.2,84.1,153.4,90.0,88.8,178.8,54.8,88.6,143.5,37.4,86.6,124.0,37.1,108.8,145.9,,,141.2,78.1,76.4,154.5,26.4,44.9,69.5,59.6,107.4,166.7,15.8,51.3,67.2,8.6,16.9,25.4,56.4,77.0,133.4,36.9,78.5,115.4,,,69.7,26.6,59.1,85.7,65.9,103.1,169.0,60.1,79.0,139.2,41.2,135.0,176.3,8.7,14.7,23.5,,,169.3,105.1,159.9,263.4,65.4,113.7,179.1,68.8,81.0,149.8,13.2,35.5,48.8,70.1,96.1,166.2,1.9,32.1,34.2,26.3,16.2,33.9,52.8,106.3,159.1,52.9,110.5,167.1,50.8,92.1,142.6,2.2,17.4,19.2,84.2,65.0,149.2,51.2,81.6,132.8,,,60.5
2003-12-31,,,70.5,,,143.9,74.1,83.6,157.8,2.6,42.2,43.0,46.9,90.1,137.0,90.5,61.9,152.4,39.5,116.1,155.7,10.1,38.5,48.4,66.9,84.6,151.4,106.2,85.7,193.3,23.5,77.3,100.8,,,119.0,9.702,34.305,44.0,11.8,48.2,60.0,69.3,83.3,152.6,90.3,87.2,177.5,56.7,91.5,148.3,38.1,87.3,125.4,37.5,107.1,144.6,,,143.3,79.6,74.5,154.1,27.5,45.3,70.9,59.9,109.1,168.8,17.1,54.9,72.0,9.1,17.3,26.3,58.2,83.1,141.4,37.1,79.7,116.9,,,70.8,27.3,60.7,88.0,65.7,103.3,169.0,60.6,77.4,138.0,43.3,133.1,176.4,8.9,14.8,23.7,,,165.7,106.7,170.3,274.7,66.7,109.9,176.5,70.7,79.5,150.3,12.9,34.7,47.7,71.4,96.1,167.6,2.2,32.6,34.9,26.0,15.6,33.0,53.6,104.3,157.9,54.6,109.2,167.7,51.7,86.0,137.8,2.8,17.5,19.9,85.1,64.2,149.3,51.7,82.0,133.7,,,61.3
2004-03-31,,,70.9,,,140.4,72.6,81.1,153.7,2.5,38.0,39.0,47.0,90.4,137.4,92.2,60.7,152.8,39.6,116.8,156.4,10.2,36.4,46.4,67.2,87.3,154.6,106.4,90.6,197.8,24.4,76.8,101.2,,,121.8,9.98,32.88,42.9,12.2,49.6,61.7,68.4,81.0,149.4,92.9,90.1,183.0,58.0,92.7,150.8,38.6,88.4,127.0,37.8,107.2,145.0,,,139.9,80.8,72.9,153.7,28.5,44.6,71.0,59.5,111.7,171.0,17.5,54.5,72.0,9.2,16.4,25.5,60.2,82.4,142.6,37.1,81.0,118.1,,,73.6,27.7,60.0,87.7,65.3,100.8,166.0,59.5,76.6,136.2,43.5,140.4,183.9,9.1,14.5,23.6,,,167.3,107.8,168.2,274.0,67.2,113.3,180.5,71.8,79.5,151.3,12.9,35.1,48.0,72.3,99.4,171.8,2.5,34.8,37.4,26.5,14.0,30.9,54.2,102.8,157.1,54.0,104.9,161.0,52.5,87.2,139.8,3.3,17.8,20.7,85.4,64.3,149.7,51.8,81.9,133.7,,,59.1
2004-06-30,,,68.9,,,137.0,71.8,78.4,150.3,2.5,37.2,38.2,48.0,90.8,138.8,93.9,61.0,154.9,39.4,117.3,156.7,10.5,36.4,46.9,68.4,85.8,154.2,106.4,84.7,192.6,24.6,75.5,100.1,,,118.4,10.489,31.779,42.3,12.7,48.1,60.8,68.2,79.6,147.8,92.8,91.1,183.9,60.5,95.0,155.7,39.8,89.3,129.1,38.6,107.9,146.5,,,136.4,82.2,71.9,154.1,29.9,45.6,73.3,57.9,109.4,167.0,18.3,56.6,74.9,9.9,18.6,28.3,63.0,78.9,141.8,37.1,81.0,118.2,,,73.3,28.5,61.2,89.7,64.7,98.9,163.6,58.7,74.9,133.7,43.6,147.3,190.9,9.2,14.1,23.3,,,166.7,108.8,166.2,273.2,67.5,115.3,182.8,72.8,83.1,155.8,13.3,33.7,47.0,73.9,99.6,173.5,3.0,34.3,37.4,28.5,15.2,33.5,55.2,102.6,157.8,53.1,101.1,156.3,52.9,86.9,140.0,4.1,19.8,23.4,86.6,64.0,150.6,52.7,81.9,134.6,,,57.9
2004-09-30,,,68.9,,,136.4,72.0,77.7,149.8,2.6,36.1,37.3,48.3,90.8,139.1,95.2,60.8,156.0,39.8,117.6,157.4,10.9,35.0,45.9,69.1,84.4,153.5,106.4,84.0,192.1,24.9,73.5,98.4,,,116.3,10.863,30.581,41.4,12.9,47.4,60.3,68.3,78.0,146.3,93.5,91.5,185.1,61.5,95.9,157.6,40.6,88.5,129.1,39.1,108.2,147.3,,,135.8,84.0,72.7,156.6,31.2,45.2,74.1,57.3,109.8,166.9,19.1,56.3,75.4,10.5,17.8,28.2,66.9,80.3,147.2,36.8,80.8,117.5,,,73.8,28.9,60.9,89.9,64.4,97.6,162.0,58.3,74.1,132.5,43.4,153.4,196.8,9.3,13.8,23.1,,,163.1,110.1,165.0,273.6,67.4,115.8,183.2,73.6,80.8,154.4,13.4,32.6,45.9,74.7,100.3,174.9,3.3,33.8,37.2,29.1,17.2,36.6,55.7,101.1,156.9,52.6,96.4,151.2,53.2,91.1,144.3,4.4,19.1,23.1,87.5,63.9,151.4,53.2,81.7,134.9,,,59.2
2004-12-31,,,70.3,,,142.8,75.5,82.0,157.5,2.7,33.7,35.1,47.9,87.1,135.0,96.6,61.8,158.5,40.5,118.0,158.5,11.6,33.3,45.1,69.7,83.8,153.5,106.5,83.1,191.3,25.2,68.5,93.6,,,114.9,11.175,29.325,40.5,13.4,45.5,58.9,68.2,76.7,144.9,94.4,91.9,186.3,63.5,98.4,162.0,41.4,87.5,128.9,39.3,108.2,147.6,,,142.1,85.1,72.5,157.6,33.1,45.5,76.1,57.7,112.3,169.8,20.1,57.4,77.4,10.9,18.1,28.9,69.7,89.4,159.1,36.5,80.1,116.6,,,78.2,29.8,62.2,92.0,64.1,98.3,162.4,58.1,71.5,129.7,44.2,160.8,205.0,9.6,13.3,22.9,,,159.2,110.7,166.5,275.7,67.5,113.8,181.3,75.4,84.4,159.7,13.3,29.4,42.6,75.7,100.9,176.6,3.7,35.1,38.9,28.5,17.8,37.3,56.9,102.3,159.2,51.8,95.0,148.9,53.4,87.3,141.0,4.7,17.6,22.0,89.1,64.2,153.2,53.8,82.9,136.6,,,61.1
2005-03-31,,,68.7,,,138.4,73.3,79.6,152.9,2.7,31.1,32.7,47.9,88.6,136.6,97.6,62.1,159.7,41.2,116.6,157.8,12.1,33.2,45.5,70.0,80.9,150.9,107.4,82.1,191.4,25.1,68.9,94.0,,,113.7,11.441,28.4,39.8,14.1,45.3,59.4,67.3,76.5,143.9,96.6,96.2,192.8,64.8,100.5,165.5,41.8,87.4,129.2,39.7,107.9,147.6,,,137.9,85.3,73.0,158.3,34.6,46.7,78.6,57.4,114.4,171.6,20.6,59.5,80.1,11.0,18.3,29.3,71.6,86.6,158.2,36.2,80.5,116.7,,,80.6,30.3,62.6,92.9,61.4,101.8,163.2,57.7,71.4,129.1,44.6,160.9,205.5,9.8,13.2,23.0,,,155.1,111.6,165.7,275.8,67.5,113.3,180.8,77.3,85.5,162.9,13.4,28.5,41.8,76.2,99.8,176.0,3.8,31.7,35.6,28.2,17.3,36.3,57.4,102.1,159.5,50.9,93.1,146.0,53.6,86.2,140.1,5.1,17.5,22.3,89.2,64.1,153.3,54.0,83.1,137.1,,,61.8
2005-06-30,,,67.6,,,134.2,71.7,76.8,148.5,2.8,29.8,31.6,48.5,88.7,137.2,99.6,64.2,163.7,42.3,115.5,157.8,12.4,32.8,45.2,71.1,81.5,152.6,107.6,81.5,191.1,25.3,68.5,93.8,,,110.7,11.929,27.704,39.6,14.7,45.6,60.3,67.5,77.6,145.1,98.8,97.8,196.6,67.6,103.7,171.5,43.3,89.1,132.4,40.7,109.1,149.8,,,134.1,86.3,75.7,162.0,36.5,47.9,81.6,57.0,119.8,176.6,21.6,61.9,83.5,11.5,18.6,30.1,74.8,86.1,160.9,36.3,83.9,120.1,,,81.5,31.3,63.1,94.4,61.1,100.1,161.2,59.3,71.3,130.7,45.7,160.2,205.9,9.9,13.0,22.8,,,151.7,112.3,171.3,281.8,68.0,113.0,181.0,78.9,86.2,165.1,13.7,28.6,42.3,77.4,101.1,178.5,4.3,31.1,35.5,30.0,18.6,39.0,58.8,105.6,164.3,50.3,92.7,145.0,53.9,86.5,140.7,5.7,17.9,23.3,90.3,64.5,154.8,55.0,84.8,139.8,,,63.5
2005-09-30,,,68.5,,,134.1,72.1,76.5,148.6,2.9,28.0,29.9,48.9,88.8,137.7,100.1,65.7,165.8,42.6,114.6,157.2,12.8,32.7,45.5,72.0,79.6,151.6,107.7,79.6,189.5,25.8,65.8,91.7,,,109.9,12.255,26.976,39.2,15.1,45.3,60.4,67.3,78.3,145.6,100.6,98.5,199.1,68.5,105.1,173.8,44.6,87.8,132.4,41.3,108.7,150.0,,,134.0,86.7,77.1,163.8,38.7,48.1,83.8,55.5,117.8,173.2,22.6,62.9,85.5,11.9,18.9,30.8,78.3,92.5,170.8,36.5,85.8,122.3,,,86.3,31.8,63.1,95.0,61.0,100.9,162.0,60.0,70.8,130.9,46.9,158.6,205.5,10.1,12.4,22.5,,,152.2,113.5,171.4,283.2,68.0,111.2,179.2,80.5,87.4,167.8,14.3,28.1,42.4,78.3,100.4,178.7,5.0,34.1,39.2,30.4,18.9,39.5,59.8,105.4,165.2,49.5,91.6,143.1,54.3,85.9,140.4,6.3,17.9,24.0,91.6,64.4,156.0,55.6,84.8,140.4,,,64.9
2005-12-31,,,68.2,,,134.1,72.8,76.5,149.3,3.1,27.0,29.3,52.2,87.1,139.3,101.2,67.7,168.8,43.3,113.6,156.9,13.5,32.9,46.5,72.3,77.1,149.4,107.6,82.3,191.8,26.3,64.1,90.4,,,108.3,12.947,26.702,39.6,16.1,44.3,60.4,67.0,78.8,145.8,101.7,103.4,205.1,70.9,108.5,179.5,46.3,87.6,134.0,42.2,109.1,151.3,,,133.9,87.2,78.0,165.1,41.1,50.4,88.3,55.0,119.1,173.9,23.6,64.6,88.2,11.7,17.3,29.1,81.1,95.7,176.8,36.8,85.0,121.8,,,87.5,32.8,64.6,97.3,61.5,100.7,162.2,61.1,70.5,131.7,46.0,153.7,199.7,10.5,12.5,23.0,,,152.0,114.1,168.3,281.1,68.3,111.7,180.1,82.6,90.3,172.9,15.0,28.2,43.2,79.8,101.0,180.9,5.7,38.8,44.6,29.7,19.3,39.8,60.8,106.9,167.8,48.8,93.9,144.5,55.0,84.4,139.6,7.1,22.2,29.0,92.4,64.9,157.3,56.2,85.4,141.6,,,66.5
2006-03-31,,,70.2,,,137.5,74.8,78.9,153.8,3.2,26.2,28.6,52.9,82.4,135.2,101.3,68.3,169.6,43.8,113.2,157.0,13.5,33.1,46.7,72.4,77.2,149.6,106.7,77.1,186.3,26.3,63.3,89.6,11.3,99.4,111.5,12.869,26.536,39.4,16.4,45.9,62.2,66.4,80.4,146.8,103.5,107.6,211.2,72.5,112.9,185.6,46.9,90.7,137.6,42.6,109.4,152.0,,,137.4,87.4,78.6,165.9,42.3,49.1,88.0,53.1,119.8,172.7,24.2,64.1,88.3,11.3,15.3,26.7,84.4,106.3,190.6,36.1,85.8,121.8,,,95.0,33.4,65.0,98.4,61.3,100.1,161.5,61.2,71.4,132.7,45.6,154.4,200.0,10.9,12.3,23.1,54.3,96.8,147.6,114.2,166.9,279.8,67.8,111.5,179.3,83.8,91.2,175.0,15.4,28.6,44.0,80.7,101.9,182.5,5.9,37.8,43.8,29.1,18.7,38.7,61.2,106.6,167.7,47.3,93.6,142.7,54.5,82.6,137.3,7.7,23.7,31.1,93.7,65.3,159.0,56.6,87.6,144.2,,,69.3
2006-06-30,,,69.7,,,141.8,77.6,82.1,159.7,3.4,25.4,28.0,52.9,84.0,136.9,104.1,69.4,173.6,44.5,113.7,158.2,13.9,33.8,47.7,73.1,76.4,149.5,105.6,76.5,184.6,26.0,62.5,88.5,10.7,100.9,112.4,13.581,27.197,40.8,17.1,46.1,63.2,65.8,81.8,147.6,105.0,111.0,216.0,75.3,115.3,190.8,48.1,92.6,140.7,43.6,110.1,153.7,,,141.6,88.5,79.7,168.2,43.6,50.0,90.1,52.4,122.9,175.1,26.0,68.5,94.5,11.1,15.8,26.9,87.8,115.4,203.2,35.7,84.5,120.2,,,93.6,34.2,66.0,100.2,61.1,99.6,160.6,62.4,73.7,136.2,45.3,156.0,201.3,11.0,12.6,23.6,53.9,96.0,146.5,114.8,164.0,277.9,68.0,111.6,179.5,85.5,94.1,179.7,16.6,29.4,46.0,81.7,101.5,183.2,6.6,38.1,44.8,28.5,18.3,38.0,61.9,107.8,169.7,46.1,93.7,141.5,53.0,82.7,136.0,8.8,27.2,35.6,94.9,66.1,160.9,57.2,88.7,145.8,,,70.6
2006-09-30,,,70.3,,,141.2,77.7,81.5,159.3,3.5,24.5,27.4,53.0,85.1,138.1,105.1,71.1,176.1,44.9,114.1,159.0,14.2,34.3,48.5,74.4,77.2,151.6,107.3,75.2,185.3,26.3,61.6,87.9,10.7,99.6,111.2,13.824,27.249,41.1,17.8,45.3,63.0,65.3,82.2,147.4,106.3,114.5,220.8,76.1,118.6,194.8,48.9,93.2,142.1,44.1,110.1,154.2,,,141.0,90.2,81.3,171.5,44.9,50.9,92.2,51.7,123.5,175.0,26.5,67.8,94.3,11.0,15.6,26.6,88.9,119.2,208.1,35.8,83.8,119.6,,,97.0,34.6,66.2,100.9,60.9,100.4,161.3,63.0,75.7,138.9,45.1,158.7,203.8,11.2,12.4,23.6,54.0,93.5,144.6,115.0,165.1,279.2,68.4,112.4,180.8,87.0,95.6,182.7,17.5,30.8,48.4,82.8,100.5,183.4,7.4,37.2,44.7,28.6,18.3,37.9,62.4,107.3,169.7,45.3,91.7,138.6,53.7,81.1,135.1,8.7,26.8,35.2,96.0,66.3,162.3,57.4,87.8,145.2,,,74.3
2006-12-31,,,72.2,,,143.2,78.7,82.9,161.6,3.8,23.7,26.9,52.6,84.0,136.6,105.9,72.3,178.2,45.5,113.6,159.1,14.9,35.1,50.1,75.9,77.9,153.8,105.6,81.6,189.0,26.4,61.2,87.6,10.7,97.7,109.2,14.248,27.497,41.7,18.7,45.9,64.6,64.1,81.9,146.1,108.2,118.2,226.4,78.2,123.1,201.5,49.7,90.3,140.0,44.6,110.8,155.4,,,142.7,91.2,80.3,171.5,46.4,52.1,94.8,51.7,124.7,176.2,26.2,67.4,93.6,11.1,15.9,27.1,91.5,122.2,213.7,35.0,87.2,122.2,,,97.2,35.5,67.9,103.3,60.5,100.8,161.3,65.0,77.0,142.2,45.9,163.0,208.9,11.3,13.1,24.4,54.1,93.5,144.7,115.7,161.2,276.4,69.3,111.6,181.0,88.5,95.7,184.1,18.3,31.5,49.8,83.8,100.4,184.2,8.2,40.0,48.2,28.7,18.8,38.7,63.1,108.7,171.8,44.7,88.7,135.0,54.1,79.2,133.6,8.9,27.1,35.7,96.6,67.3,163.9,57.7,88.3,146.0,,,75.9
2007-03-31,,,74.0,,,143.4,78.4,83.3,161.7,4.0,22.9,26.3,53.0,82.3,135.3,105.6,73.3,178.9,45.8,116.1,162.0,14.9,33.2,48.2,76.9,82.3,159.2,105.0,90.0,195.7,26.7,61.3,88.0,18.1,92.4,110.8,14.645,27.079,41.7,19.2,45.9,65.1,62.8,80.9,143.7,108.8,119.8,228.5,79.1,125.4,204.7,49.9,91.3,141.2,45.0,111.1,156.1,,,142.8,91.9,78.1,170.0,47.8,51.3,95.1,50.9,127.8,178.6,26.4,67.1,93.5,10.8,15.5,26.3,92.9,125.4,218.3,34.5,90.0,124.5,,,103.1,36.1,68.0,104.1,60.3,100.1,160.4,65.1,78.8,144.1,49.3,193.2,242.5,11.4,13.3,24.7,53.9,91.8,143.0,116.3,162.5,278.2,69.9,116.9,186.8,89.9,98.2,188.1,19.2,31.7,51.0,84.0,101.0,185.0,8.5,40.8,49.3,29.0,19.5,39.9,63.1,112.8,175.8,43.7,89.9,135.1,53.8,76.7,130.6,8.9,26.4,35.0,96.8,68.1,164.9,57.8,88.8,146.6,,,76.5
2007-06-30,,,75.8,,,144.5,79.2,84.0,163.2,4.2,22.1,25.8,52.3,85.6,137.9,108.1,73.3,181.4,46.1,118.6,164.6,15.2,31.7,46.9,78.6,80.7,159.3,103.8,92.7,196.8,27.3,60.5,87.8,18.6,92.4,111.3,15.306,27.056,42.4,20.2,45.7,65.9,62.0,81.1,143.1,111.7,120.3,232.0,81.1,131.4,212.6,50.4,92.8,143.2,45.8,112.6,158.4,,,143.8,93.1,77.6,170.6,49.3,52.4,97.6,50.7,137.5,188.1,27.3,70.8,98.1,11.1,14.1,25.3,93.9,126.9,220.8,35.2,93.6,128.8,45.4,61.4,98.5,36.9,69.8,106.7,60.1,97.2,157.3,65.6,79.9,145.7,49.8,220.9,270.7,11.5,13.3,24.8,53.7,90.8,141.9,116.3,161.1,277.0,71.3,122.0,193.3,90.9,99.6,190.6,20.4,32.4,52.8,84.9,104.5,189.4,9.3,47.4,56.7,29.1,21.4,42.6,63.7,117.2,180.9,43.1,92.5,137.0,54.2,75.9,130.3,9.6,27.3,36.6,97.8,69.7,167.5,58.2,90.4,148.6,,,78.0
2007-09-30,,,77.2,,,147.9,80.7,87.1,167.8,4.5,21.8,25.9,52.1,86.6,138.8,107.9,77.2,185.1,46.6,121.2,167.7,16.1,31.1,47.2,80.0,80.9,160.9,102.5,93.2,195.8,28.2,62.2,90.5,19.1,91.2,110.5,15.996,27.11,43.1,21.1,46.7,67.8,61.2,80.6,141.8,113.9,120.6,234.4,81.4,132.9,214.4,50.9,92.5,143.4,46.5,112.9,159.4,,,147.2,94.2,79.7,173.9,50.8,53.3,99.9,51.0,143.2,194.1,28.9,73.1,102.0,11.4,14.5,26.0,96.0,130.2,226.2,35.8,91.1,126.9,46.2,63.1,100.9,37.3,70.3,107.6,59.6,98.5,158.0,65.9,80.7,146.6,50.3,248.3,298.6,11.8,13.9,25.7,53.5,94.4,144.7,116.7,161.3,277.5,72.3,121.6,193.9,90.8,99.4,190.2,21.9,33.6,55.5,85.7,105.0,190.8,10.0,49.7,59.7,28.6,23.6,45.5,64.3,120.2,184.6,43.5,88.6,133.6,54.3,75.0,129.5,10.1,28.5,38.3,98.2,71.0,169.2,58.3,90.5,148.9,,,79.7
2007-12-31,,,77.3,,,148.9,80.7,89.2,169.9,4.7,20.8,25.1,51.8,89.0,140.8,109.0,78.1,187.1,47.1,123.0,170.1,17.0,30.7,47.8,80.8,80.7,161.5,101.9,94.0,195.8,29.0,63.2,92.2,18.6,88.8,107.6,16.484,26.963,43.4,22.8,46.6,69.4,60.4,81.6,142.0,115.5,124.7,240.2,81.9,134.4,216.4,50.9,93.9,144.8,47.1,112.3,159.5,,,148.1,94.3,80.9,175.2,52.5,55.5,103.7,51.2,136.3,187.4,30.1,78.6,108.7,11.6,16.4,28.0,97.5,129.5,227.1,35.8,91.1,126.9,45.2,64.3,102.1,37.9,73.4,111.3,59.5,99.6,159.0,66.5,81.5,147.9,51.2,275.5,326.7,12.9,14.0,27.0,52.3,88.8,138.6,116.0,160.2,275.7,72.6,125.6,198.2,91.5,99.4,190.9,22.7,34.2,56.9,86.8,107.1,193.9,10.4,49.3,59.8,26.3,23.6,44.5,64.9,125.4,190.4,43.7,94.1,139.2,54.0,74.0,128.1,11.1,29.4,40.4,98.4,72.2,170.6,58.6,93.8,152.4,,,80.0
2008-03-31,21.6,57.3,78.3,67.6,84.3,151.8,81.6,92.6,174.2,4.7,19.9,24.3,51.9,89.4,141.3,109.0,79.0,188.1,47.5,127.0,174.6,17.3,32.0,49.3,80.8,83.7,164.5,101.5,92.9,194.3,29.5,61.4,90.9,18.5,89.3,108.1,16.154,26.69,42.8,23.1,47.3,70.3,59.4,81.7,141.1,116.8,127.3,244.1,82.0,133.3,215.4,51.0,93.6,144.6,47.4,112.8,160.2,67.8,83.0,150.7,94.5,83.7,178.1,53.6,58.0,107.2,51.4,139.6,190.9,32.2,78.5,110.7,11.5,16.2,27.8,100.3,139.4,239.7,35.6,89.3,124.9,45.3,69.6,108.8,38.0,76.9,114.9,59.2,98.0,157.2,66.8,84.6,151.3,51.2,269.4,320.6,13.1,13.8,27.0,50.8,84.5,133.1,115.6,163.9,278.7,71.6,130.9,202.5,91.7,100.0,191.6,23.7,35.0,58.7,87.3,110.1,197.4,10.5,50.8,61.3,23.7,23.9,44.0,65.4,130.1,195.5,43.4,102.0,146.5,53.5,74.3,127.9,11.5,32.9,44.1,98.4,73.0,171.4,58.5,94.9,153.4,44.4,37.9,82.5
2008-06-30,21.3,56.7,77.4,65.6,83.0,148.5,79.6,91.4,171.0,4.8,18.6,23.2,51.4,89.4,140.7,109.8,78.4,188.2,48.2,131.2,179.4,17.8,33.4,51.2,81.8,81.7,163.5,101.2,96.5,197.2,30.5,66.6,97.1,18.3,88.7,107.3,16.214,26.811,43.0,24.0,48.0,72.0,59.1,82.1,141.2,118.1,129.4,247.4,83.0,135.5,218.6,51.8,97.2,149.0,48.0,115.0,163.0,65.9,81.8,147.5,94.8,82.8,177.6,54.9,60.2,110.6,52.0,144.4,196.3,30.9,74.3,105.2,12.0,16.6,28.7,103.1,149.1,252.1,36.2,89.5,125.7,44.9,67.7,106.3,38.4,76.9,115.3,59.2,100.2,159.4,67.6,87.4,154.9,51.9,264.6,316.5,13.0,13.7,26.8,49.5,84.1,131.2,115.7,166.1,280.8,71.0,132.7,203.7,91.3,102.7,194.0,24.8,35.4,60.2,87.9,114.6,202.5,11.0,50.4,61.4,21.4,24.0,43.1,66.8,135.7,202.5,44.4,103.6,149.3,53.6,75.0,128.8,11.9,33.4,45.1,97.3,73.9,171.2,59.0,96.7,155.7,43.4,38.2,81.8
2008-09-30,19.7,54.2,73.5,61.6,78.4,139.9,75.4,86.4,161.8,4.7,18.4,22.9,51.6,89.2,140.7,108.1,79.3,187.5,48.9,135.4,184.3,18.4,34.8,53.3,82.5,81.3,163.8,100.3,98.1,197.6,31.7,72.4,104.2,18.1,88.4,106.8,16.28,26.909,43.2,24.7,49.6,74.3,58.9,82.8,141.6,118.6,129.5,248.0,82.4,137.2,219.7,52.3,99.9,152.2,48.7,116.7,165.4,62.1,77.4,139.4,94.9,83.3,178.3,56.0,62.2,113.7,52.0,146.1,198.0,33.0,77.5,110.5,12.1,17.0,29.1,105.7,159.5,265.2,37.2,87.5,124.6,44.1,69.8,108.5,38.5,76.9,115.3,59.3,100.6,159.9,67.9,90.3,158.0,52.9,259.4,312.3,13.0,14.5,27.5,48.7,88.6,133.8,115.8,164.4,279.4,69.8,135.4,205.2,91.7,105.0,196.7,26.5,36.6,63.1,88.3,115.6,203.9,11.5,50.6,62.1,19.8,23.6,41.9,67.4,140.4,207.8,45.4,106.2,152.8,53.4,75.7,129.3,12.4,33.8,46.0,97.6,74.4,172.0,59.2,98.2,157.3,42.6,38.5,81.3
2008-12-31,18.7,53.5,71.8,60.4,78.8,139.1,74.3,87.2,161.6,4.9,18.5,23.2,52.4,90.8,143.2,107.0,80.6,187.5,49.9,142.2,192.1,19.1,36.5,55.5,83.5,83.4,166.9,100.0,94.4,194.0,32.7,78.9,111.6,17.6,88.4,106.3,16.423,27.168,43.6,25.7,51.1,76.8,58.8,84.6,143.4,119.7,131.2,250.9,82.8,138.6,221.4,52.6,103.5,156.1,49.4,117.2,166.5,60.9,78.1,138.9,94.8,89.5,184.3,56.7,63.3,115.4,51.3,140.7,191.8,36.7,80.6,117.3,11.8,17.3,29.2,108.0,175.2,283.2,37.1,83.9,120.9,44.2,70.3,109.2,38.8,76.1,114.9,59.6,104.3,164.0,68.1,91.4,161.5,52.0,256.8,308.8,12.7,16.0,28.6,49.5,89.2,135.4,116.8,162.8,279.0,70.1,141.4,211.5,91.8,107.2,199.0,30.0,39.7,69.7,88.9,117.4,206.3,11.3,54.3,65.5,20.4,25.1,44.3,68.7,149.9,218.6,47.0,107.9,156.3,54.5,77.7,132.4,12.2,35.1,47.0,95.9,74.8,170.7,59.7,97.7,157.4,41.8,38.6,80.5
2009-03-31,19.2,58.7,77.6,60.6,79.9,140.5,74.5,86.9,161.5,4.8,19.0,23.5,52.3,91.2,143.5,106.4,78.8,185.2,50.8,145.0,195.8,18.9,35.7,54.6,85.4,85.0,170.5,101.1,96.5,197.1,33.0,79.5,112.5,18.6,99.4,118.5,16.584,27.182,43.8,26.3,50.1,76.3,59.3,85.6,144.9,122.1,134.5,256.6,82.7,141.3,223.9,53.7,107.6,161.3,50.4,118.7,169.1,61.0,79.2,140.2,95.2,88.7,183.9,57.3,63.6,116.3,51.1,135.6,186.5,40.7,94.7,135.4,11.4,16.6,28.1,110.4,177.7,288.2,36.5,86.2,122.7,43.2,73.8,113.2,39.6,78.7,118.3,60.6,104.8,165.4,67.6,93.8,163.7,52.7,268.5,321.1,13.0,16.3,29.3,51.5,91.5,139.7,118.4,165.8,283.6,72.0,143.6,215.6,92.4,108.8,201.1,31.5,42.2,73.7,89.5,121.7,211.2,11.0,59.5,70.5,22.2,26.4,46.9,70.3,151.9,222.1,48.2,104.1,153.9,55.9,76.9,132.9,12.3,34.9,47.0,95.7,74.6,170.3,60.5,100.5,161.0,41.5,38.9,80.4
2009-06-30,21.9,65.6,87.3,65.7,86.3,152.0,80.3,93.2,173.6,4.8,19.2,23.7,52.7,91.5,144.2,108.0,75.8,183.8,51.9,147.3,199.2,19.4,36.0,55.3,89.2,87.0,176.2,103.2,99.6,202.2,33.4,76.4,109.8,20.2,106.9,127.5,17.127,27.587,44.7,26.9,50.9,77.8,60.2,86.1,146.3,124.8,134.8,259.6,84.0,142.4,226.4,55.4,111.6,167.0,51.1,120.0,171.1,65.9,85.3,151.1,95.9,84.5,180.5,57.7,63.1,116.1,52.2,142.8,194.9,37.6,88.8,126.4,11.8,15.2,27.2,112.6,179.2,291.8,36.7,84.6,121.3,41.9,71.6,109.8,41.0,81.2,122.1,61.5,105.6,167.1,68.8,95.0,166.1,54.6,281.6,336.3,13.1,15.8,28.9,54.5,93.1,144.9,120.6,168.6,288.6,74.8,146.2,221.0,93.0,107.2,200.2,31.5,40.9,72.3,90.8,124.3,215.1,10.8,56.7,67.6,24.9,29.4,52.3,72.5,154.0,226.4,49.7,104.1,155.4,58.2,77.4,135.7,13.0,33.6,46.6,96.2,74.7,170.9,61.6,101.5,163.1,40.9,37.1,78.1
2009-09-30,24.0,70.2,93.9,68.9,90.4,159.3,83.8,97.1,181.0,4.7,18.8,23.3,53.6,92.3,145.8,110.4,74.5,184.8,52.8,148.9,201.6,20.2,36.5,56.7,93.0,88.3,181.3,104.7,100.0,204.1,33.7,77.7,111.4,22.1,109.3,131.7,17.155,27.49,44.6,27.7,51.4,79.1,60.9,85.5,146.3,128.0,138.1,266.1,84.3,144.2,228.4,57.3,107.1,164.4,52.0,120.7,172.7,68.8,89.0,157.7,96.6,87.4,184.1,58.6,64.2,118.1,54.2,144.1,198.2,37.8,87.8,125.6,12.0,14.8,26.9,115.5,182.6,298.1,37.5,84.2,121.7,41.7,72.9,111.4,41.6,81.0,122.5,62.4,106.9,169.3,69.4,95.6,167.2,55.8,292.4,348.2,13.3,15.8,29.1,57.7,97.4,152.5,122.9,170.4,292.8,77.6,143.7,221.3,92.9,105.2,198.1,31.4,40.0,71.5,91.7,124.6,216.3,10.9,59.1,70.0,27.1,31.3,55.9,74.3,156.5,230.8,50.8,103.7,156.3,59.9,77.6,137.6,13.4,34.4,47.7,96.9,73.9,170.8,62.4,102.2,164.6,40.9,36.3,77.3
2009-12-31,24.3,69.9,94.0,67.7,88.7,156.4,82.5,95.0,177.6,4.9,18.0,22.7,53.7,92.0,145.7,111.8,73.9,185.7,52.1,148.6,200.7,21.0,37.0,58.0,95.0,87.8,182.7,105.2,104.3,208.6,34.0,76.3,110.2,23.1,109.9,133.3,17.513,27.706,45.2,28.2,52.7,81.0,60.9,85.8,146.7,129.9,141.0,270.9,85.0,144.9,229.9,59.0,106.2,165.2,53.2,120.6,173.7,67.6,87.4,155.0,97.4,86.6,184.0,59.0,64.6,118.7,55.5,139.3,194.6,38.0,92.1,130.1,12.2,15.1,27.4,117.4,185.2,302.6,37.9,84.0,121.9,40.1,72.0,109.4,42.2,81.2,123.4,62.9,107.7,170.6,70.1,94.2,166.6,55.8,290.4,346.2,12.9,16.0,28.9,58.8,98.7,154.9,125.0,167.5,292.4,79.6,140.3,219.9,93.1,101.9,195.1,31.6,38.0,69.6,92.2,123.2,215.4,10.7,59.6,70.4,25.5,28.9,51.8,76.0,157.5,233.5,51.1,103.6,156.5,61.1,75.4,136.6,13.9,34.8,48.7,96.7,72.5,169.2,63.4,105.5,168.9,40.9,36.7,77.7
2010-03-31,24.5,68.6,93.0,64.9,84.9,149.8,79.2,90.6,169.9,4.8,17.3,21.9,53.9,92.4,146.4,112.5,72.8,185.3,52.2,145.8,198.0,20.5,35.7,56.1,94.3,87.2,181.5,105.6,104.5,209.1,33.6,76.5,110.1,25.2,110.8,136.2,17.205,27.693,44.9,28.4,52.8,81.2,60.2,84.9,145.1,131.6,141.4,273.0,84.6,146.3,230.9,59.8,109.4,169.2,53.1,120.2,173.3,64.8,83.7,148.5,97.6,87.6,185.2,58.7,64.9,118.9,55.3,145.1,200.3,38.1,91.3,129.4,12.5,13.1,25.8,116.7,187.8,304.5,37.8,82.4,120.2,39.1,75.2,113.1,42.6,80.9,123.6,62.6,105.2,167.8,69.7,92.7,164.6,55.0,278.5,333.5,13.0,15.7,28.6,58.6,94.8,151.4,126.0,173.7,299.6,78.9,139.0,217.9,92.6,100.8,193.4,31.7,38.2,69.9,91.6,123.6,215.2,10.1,55.5,65.7,24.5,27.7,49.7,76.5,154.9,231.4,50.1,98.5,150.5,60.6,71.7,132.3,14.2,35.4,49.7,95.5,71.8,167.3,63.3,105.9,169.3,40.7,36.2,77.0
2010-06-30,24.1,67.4,91.4,62.5,81.8,144.3,76.7,87.2,163.9,4.7,16.9,21.4,54.6,93.3,147.9,112.5,71.3,183.8,52.3,144.8,197.1,20.5,35.1,55.6,94.8,86.9,181.7,105.8,106.5,211.2,33.3,77.2,110.5,26.3,111.8,138.2,17.426,28.237,45.7,27.9,54.4,82.4,59.7,85.1,144.8,130.3,139.7,269.9,85.7,148.2,233.8,60.4,112.2,172.6,53.3,119.4,172.7,62.5,80.9,143.4,96.5,84.9,181.4,59.3,65.6,124.8,56.5,155.3,211.7,41.2,94.9,136.1,12.7,14.5,27.4,114.4,187.5,302.0,38.5,83.5,122.0,37.7,74.0,110.9,43.1,80.9,123.9,62.1,103.9,166.1,69.3,92.5,164.1,54.8,264.9,319.7,12.8,16.0,28.8,58.6,92.8,149.8,126.3,178.9,305.2,79.2,141.7,221.0,91.7,99.1,190.9,33.7,38.8,72.6,91.8,125.0,216.7,10.1,55.0,65.1,24.1,26.3,47.6,77.0,152.8,229.7,50.5,91.5,144.0,60.7,70.3,131.1,14.9,37.5,52.4,94.1,70.6,164.7,63.4,106.8,170.1,40.2,36.0,76.3
2010-09-30,25.3,68.6,93.7,65.0,85.8,150.8,80.3,92.5,172.8,4.7,16.5,21.0,54.5,93.3,147.8,111.4,69.6,181.0,52.6,139.7,192.3,21.4,36.1,57.5,94.9,85.6,180.4,105.9,104.7,209.7,32.8,72.2,105.0,26.7,111.3,138.1,17.969,29.133,47.1,28.0,53.7,81.8,59.1,84.7,143.8,129.2,135.7,265.0,84.4,147.9,232.2,58.9,111.9,170.8,53.4,119.0,172.4,64.7,84.5,149.2,95.9,85.0,180.9,60.8,64.6,125.4,57.7,167.0,224.6,39.3,89.0,128.3,13.4,13.8,27.4,113.1,180.7,293.9,39.0,83.1,122.1,38.5,73.2,110.2,43.2,80.9,124.1,61.2,102.3,163.5,69.6,91.5,163.4,54.8,254.1,308.9,12.7,15.8,28.5,59.0,90.4,148.3,126.3,180.8,307.1,80.1,141.0,221.0,91.0,97.3,188.3,33.6,38.4,72.0,91.4,123.5,214.9,10.2,54.4,64.7,23.6,26.0,46.8,77.0,150.0,227.0,51.4,92.7,146.2,61.3,68.4,129.8,15.2,37.3,52.5,92.6,70.0,162.6,63.1,106.0,169.1,40.5,35.9,76.5
2010-12-31,25.6,69.0,94.5,64.5,85.1,149.6,80.0,91.5,171.5,4.8,16.3,21.1,54.8,93.3,148.2,110.8,66.6,177.4,53.0,136.4,189.4,22.1,36.8,59.0,94.9,84.6,179.5,105.7,103.2,208.1,32.6,70.2,102.8,26.8,110.7,137.6,18.703,30.17,48.9,28.3,53.2,81.5,58.4,83.5,141.8,128.1,132.2,260.3,84.3,146.8,231.0,58.9,108.3,167.2,54.3,119.7,174.0,64.1,83.8,147.9,94.5,81.7,176.2,62.0,67.6,129.6,59.3,166.0,225.2,39.8,87.2,127.0,13.6,14.8,28.7,112.4,197.9,310.2,38.8,82.8,121.6,39.3,76.5,114.8,43.3,80.8,124.1,60.7,101.2,161.9,70.2,89.4,161.8,55.7,243.7,299.4,12.7,15.9,28.5,59.6,92.2,150.5,126.1,183.8,309.9,79.8,140.0,219.8,90.0,96.4,186.4,34.3,38.5,72.8,91.1,126.9,218.0,10.3,52.8,63.1,22.5,24.7,44.6,76.6,145.0,221.7,52.2,93.3,147.7,63.5,70.3,133.8,15.9,39.6,55.5,91.5,68.9,160.4,63.1,105.8,168.9,40.0,34.7,74.8
2011-03-31,25.7,69.2,94.8,64.5,86.1,150.6,80.6,93.1,173.7,4.8,16.0,20.7,53.5,92.1,145.6,110.3,65.7,176.0,53.0,137.8,190.7,22.0,36.8,58.9,94.4,85.5,179.9,106.1,109.8,214.4,32.3,70.4,102.7,27.2,110.7,138.0,18.921,30.051,49.0,28.4,53.3,81.8,57.3,80.8,138.1,125.2,133.4,258.6,83.3,145.4,228.6,58.4,109.7,168.0,54.4,120.0,174.4,64.1,84.5,148.6,93.3,81.5,174.9,63.0,68.6,131.6,59.1,178.2,237.2,36.8,83.7,120.5,13.8,14.1,28.2,111.5,199.5,311.0,38.7,82.2,120.9,38.9,76.3,114.4,43.2,80.7,123.9,60.6,100.2,160.9,70.2,89.7,162.1,56.0,245.7,301.7,12.9,16.0,28.9,59.8,90.0,149.0,125.5,186.2,311.8,79.6,140.1,219.7,89.6,95.6,185.2,33.7,38.3,72.0,90.7,129.5,220.2,10.1,50.0,60.1,21.8,24.3,43.7,76.1,145.8,221.9,52.6,100.4,155.1,64.8,70.4,135.2,16.2,41.0,57.2,90.4,68.3,158.7,62.5,105.1,167.5,39.9,33.9,73.9
2011-06-30,25.7,68.8,94.4,63.6,85.4,149.1,79.8,92.5,172.3,5.0,15.9,20.8,54.0,91.9,145.9,110.3,63.7,174.0,53.7,140.3,194.0,22.2,37.1,59.3,94.9,85.0,179.9,106.8,106.1,211.9,32.5,70.2,102.7,27.5,110.2,137.8,19.356,30.151,49.5,28.8,54.2,83.0,56.7,80.4,137.1,124.9,134.3,259.1,83.4,145.2,228.6,58.7,109.2,167.9,55.0,122.1,177.1,63.1,83.9,147.0,92.9,81.4,174.3,63.8,70.1,133.9,59.6,183.3,242.9,37.7,83.4,121.1,14.5,14.6,29.5,109.2,198.5,307.6,39.2,80.7,120.0,37.8,74.9,112.1,43.4,80.8,124.1,61.0,100.0,161.0,71.4,89.6,163.2,56.4,257.8,314.2,13.0,15.8,28.8,59.9,91.0,149.8,125.5,191.3,316.8,79.6,138.0,217.6,88.9,94.6,183.5,34.5,38.5,73.1,90.6,130.8,221.4,10.4,49.5,59.9,21.3,23.2,41.9,76.2,146.1,222.3,54.6,102.9,159.7,65.5,71.6,137.1,17.0,43.6,60.6,89.2,68.1,157.4,62.5,105.5,168.0,39.3,33.8,73.2
2011-09-30,24.1,65.8,89.8,60.2,81.6,141.9,76.0,88.5,164.6,5.1,16.2,21.2,53.6,91.7,145.3,109.2,64.9,174.1,53.9,141.3,195.2,22.4,37.6,60.0,94.9,86.4,181.2,108.0,107.5,214.4,33.0,73.6,106.6,27.5,109.0,136.5,19.754,30.204,50.0,29.1,54.8,83.8,56.5,81.4,137.9,125.9,139.0,264.8,82.5,144.8,227.2,58.8,108.8,167.6,55.2,124.3,179.4,59.9,80.5,140.4,92.4,80.9,173.3,64.3,71.6,135.8,59.4,185.6,244.9,39.1,86.9,126.0,14.9,15.9,31.0,107.4,204.0,311.4,39.2,80.8,120.0,37.2,74.4,111.2,43.4,80.2,123.6,61.1,100.7,161.8,71.9,91.5,165.8,56.5,263.0,319.5,13.1,17.3,30.4,59.9,92.4,151.1,125.4,193.5,318.9,79.2,135.3,214.5,87.8,93.0,180.8,35.7,40.6,76.3,90.6,132.2,222.8,11.0,51.7,62.7,21.0,22.8,41.2,76.3,147.5,223.8,55.8,101.5,159.6,67.2,71.9,139.1,17.1,44.5,61.5,88.4,68.1,156.6,62.3,105.9,168.2,38.6,33.4,72.2
2011-12-31,24.1,67.0,91.0,59.3,81.0,140.3,74.9,87.2,162.1,5.4,15.7,21.1,53.4,92.4,145.8,108.7,64.1,172.8,55.0,143.2,198.2,23.2,39.0,62.3,94.2,84.8,179.1,108.5,108.3,215.7,33.8,75.4,109.2,27.3,110.2,137.6,20.089,30.207,50.3,29.4,55.5,84.9,56.1,82.0,138.1,125.9,140.3,266.2,82.4,144.0,226.4,59.1,109.4,168.5,55.4,125.2,180.6,59.0,79.9,138.9,91.6,79.8,171.4,65.1,67.6,132.7,59.1,178.7,237.7,37.8,89.6,127.4,15.2,16.6,32.1,105.4,207.8,313.1,38.8,80.1,118.9,37.6,76.7,114.2,43.3,79.6,122.9,61.3,100.9,162.2,73.3,90.1,165.7,56.8,271.4,328.2,13.0,17.6,30.6,60.6,93.6,152.9,125.2,199.1,324.3,79.3,133.1,212.4,87.0,90.7,177.7,35.2,41.5,76.8,90.6,132.4,223.1,11.5,52.1,63.7,20.8,20.1,37.2,77.1,147.9,225.0,57.6,101.2,161.3,70.9,74.0,144.9,16.9,43.8,60.7,87.6,68.2,155.8,62.1,107.5,169.6,38.5,33.5,72.1
2012-03-31,24.9,69.7,94.6,59.5,82.8,142.3,75.1,88.7,163.8,5.4,15.3,20.7,53.1,92.5,145.5,108.4,64.4,172.8,55.1,147.1,202.1,23.2,39.3,62.5,93.6,86.0,179.5,109.0,109.1,216.9,34.3,74.4,108.7,27.5,113.1,140.7,20.014,29.327,49.3,29.3,55.6,84.9,55.7,81.8,137.5,126.0,142.5,268.6,81.8,145.2,226.8,59.3,110.2,169.5,55.4,127.2,182.6,58.9,81.4,140.4,90.9,82.5,173.5,65.8,67.5,133.3,58.4,180.7,239.0,34.3,87.0,121.3,15.2,17.5,33.0,102.6,217.3,319.9,38.8,80.3,119.1,37.3,76.9,114.2,43.1,80.4,123.5,60.9,100.1,161.0,73.0,90.8,166.1,57.1,283.8,340.8,13.2,16.6,29.8,61.2,87.8,148.9,125.2,202.1,327.4,79.0,143.2,222.2,86.7,90.9,177.6,34.5,41.4,75.9,90.3,133.9,224.2,11.6,51.3,63.0,19.9,21.7,39.2,77.8,154.3,232.1,58.2,101.6,162.3,72.9,74.3,147.2,16.9,43.2,60.1,86.2,68.0,154.2,61.9,108.5,170.3,38.8,34.2,73.1
2012-06-30,24.6,69.8,94.4,58.7,82.0,140.7,74.3,87.6,161.9,5.5,15.4,20.9,52.9,93.6,146.5,109.1,64.7,173.8,55.6,150.1,205.7,23.8,40.5,64.3,94.3,87.0,181.3,109.6,109.5,218.0,34.6,77.2,111.8,28.0,115.2,143.3,20.415,29.03,49.4,29.6,56.9,86.5,55.6,82.1,137.7,126.4,142.9,269.2,82.1,145.1,227.1,60.2,110.0,170.2,55.6,129.2,184.7,58.2,80.8,139.0,91.0,83.4,174.3,66.9,69.4,136.3,59.4,180.3,239.6,33.4,86.7,120.0,15.8,18.6,34.6,100.9,223.7,324.6,38.6,79.0,117.7,35.6,75.8,111.3,43.3,80.9,124.1,60.6,97.3,157.9,72.9,91.9,167.2,58.3,286.7,345.1,13.1,17.0,30.1,61.9,93.0,154.0,125.4,206.4,331.8,79.3,140.7,220.0,86.6,90.1,176.7,34.8,41.7,76.4,90.4,135.4,225.8,12.6,53.5,66.2,20.7,21.0,38.5,78.6,152.5,231.1,59.2,101.7,163.4,74.2,74.9,149.1,17.3,44.0,61.3,85.1,68.0,153.1,61.9,109.4,171.4,38.9,33.8,72.8
2012-09-30,26.1,73.5,99.5,60.4,85.4,145.8,76.3,90.9,167.2,5.6,15.6,21.2,52.7,93.4,146.1,109.1,65.0,174.1,55.2,150.2,205.4,23.9,40.9,64.8,95.1,88.2,183.3,109.8,112.1,220.5,34.7,77.0,111.7,28.9,117.6,146.6,20.818,28.801,49.6,29.8,57.9,87.7,55.5,81.7,137.3,125.0,139.7,264.7,81.4,144.6,225.8,60.9,109.9,170.8,55.4,129.3,184.7,59.7,84.0,143.7,90.6,83.7,174.4,66.3,69.9,136.2,59.9,180.1,239.9,32.3,83.1,115.4,16.1,18.9,35.3,99.3,224.5,323.9,38.9,77.9,116.8,36.3,76.6,112.9,43.3,80.9,124.2,60.5,98.3,158.8,73.1,93.0,168.7,58.5,291.0,349.5,13.2,17.0,30.3,62.7,92.5,154.6,125.8,207.9,333.7,79.8,138.6,218.4,87.1,90.1,177.2,34.3,41.7,76.0,90.5,138.2,228.7,13.3,54.8,68.1,21.2,19.6,36.7,79.3,155.8,235.2,61.2,106.7,170.5,75.7,75.6,151.2,17.6,43.6,61.2,84.3,68.4,152.7,61.8,109.6,171.4,39.1,34.7,73.9
2012-12-31,26.6,75.4,102.0,60.1,85.7,145.9,76.0,90.5,166.6,5.9,16.1,22.0,52.2,91.9,144.1,109.5,65.3,174.8,55.4,147.8,203.2,24.5,42.1,66.7,95.5,88.9,184.4,111.2,113.4,223.1,35.4,80.5,115.8,29.3,120.0,149.4,21.624,29.026,50.7,30.2,59.6,89.9,55.4,81.5,137.0,124.1,141.5,265.5,81.4,136.5,217.9,61.2,110.9,172.1,55.8,129.3,185.1,59.3,84.2,143.6,90.1,81.9,172.0,66.9,70.0,136.8,61.3,177.8,239.0,32.0,84.5,116.5,16.4,20.2,36.8,97.6,213.7,311.3,38.8,77.6,116.5,37.1,77.7,114.8,43.4,81.6,125.1,60.8,99.2,160.0,74.0,91.3,167.8,58.9,290.3,349.1,13.3,17.3,30.6,63.7,92.2,155.7,125.7,208.1,333.8,80.7,138.5,219.2,88.0,90.7,178.7,34.2,42.6,76.8,90.2,140.9,231.0,13.8,55.7,69.5,21.8,19.3,36.6,79.6,148.6,228.2,63.2,109.8,175.7,76.2,73.9,150.1,18.0,44.2,62.2,83.4,69.0,152.4,61.8,109.0,170.8,39.8,34.7,74.6
2013-03-31,27.3,78.0,105.2,59.0,84.8,143.8,74.2,88.1,162.3,5.9,15.7,21.7,52.0,92.7,144.7,109.6,65.5,175.1,55.7,150.9,206.5,24.5,42.1,66.6,95.1,91.5,186.6,111.8,113.2,223.6,35.7,79.9,115.6,30.3,124.8,155.2,21.779,29.559,51.3,30.3,60.3,90.7,55.1,83.0,138.0,123.7,136.8,260.5,80.4,134.4,214.8,61.7,115.1,176.8,55.8,129.1,184.9,58.1,83.4,141.5,90.1,79.7,169.9,66.8,69.9,136.7,61.3,185.5,246.7,31.8,87.2,119.0,16.4,20.0,36.7,100.1,196.5,296.6,38.9,75.7,114.6,36.5,75.0,111.5,43.4,81.0,124.5,61.1,98.9,160.1,73.3,96.4,169.7,58.9,288.4,347.3,13.5,16.9,30.4,64.9,92.6,157.5,125.2,209.8,335.0,81.5,137.5,219.0,88.5,90.4,178.9,34.8,43.0,77.7,89.6,139.8,229.4,14.3,57.5,71.8,22.9,20.2,38.3,80.0,152.2,232.3,64.4,114.7,181.8,76.4,73.3,149.7,18.2,44.9,63.2,82.4,68.8,151.2,61.7,108.5,170.3,39.8,35.3,75.2
2013-06-30,27.4,78.6,105.8,58.6,85.2,143.8,73.9,88.5,162.4,5.9,15.8,21.8,51.8,92.5,144.3,111.1,67.3,178.5,56.1,154.2,210.3,25.0,44.2,69.2,95.6,93.2,188.9,112.0,112.5,223.3,36.1,82.6,118.7,31.5,126.6,158.2,22.429,30.56,53.0,30.7,61.5,92.3,54.9,83.6,138.5,122.6,136.0,258.6,80.2,132.5,212.7,61.7,115.1,176.8,55.8,127.3,183.1,57.8,83.9,141.7,89.6,81.5,171.1,66.8,69.6,136.5,62.2,199.3,261.4,30.2,85.0,115.2,17.0,21.2,38.4,98.4,191.6,290.0,38.9,74.7,113.6,36.4,72.9,109.3,43.4,80.8,124.1,61.1,97.6,158.7,74.1,95.7,169.8,58.9,286.5,345.3,13.6,17.8,31.5,66.3,93.3,159.6,124.4,212.3,336.7,82.8,138.3,221.1,89.3,90.0,179.3,35.5,44.0,79.5,88.4,139.1,227.5,15.1,60.5,75.6,23.6,21.5,40.4,80.8,153.9,234.7,65.1,117.1,184.9,78.4,74.3,152.7,18.9,48.7,67.6,81.9,69.4,151.3,61.5,108.3,169.9,39.5,36.0,75.6
2013-09-30,27.8,79.8,107.5,59.6,87.1,146.6,75.3,90.7,166.0,5.9,16.0,22.0,52.1,91.9,144.0,110.8,67.5,178.3,56.3,149.6,205.9,25.4,43.6,69.0,96.0,93.7,189.7,112.5,110.0,221.7,36.6,83.9,120.5,32.4,128.6,161.1,22.671,31.088,53.8,31.0,61.5,92.5,54.8,83.9,138.7,121.8,135.5,257.3,78.8,131.4,210.2,61.9,114.9,176.7,56.0,127.4,183.4,58.7,85.8,144.5,89.4,79.3,168.7,66.8,69.2,136.0,61.9,204.0,265.8,29.7,82.8,112.5,17.1,23.1,40.3,96.6,187.1,283.7,39.2,74.2,113.5,36.2,70.6,106.7,43.2,80.5,123.7,60.7,97.6,158.4,74.1,95.3,169.4,58.2,286.2,344.4,14.0,18.7,32.6,67.4,92.4,159.8,124.5,213.1,337.7,82.9,136.6,219.5,89.0,89.2,178.2,35.8,44.4,80.1,86.8,136.6,223.4,15.9,63.3,79.1,23.4,22.0,41.1,81.3,151.3,232.7,65.5,119.7,187.8,79.4,73.4,152.8,19.3,50.6,69.9,81.5,69.8,151.3,61.3,108.1,169.4,39.2,36.1,75.4
2013-12-31,28.2,81.4,109.4,59.7,87.4,147.1,75.5,90.4,165.9,6.2,16.5,22.8,51.8,96.8,148.6,111.7,68.9,180.6,56.1,148.0,204.2,25.7,45.0,70.7,95.7,94.2,189.9,114.5,110.4,224.2,37.3,87.2,124.5,32.7,129.2,161.9,22.942,31.666,54.6,31.0,61.6,92.6,54.4,84.2,138.6,124.7,130.6,255.3,77.6,130.4,208.0,61.8,115.4,177.2,56.0,126.8,182.8,58.8,86.2,144.9,88.9,77.4,166.4,66.8,68.0,134.8,62.7,201.9,264.6,28.5,80.3,108.8,17.0,24.1,41.2,93.6,189.7,283.3,39.2,73.2,112.5,36.3,68.5,104.7,43.0,79.9,123.0,60.6,97.8,158.4,74.9,93.4,168.4,57.9,285.1,343.1,14.0,19.7,33.7,68.1,93.5,161.5,122.8,214.6,337.4,83.2,133.2,216.4,88.2,87.1,175.3,35.5,44.0,79.5,85.5,133.8,219.3,16.3,65.2,81.6,23.3,22.2,41.3,81.5,150.6,232.1,66.0,123.0,191.6,81.9,74.9,156.7,19.4,51.7,71.1,81.6,69.8,151.3,60.9,107.2,168.0,38.9,36.5,75.4
2014-03-31,28.6,82.8,111.3,59.7,88.2,147.8,75.2,90.8,166.0,5.9,16.4,22.4,51.9,96.0,147.9,111.8,67.8,179.5,56.1,142.5,198.5,25.7,44.1,69.8,95.0,96.6,191.5,115.3,109.8,224.6,37.9,89.4,127.3,33.5,132.7,166.2,22.924,32.484,55.4,30.8,60.6,91.4,53.8,83.9,137.7,124.1,131.5,255.6,76.3,128.1,204.5,61.8,114.7,176.5,56.2,128.5,184.7,58.7,86.9,145.5,88.1,75.3,163.5,67.1,67.6,134.7,63.3,215.4,278.6,28.1,80.0,108.0,16.8,23.1,40.0,92.2,188.8,281.0,38.7,72.0,110.7,35.9,69.0,104.9,42.7,80.0,122.6,60.4,96.8,157.2,74.5,94.1,168.6,59.0,287.3,346.3,14.2,19.5,33.7,68.0,92.9,160.8,122.3,215.1,337.4,83.5,132.0,215.5,87.5,86.2,173.8,35.6,44.2,79.9,83.8,131.0,214.8,16.2,68.0,84.2,23.3,23.7,43.4,81.6,155.5,237.0,66.0,124.6,193.2,82.3,74.9,157.2,18.7,52.0,70.6,80.8,70.4,151.2,60.5,107.2,167.7,39.1,37.0,76.1
2014-06-30,29.4,85.8,115.1,59.8,89.1,148.9,75.0,90.7,165.7,5.6,15.1,20.8,51.8,96.4,148.2,113.2,68.3,181.5,56.5,142.4,198.9,26.1,44.0,70.1,95.2,96.8,191.9,115.5,110.3,225.2,38.4,89.9,128.3,34.2,135.2,169.4,23.522,34.005,57.5,30.6,60.7,91.3,53.5,84.2,137.7,123.9,129.3,253.2,76.2,125.9,202.1,62.2,114.2,176.4,56.3,130.7,187.0,58.9,87.9,146.7,87.7,73.5,161.2,66.7,68.7,135.4,63.6,224.5,288.0,27.3,80.3,107.6,16.8,24.2,41.1,82.9,186.9,269.8,39.2,71.9,111.1,34.8,69.0,103.8,42.7,80.0,122.6,59.9,95.2,155.2,74.5,94.2,168.7,59.3,285.4,344.8,14.1,19.9,34.0,67.9,90.9,158.9,121.7,217.6,339.3,84.1,132.4,216.5,87.0,85.8,172.8,35.9,45.2,81.0,82.7,129.1,211.7,15.7,69.6,85.3,23.7,24.4,44.6,81.9,153.3,235.3,66.5,128.9,197.9,82.8,75.3,158.1,18.5,52.8,71.4,80.3,70.7,151.0,60.3,107.6,167.9,38.9,37.1,76.0
2014-09-30,29.1,85.5,114.6,57.3,86.1,143.4,71.5,86.4,157.9,5.5,14.6,20.2,51.9,96.3,148.2,113.8,69.7,183.6,56.8,143.8,200.6,26.2,45.5,71.7,95.5,98.2,193.7,115.9,106.9,222.7,38.6,94.5,133.0,34.7,135.2,170.0,23.574,34.927,58.5,30.1,60.5,90.6,53.4,83.0,136.4,123.5,136.2,259.7,74.5,124.6,199.1,62.6,114.2,176.8,56.3,132.0,188.3,56.5,85.1,141.6,87.2,72.5,159.8,65.7,69.0,134.8,64.2,228.7,292.9,26.7,79.5,106.1,16.7,24.8,41.5,82.3,188.3,270.7,39.7,72.8,112.5,35.1,70.0,105.0,42.3,80.0,122.3,59.7,95.4,155.2,75.5,95.1,170.6,60.1,287.7,347.8,14.2,20.1,34.3,68.2,89.4,157.5,121.1,219.0,340.1,85.2,131.9,217.1,86.7,86.0,172.7,36.2,45.4,81.6,81.7,127.8,209.6,15.8,73.0,88.7,23.6,25.1,45.6,82.0,150.5,232.6,66.8,133.8,203.0,83.8,74.8,158.6,18.5,54.6,73.2,79.2,71.0,150.2,59.9,107.6,167.5,38.5,37.7,76.2
2014-12-31,28.9,85.2,113.9,56.4,85.2,141.6,70.3,85.2,155.6,5.7,13.8,19.7,51.6,93.1,144.6,115.4,70.6,186.0,57.9,146.5,204.4,26.9,47.5,74.4,95.4,98.3,193.8,117.2,107.1,224.3,39.4,96.9,136.3,35.0,136.8,171.9,24.145,36.363,60.5,30.1,60.4,90.4,53.0,79.3,132.4,122.7,135.8,258.5,73.1,120.6,193.8,62.8,120.6,183.4,56.4,132.9,189.3,55.7,84.4,140.0,87.0,71.2,158.2,64.9,68.6,133.6,65.5,218.5,284.0,25.9,79.2,105.1,17.1,25.0,42.1,78.4,199.9,278.3,39.7,70.8,110.6,35.7,71.5,107.1,42.3,78.8,121.0,59.7,95.9,155.6,76.4,95.0,171.3,59.3,326.5,385.8,14.1,21.1,35.2,68.9,90.7,159.6,120.7,225.7,346.4,86.5,135.2,221.7,87.4,86.1,173.5,35.8,46.3,82.1,80.9,127.4,208.4,17.3,80.9,98.2,24.5,24.6,45.2,82.6,151.4,233.9,66.9,132.2,201.5,85.1,75.8,160.9,18.5,55.8,74.3,78.8,71.6,150.4,59.7,109.0,168.7,38.4,36.7,75.2
2015-03-31,29.2,88.1,117.2,55.3,85.6,140.8,68.5,84.3,152.7,5.7,13.5,19.4,52.1,94.3,146.4,117.0,73.3,190.2,58.1,155.5,213.6,27.1,50.2,77.3,95.7,104.2,199.9,117.4,107.4,224.8,39.4,97.0,136.4,35.7,140.3,176.0,24.627,37.386,62.0,29.7,59.4,89.1,52.7,80.2,132.9,122.2,138.0,260.2,71.7,119.6,191.2,62.9,125.3,188.2,56.3,135.6,191.8,54.5,84.8,139.2,86.6,72.0,158.7,64.6,68.5,133.1,66.3,226.9,293.2,23.8,76.2,100.1,16.7,24.9,41.6,71.2,306.5,377.7,39.4,71.2,110.6,35.2,70.3,105.5,42.1,79.0,121.0,59.3,94.7,154.0,76.4,94.9,171.2,60.5,341.0,401.5,14.4,21.1,35.5,69.3,92.3,161.6,120.9,231.6,352.5,87.7,140.1,227.9,88.1,86.2,174.2,36.4,46.5,82.9,79.6,126.4,206.0,16.5,82.1,98.7,25.2,26.0,47.6,82.5,155.0,237.5,66.2,129.4,198.1,85.1,75.6,160.7,18.6,58.3,76.9,77.6,72.1,149.7,59.3,113.5,172.8,38.1,38.0,76.1
2015-06-30,30.3,91.5,121.7,57.5,89.0,146.5,71.4,87.7,159.1,5.8,13.8,19.7,51.8,92.6,144.4,119.2,73.6,192.8,58.1,147.0,205.1,27.3,49.5,76.9,97.7,104.6,202.3,118.5,105.4,223.9,39.8,96.9,136.7,36.6,142.2,178.8,25.507,38.815,64.3,29.8,57.9,87.6,52.6,80.2,132.8,119.9,137.1,257.0,71.0,116.8,187.8,63.3,128.4,191.7,56.4,135.7,192.2,56.6,88.1,144.6,86.6,68.7,155.3,64.2,67.7,131.9,66.5,226.4,292.8,23.1,77.5,100.6,17.0,25.4,42.5,65.7,279.8,345.5,39.8,68.7,108.5,34.3,68.6,102.9,42.0,78.3,120.3,59.0,92.6,151.6,77.3,93.9,171.2,58.3,338.7,397.1,14.4,21.8,36.2,69.5,93.8,163.3,120.1,230.7,350.8,89.3,143.5,232.8,88.4,86.0,174.4,36.8,46.9,83.7,78.2,124.9,203.1,16.1,80.4,96.5,26.2,27.8,50.5,82.7,152.1,234.8,65.5,133.3,201.1,85.6,76.4,162.0,18.5,60.8,79.3,77.5,73.0,150.4,59.0,112.5,171.6,37.8,38.0,75.8
2015-09-30,30.2,92.6,122.6,58.0,90.3,148.3,72.2,89.1,161.3,5.9,13.6,19.7,51.5,92.9,144.4,119.7,75.6,195.3,58.3,153.4,211.6,27.6,54.0,81.6,99.6,106.6,206.2,119.4,105.7,225.1,40.3,105.3,145.6,37.5,144.5,182.0,26.31,40.091,66.4,29.8,57.1,86.9,52.6,80.1,132.8,119.4,140.5,259.9,68.9,114.6,183.4,63.5,130.8,194.4,56.8,136.1,192.9,57.2,89.5,146.6,86.9,68.9,155.8,63.7,66.9,130.7,67.0,219.3,286.2,22.4,74.1,96.5,16.8,26.1,42.9,59.8,258.4,318.3,40.2,68.9,109.1,35.1,68.5,103.7,41.8,77.6,119.4,58.5,92.3,150.9,78.2,94.0,172.2,59.7,307.5,367.2,14.6,23.2,37.8,69.5,95.4,164.8,119.2,229.0,348.2,90.6,146.9,237.5,88.9,86.1,175.0,36.4,47.6,84.0,77.2,122.6,199.8,16.1,85.7,101.9,27.4,29.2,53.1,82.9,151.5,234.4,65.0,133.0,200.3,85.6,77.5,163.1,18.1,63.7,81.8,77.5,73.3,150.8,58.7,112.0,170.7,37.6,38.4,76.1
2015-12-31,31.0,95.5,126.4,58.6,91.6,150.2,72.5,89.7,162.2,6.4,14.9,21.5,51.3,92.8,144.1,120.5,75.9,196.4,58.6,149.2,207.8,28.0,53.9,81.8,101.1,107.9,209.0,120.3,109.0,229.3,41.3,104.3,145.5,38.1,148.6,186.7,26.869,41.103,68.0,29.9,56.4,86.3,52.5,80.0,132.5,118.8,140.1,258.9,67.6,112.4,180.0,63.7,126.9,190.6,56.9,137.8,194.7,57.7,90.6,148.2,86.9,69.2,156.1,63.2,67.0,130.3,67.1,230.4,297.5,21.4,74.0,95.5,16.8,26.5,43.2,55.7,249.9,305.6,40.5,69.2,109.7,35.6,68.1,103.7,41.6,75.5,117.2,58.3,92.9,151.2,79.2,93.1,172.3,59.7,322.1,381.8,14.7,23.7,38.3,69.8,96.0,165.8,119.1,227.2,346.3,92.2,148.6,240.8,89.6,85.3,174.9,35.9,47.4,83.3,76.0,121.3,197.3,16.0,88.0,103.9,28.7,31.5,56.8,83.1,154.8,237.9,64.7,137.6,204.5,86.6,77.8,164.4,17.8,61.6,79.3,77.0,73.6,150.5,58.4,111.0,169.4,37.7,40.1,77.7
2016-03-31,32.9,100.7,133.4,60.5,95.7,156.2,74.3,93.2,167.5,6.0,15.0,21.1,50.7,92.2,142.9,121.6,76.4,198.0,58.7,166.0,224.7,27.9,50.9,78.8,101.6,106.7,208.3,120.7,114.1,234.9,41.5,102.0,143.5,39.2,151.8,190.9,26.689,40.233,66.9,29.8,55.6,85.4,52.2,80.9,133.1,118.7,141.1,259.8,66.4,111.1,177.5,63.6,123.7,187.3,56.5,137.1,193.6,59.4,94.5,153.9,87.0,69.8,156.8,62.8,67.2,130.0,66.5,229.3,295.8,21.0,73.4,94.3,16.9,25.3,42.2,53.9,257.3,311.2,40.6,68.6,109.2,34.5,64.8,99.3,41.5,74.5,116.0,58.1,92.0,150.2,79.3,92.7,172.0,60.1,324.3,384.4,15.3,24.0,39.3,69.6,93.2,162.8,119.0,226.8,345.8,93.7,151.9,245.7,89.9,85.7,175.6,35.8,47.6,83.4,75.0,119.1,194.2,15.7,87.0,102.6,30.3,32.7,59.3,84.1,148.9,232.9,64.0,137.2,203.3,85.8,80.3,166.1,17.4,60.9,78.3,76.6,74.7,151.2,57.9,111.5,169.5,37.6,41.0,78.5
2016-06-30,33.9,99.3,133.1,60.8,95.3,156.1,74.0,93.4,167.4,5.9,14.5,20.6,50.5,92.0,142.5,123.0,76.2,199.3,58.9,170.7,229.6,27.7,47.9,75.6,103.5,108.6,212.0,121.2,112.9,234.1,41.9,100.7,142.6,40.8,149.1,189.8,26.621,39.481,66.1,30.1,55.8,85.9,52.2,81.3,133.5,118.6,142.4,261.1,66.5,110.2,176.7,64.3,121.4,185.7,56.9,139.1,196.0,59.7,94.1,153.8,87.3,72.9,160.2,62.4,66.7,129.2,66.4,234.5,300.9,20.6,74.4,94.9,16.8,25.8,42.6,52.6,262.3,315.0,41.0,69.7,110.8,35.2,63.0,98.2,41.4,74.8,116.2,58.2,92.5,150.7,80.2,92.1,172.3,61.6,310.0,371.6,15.4,25.0,40.4,69.5,92.7,162.2,118.7,226.7,345.3,96.1,154.8,250.9,90.9,84.9,175.8,36.3,48.1,84.4,74.2,117.5,191.7,15.6,84.7,100.3,31.0,34.6,62.2,85.4,149.1,234.4,64.2,138.6,204.9,85.2,80.2,165.4,17.3,61.7,79.0,76.8,75.1,151.9,58.0,112.4,170.4,36.3,40.4,76.6
2016-09-30,34.8,98.4,133.1,61.2,95.3,156.5,74.2,93.8,168.0,5.7,14.8,20.6,50.7,92.8,143.5,123.9,75.5,199.3,58.9,169.6,228.5,27.7,47.1,74.8,104.6,109.7,214.4,121.6,113.2,234.8,42.0,100.5,142.5,42.3,146.5,188.8,26.547,38.806,65.4,30.5,56.3,86.8,52.4,82.0,134.3,118.6,144.7,263.3,64.9,108.8,173.8,64.6,118.8,183.4,57.4,139.9,197.3,60.2,94.1,154.2,87.3,75.0,162.3,61.8,65.6,127.4,66.7,235.1,301.8,20.4,69.8,90.2,16.7,25.6,42.3,53.4,249.0,302.5,41.3,69.4,110.7,33.1,59.1,92.3,41.2,74.1,115.3,58.3,93.8,152.0,81.4,90.8,172.2,62.0,334.4,396.4,15.6,25.5,41.1,69.3,94.6,164.0,118.5,233.5,352.1,98.2,154.0,252.2,91.7,85.3,177.0,36.3,47.6,83.9,73.1,115.3,188.4,15.7,84.7,100.4,31.0,34.2,61.7,85.9,150.4,236.3,64.4,138.3,204.7,84.8,78.6,163.3,17.4,62.8,80.2,77.2,75.6,152.7,57.9,112.2,170.1,35.8,40.7,76.4
2016-12-31,34.6,95.3,129.8,59.3,91.4,150.7,71.5,89.5,161.0,6.0,14.7,20.8,51.0,92.7,143.7,123.3,74.8,198.1,59.0,169.7,228.7,27.8,46.6,74.4,104.9,108.9,213.8,121.9,114.5,236.4,42.4,100.4,142.8,43.4,145.1,188.5,26.249,37.873,64.1,30.8,56.3,87.2,52.2,82.2,134.4,116.9,141.9,258.8,64.1,108.1,172.2,64.7,116.3,181.0,58.2,140.8,199.0,58.3,90.2,148.5,86.9,74.7,161.6,61.2,66.2,127.5,67.6,238.9,306.5,20.3,69.8,90.1,17.0,26.1,43.1,52.0,250.9,302.9,41.0,69.8,110.8,35.2,58.7,93.9,41.1,72.2,113.3,58.5,94.9,153.5,82.9,89.6,172.6,61.4,306.8,368.2,15.5,26.0,41.5,69.2,97.2,166.4,117.9,231.3,349.1,98.5,149.4,248.0,92.2,84.3,176.5,36.6,49.5,86.0,71.6,113.0,184.7,15.6,84.0,99.6,29.9,32.8,59.3,86.4,150.9,237.2,63.8,136.0,201.9,84.7,77.0,161.8,17.5,67.0,84.4,77.0,75.2,152.2,57.8,111.9,169.7,35.5,40.3,75.8
2017-03-31,35.5,96.4,131.9,60.2,93.3,153.5,72.6,91.8,164.4,6.0,14.2,20.4,50.7,93.4,144.2,122.3,72.4,194.8,58.9,164.6,223.5,27.5,45.3,72.8,104.5,110.2,214.6,122.8,115.5,238.3,43.0,99.6,142.6,44.5,144.6,189.1,26.31,37.079,63.4,30.9,56.8,87.7,52.0,82.7,134.8,115.9,142.1,258.0,63.2,106.9,170.1,64.8,118.0,182.8,58.3,142.8,201.1,59.3,92.1,151.4,86.9,75.1,162.0,60.4,65.8,126.2,67.6,249.3,316.9,19.9,68.5,88.4,16.9,24.9,41.9,59.1,260.0,319.1,41.1,68.9,110.1,33.2,60.0,93.2,41.0,72.0,113.0,58.8,95.1,153.9,82.9,89.1,172.0,62.6,302.6,365.2,15.5,24.4,39.9,67.9,96.9,164.8,117.7,232.9,350.6,98.0,146.0,244.0,91.9,83.8,175.7,35.9,48.6,84.5,70.8,113.2,184.0,15.4,81.4,96.8,29.0,32.5,58.4,86.5,155.3,241.8,62.7,133.9,198.7,83.4,76.0,159.3,17.3,67.2,84.5,76.6,76.0,152.5,57.8,112.8,170.6,35.2,41.1,76.3
2017-06-30,36.7,96.4,133.0,61.7,95.2,156.9,74.5,94.5,169.1,6.1,15.0,21.3,50.6,92.5,143.0,122.6,72.0,194.5,59.3,161.2,220.6,27.6,45.1,72.6,104.8,109.7,214.5,123.7,118.5,242.2,43.3,99.1,142.4,45.8,141.0,186.7,26.756,36.725,63.5,31.0,56.3,87.3,52.0,82.2,134.2,114.8,140.6,255.5,63.1,104.7,167.8,64.8,119.8,184.6,58.8,142.6,201.4,60.6,93.7,154.3,86.2,74.3,160.4,59.7,64.7,124.4,68.7,262.4,331.1,19.7,67.4,87.1,16.9,25.2,42.1,56.5,240.2,296.8,41.3,69.1,110.4,34.6,64.1,98.7,40.8,71.2,112.0,58.9,94.3,153.2,83.6,89.7,173.3,63.3,318.7,382.0,15.4,23.9,39.3,67.0,96.9,163.9,117.0,231.7,348.7,98.1,144.8,242.8,91.9,83.3,175.2,35.8,47.7,83.5,69.7,112.4,182.2,15.7,82.3,97.9,28.6,32.4,58.1,87.2,154.4,241.5,62.4,137.7,202.0,82.9,76.5,159.4,17.3,67.1,84.3,76.6,76.5,153.2,57.7,111.5,169.2,35.0,40.1,75.0
2017-09-30,37.7,96.4,134.0,62.4,95.8,158.2,75.2,95.5,170.7,6.4,16.0,22.5,50.4,92.3,142.8,121.8,71.1,192.9,59.5,156.5,216.0,27.6,43.7,71.3,104.9,109.0,213.9,124.4,118.6,243.0,43.4,96.5,139.8,46.9,138.1,185.0,26.767,35.914,62.7,30.9,56.1,87.1,51.9,81.8,133.7,114.6,137.3,251.8,61.6,102.7,164.4,65.2,121.8,186.9,59.0,142.2,201.2,61.3,94.4,155.7,86.2,74.9,161.1,59.0,63.1,122.1,69.5,265.6,335.1,19.5,66.6,86.1,16.8,24.6,41.5,54.3,232.3,286.6,41.3,70.3,111.6,34.3,66.7,101.0,40.7,69.7,110.4,58.8,94.4,153.2,84.1,89.0,173.1,63.0,312.1,375.0,15.6,24.4,40.0,66.3,95.8,162.1,116.3,232.3,348.6,97.9,139.6,237.5,91.3,83.0,174.3,35.4,47.2,82.6,69.1,110.8,179.9,15.9,82.8,98.7,27.9,31.8,57.0,87.7,153.4,241.1,62.2,135.0,199.1,82.7,74.8,157.6,17.1,65.7,82.8,76.6,76.6,153.2,57.5,110.6,168.1,34.7,40.7,75.3
2017-12-31,38.5,96.4,134.8,62.5,96.0,158.5,75.1,95.8,170.9,6.9,17.8,24.9,50.2,92.5,142.7,122.6,70.8,193.4,59.6,157.0,216.6,27.9,44.5,72.5,104.5,109.4,213.8,124.4,123.0,247.3,43.8,93.8,137.6,47.3,135.2,182.4,26.959,35.335,62.3,30.9,56.4,87.3,51.6,82.0,133.6,113.8,138.3,252.1,60.9,100.8,161.7,64.9,123.3,188.1,59.4,142.1,201.5,61.5,94.7,156.1,85.9,76.0,161.8,58.2,62.6,120.8,70.8,272.6,343.4,18.8,65.1,83.9,17.0,24.9,42.0,52.7,224.5,277.3,41.4,69.0,110.3,36.5,71.0,107.5,40.7,69.9,110.6,58.9,94.5,153.4,84.8,87.8,172.6,63.2,319.6,382.8,15.6,25.8,41.4,66.2,95.7,161.9,115.7,229.2,344.9,97.8,137.8,235.6,90.9,82.8,173.7,34.8,46.4,81.2,68.4,109.5,177.9,16.3,83.0,99.3,27.9,30.7,55.3,88.2,155.6,243.8,62.2,137.5,201.6,83.2,74.8,158.0,16.8,66.7,83.6,76.7,77.3,153.9,57.3,110.5,167.7,34.7,39.9,74.5
2018-03-31,39.1,96.8,135.9,62.2,96.2,158.4,74.5,95.9,170.3,7.1,18.1,25.4,49.6,93.7,143.3,122.9,71.3,194.2,59.1,153.8,212.9,27.8,42.8,70.6,103.8,110.2,214.0,124.0,127.5,251.6,43.9,92.7,136.6,48.0,134.6,182.6,27.003,34.932,61.9,30.7,56.7,87.4,50.9,82.0,132.9,113.6,138.6,252.2,60.2,99.9,160.0,64.8,123.1,187.8,59.4,143.3,202.7,61.2,94.8,156.0,85.4,74.1,159.4,58.5,61.5,120.0,71.3,278.2,349.5,18.4,64.5,83.0,17.0,24.4,41.4,50.5,215.8,266.3,41.3,70.4,111.7,35.2,67.6,102.8,40.4,69.2,109.6,59.1,93.9,152.9,85.1,88.3,173.4,62.8,332.4,395.2,15.8,24.7,40.4,66.2,96.6,162.8,115.0,229.6,344.6,97.4,134.3,231.7,90.7,82.1,172.8,34.8,46.9,81.8,67.5,107.7,175.2,16.4,81.8,98.2,26.7,31.1,55.4,88.4,157.0,245.4,61.7,134.8,198.5,82.6,74.2,156.9,16.4,67.2,83.6,75.9,77.2,153.1,56.8,110.4,167.2,34.8,40.3,75.0
2018-06-30,37.2,89.8,126.9,59.6,91.6,151.2,71.6,92.6,164.2,7.2,21.5,28.8,49.4,93.2,142.7,122.9,70.6,193.5,59.5,153.9,213.4,27.8,44.9,72.7,104.0,112.3,216.3,123.3,121.3,244.6,44.3,93.6,137.9,48.9,132.0,180.8,27.172,34.665,61.8,31.0,57.8,88.8,50.9,83.2,134.0,113.6,140.8,254.4,60.4,99.4,159.8,65.2,123.7,188.9,59.9,144.8,204.7,58.7,90.5,149.2,85.2,73.4,158.6,57.9,61.1,119.0,71.8,273.5,345.4,18.3,67.5,85.8,16.9,25.5,42.4,47.7,219.7,267.4,41.5,70.3,111.8,35.7,65.6,101.3,40.8,69.1,109.8,59.0,94.5,153.5,85.5,88.9,174.4,63.1,320.4,383.4,15.7,25.7,41.4,67.9,97.0,164.9,114.3,226.1,340.4,97.5,132.9,230.3,90.7,82.0,172.7,35.1,46.6,81.8,66.9,105.0,171.9,16.6,82.1,98.7,25.5,29.6,52.8,88.7,156.2,245.0,60.8,137.3,199.9,82.4,75.1,157.4,16.0,69.9,85.9,75.4,78.3,153.7,56.8,111.1,167.9,34.7,39.9,74.5
2018-09-30,36.9,86.2,123.1,59.4,90.0,149.4,71.4,92.1,163.5,7.0,26.3,33.2,49.8,93.0,142.9,122.0,71.6,193.6,59.4,150.4,209.8,27.8,45.5,73.3,103.9,111.6,215.5,122.9,118.3,241.2,44.9,95.1,139.9,50.0,129.1,179.0,27.1,34.146,61.2,31.2,58.6,89.8,51.1,83.7,134.8,112.8,141.1,253.9,59.3,98.6,157.9,65.7,123.2,188.9,60.3,145.4,205.6,58.5,88.8,147.2,85.2,71.7,156.9,58.4,60.4,118.7,71.4,261.5,332.9,18.1,65.9,84.0,17.0,25.9,42.9,47.6,218.1,265.7,41.5,69.7,111.2,35.8,63.5,99.3,40.7,68.6,109.3,59.3,95.4,154.8,86.2,90.0,176.2,64.0,329.6,393.6,15.7,24.7,40.4,67.9,96.2,164.1,113.6,224.0,337.6,96.6,128.6,225.2,90.7,81.5,172.2,34.8,46.3,81.1,66.1,104.4,170.5,16.9,81.3,98.1,25.2,28.8,51.5,88.7,156.6,245.3,59.6,136.6,197.9,82.4,74.9,157.3,15.3,77.3,92.6,75.2,78.0,153.2,56.7,110.9,167.6,34.5,40.2,74.6
2018-12-31,38.2,86.7,124.8,59.8,90.1,149.9,71.4,91.9,163.3,6.6,22.4,29.0,49.5,93.3,142.8,121.8,71.3,193.1,59.7,151.4,211.1,28.4,46.0,74.4,104.2,112.3,216.5,122.8,116.8,239.6,45.8,97.6,143.4,50.6,126.7,177.3,27.655,34.319,62.0,31.3,59.2,90.5,51.3,83.0,134.3,112.3,139.8,252.1,58.6,97.5,156.1,65.7,121.4,187.1,60.8,145.4,206.3,59.0,88.9,147.9,85.1,71.0,156.2,58.5,60.6,119.1,72.7,262.7,335.4,17.8,64.8,82.6,17.0,26.1,43.1,46.6,224.1,270.7,41.5,68.9,110.4,36.9,62.3,99.2,40.8,68.2,109.0,59.9,96.5,156.4,86.8,90.4,177.2,66.5,355.6,422.1,15.6,25.0,40.7,68.0,96.0,164.0,113.0,222.1,335.0,95.7,128.4,224.1,91.2,81.5,172.8,34.6,45.4,80.0,65.4,102.7,168.2,17.2,80.9,98.1,23.8,28.2,50.0,88.9,153.6,242.5,58.9,137.7,198.3,83.3,75.6,158.9,14.4,67.1,81.5,75.0,78.2,153.2,56.7,109.9,166.7,34.7,39.1,73.7
2019-03-31,40.3,91.3,131.5,60.6,92.2,152.8,71.4,92.7,164.1,6.1,23.1,29.2,49.3,94.3,143.6,121.2,71.3,192.4,60.0,151.0,211.0,28.5,45.9,74.5,103.7,113.8,217.5,122.8,119.8,242.6,46.3,97.2,143.5,51.5,128.9,180.4,27.828,33.399,61.2,31.1,57.9,89.0,51.4,83.9,135.3,112.6,143.6,256.2,57.9,97.2,155.1,65.8,122.1,187.9,60.3,147.6,207.9,59.7,91.0,150.7,83.6,70.1,153.7,57.6,56.9,114.5,73.9,262.0,335.9,17.5,64.5,82.0,16.9,25.7,42.7,44.7,215.7,260.4,41.2,69.1,110.2,36.3,59.5,95.7,40.8,67.4,108.2,60.0,96.7,156.8,86.7,91.7,178.4,66.6,365.4,432.0,15.8,25.0,40.8,67.9,95.6,163.5,112.1,219.7,331.9,95.8,129.4,225.2,91.3,80.6,171.9,34.5,44.9,79.4,64.6,102.1,166.7,17.6,78.4,96.0,23.5,27.8,49.4,88.9,160.0,248.9,58.0,139.5,199.1,82.9,75.5,158.4,13.9,68.4,82.3,74.4,78.7,153.1,56.5,110.3,166.9,34.9,41.0,75.8
2019-06-30,41.1,90.6,131.7,61.5,93.1,154.6,72.4,94.4,166.8,5.6,21.2,26.8,49.4,95.1,144.5,120.1,71.3,191.4,60.3,150.7,211.0,28.9,46.2,75.0,104.4,115.7,220.1,123.3,123.1,246.4,47.0,99.7,146.7,52.6,127.6,180.1,28.361,32.877,61.2,31.1,56.6,87.7,51.8,84.7,136.5,112.2,146.2,258.4,58.2,96.7,154.9,66.1,120.3,186.4,60.9,148.8,209.7,60.6,91.7,152.3,83.9,71.0,154.9,56.6,55.8,112.4,76.6,265.0,341.6,17.5,65.5,83.0,17.0,25.9,42.8,43.6,212.1,255.7,41.4,69.0,110.3,36.4,57.1,93.5,41.0,67.3,108.2,60.2,97.0,157.2,87.3,93.6,180.9,67.3,371.5,438.8,15.8,25.1,40.9,67.8,97.3,165.1,111.2,216.7,327.9,97.0,132.1,229.1,91.5,80.8,172.3,34.4,44.0,78.4,64.0,101.0,165.1,18.2,76.9,95.1,23.5,28.9,51.0,88.9,160.9,249.8,57.6,143.6,202.6,82.8,75.3,158.0,13.6,67.0,80.6,74.6,78.8,153.4,56.7,110.6,167.3,34.9,39.8,74.6
2019-09-30,40.5,87.3,127.8,60.7,91.2,151.8,71.5,93.2,164.7,5.4,25.1,30.4,49.6,93.1,142.7,118.7,71.4,190.1,60.2,155.3,215.5,29.2,47.0,76.3,104.9,116.7,221.6,124.2,128.0,252.3,47.6,104.3,152.0,53.6,126.7,180.2,28.957,32.451,61.4,31.0,55.6,86.6,52.0,84.7,136.6,111.9,149.2,261.1,57.1,96.7,153.7,66.3,120.0,186.3,61.6,150.1,211.8,59.8,89.8,149.6,83.9,72.4,156.3,55.8,54.7,110.5,79.9,266.4,346.3,18.1,64.2,82.3,17.0,25.9,42.9,42.5,208.3,250.8,41.4,67.7,109.1,37.3,55.4,92.7,41.0,67.4,108.4,60.3,98.3,158.6,88.3,94.9,183.1,68.0,370.6,438.6,16.0,25.0,40.9,67.9,96.0,163.9,110.2,214.6,324.8,98.6,135.2,233.8,91.6,80.4,172.0,34.6,44.2,78.7,63.5,99.9,163.4,18.6,78.3,96.9,23.9,29.4,51.9,88.8,161.7,250.5,57.4,144.4,203.2,83.5,74.3,157.8,13.8,63.9,77.8,74.7,78.8,153.5,56.7,110.7,167.4,34.9,40.7,75.5
2019-12-31,42.3,89.2,131.5,62.3,92.9,155.2,73.0,94.9,167.9,5.4,22.9,28.3,49.4,93.0,142.4,118.5,70.3,188.8,60.9,150.7,211.6,30.0,47.1,77.0,104.5,116.9,221.5,124.4,136.6,261.1,48.1,106.1,154.2,54.4,125.5,179.9,29.082,31.561,60.6,31.0,53.7,84.7,52.1,84.9,137.0,110.8,151.6,262.4,56.5,95.3,151.9,66.2,118.5,184.7,62.3,149.7,212.0,61.3,91.3,152.6,83.9,70.7,154.6,55.6,54.7,110.3,81.6,267.7,349.3,18.5,64.4,82.8,17.0,26.0,42.9,35.0,198.7,233.7,41.5,68.4,109.9,39.1,54.7,93.7,41.1,66.9,107.9,60.8,100.2,161.0,89.6,95.5,185.1,68.2,367.1,435.2,15.6,24.5,40.1,68.1,96.0,164.2,109.7,210.5,320.2,99.5,137.3,236.8,91.8,79.0,170.8,34.1,43.1,77.2,62.9,97.2,160.2,19.1,79.5,98.7,24.8,30.4,53.6,88.9,161.4,250.4,57.6,151.0,209.9,84.7,74.7,159.4,14.4,63.8,78.1,74.7,78.3,153.0,56.6,109.8,166.3,35.1,39.2,74.2
2020-03-31,41.4,90.1,131.5,60.9,93.7,154.6,71.3,95.7,167.0,5.0,22.2,27.2,49.6,94.6,144.2,118.5,73.4,191.9,61.0,148.5,209.5,30.0,51.7,81.7,104.6,121.5,226.1,125.6,134.9,260.5,48.3,111.9,160.2,56.3,133.1,189.5,30.114,33.218,63.3,31.1,53.8,84.8,52.1,86.0,138.1,110.1,137.5,247.5,56.7,95.8,152.4,66.5,118.9,185.4,62.9,153.1,216.1,60.1,92.5,152.7,83.9,74.2,158.1,55.5,55.9,111.4,83.5,284.4,367.9,18.7,67.5,86.2,17.0,27.7,44.7,33.8,212.1,245.9,41.7,67.1,108.8,38.1,53.4,91.5,41.4,68.2,109.6,61.2,100.7,161.9,90.1,98.5,188.6,68.2,374.0,442.2,15.8,28.3,44.1,67.9,97.2,165.1,109.8,212.9,322.7,100.5,145.0,245.5,92.0,80.2,172.2,34.3,44.9,79.2,63.1,97.3,160.4,19.8,85.6,105.4,25.4,34.3,59.3,88.9,167.6,256.4,56.6,154.3,212.0,85.1,77.7,162.8,14.7,65.8,80.6,74.2,81.8,156.0,56.8,112.0,168.8,35.2,41.4,76.5
2020-06-30,44.3,95.9,140.3,64.1,100.4,164.4,74.5,102.7,177.2,5.0,23.9,28.9,51.3,98.8,150.1,120.4,71.8,192.2,63.2,150.6,213.8,30.2,54.4,84.6,108.6,129.0,237.6,129.1,138.5,267.6,48.7,119.6,168.2,58.2,135.6,193.8,31.828,35.683,67.5,32.0,54.6,86.6,53.6,89.9,143.5,111.6,139.7,251.4,60.3,103.8,164.1,67.9,121.8,189.7,65.5,165.5,231.1,63.1,99.0,162.1,86.9,80.0,166.9,57.0,58.4,115.5,86.3,286.5,372.8,19.6,68.5,88.2,16.9,26.8,43.7,34.1,212.0,246.1,42.5,67.0,109.5,40.7,56.6,97.3,43.4,72.1,115.4,63.0,110.3,173.4,92.5,101.4,194.0,69.7,389.8,459.5,16.4,28.9,45.3,71.8,103.7,175.5,112.3,217.5,329.9,104.3,151.8,256.2,94.0,80.7,174.7,34.5,44.9,79.4,65.7,104.7,170.3,20.3,87.4,107.7,27.1,38.1,65.4,91.4,169.9,261.2,57.9,160.1,219.0,89.1,81.1,170.1,16.4,72.2,88.6,75.5,86.3,161.8,58.9,118.5,177.4,35.6,41.7,77.3
2020-09-30,47.5,99.8,147.3,66.8,103.4,170.2,76.9,105.4,182.3,5.1,23.9,29.0,52.1,99.9,152.1,121.6,71.2,192.7,64.2,148.7,213.0,31.1,55.9,87.1,111.4,130.5,242.0,131.0,141.7,272.7,48.7,118.7,167.4,60.0,134.8,194.7,32.21,36.741,69.0,32.6,55.2,87.8,54.8,91.2,146.0,112.0,125.2,237.2,60.8,105.6,166.4,68.9,122.1,191.0,67.0,168.7,235.7,65.8,102.1,167.9,88.9,81.4,170.3,58.2,62.9,121.1,89.2,303.2,392.3,20.3,70.2,90.6,17.5,27.4,44.9,33.1,191.1,224.2,43.0,68.5,111.5,42.5,58.0,100.5,44.2,74.3,118.5,64.4,112.6,177.0,94.7,103.3,198.1,69.6,380.0,449.6,16.6,28.1,44.8,74.5,104.2,178.7,113.4,218.7,332.1,106.9,155.3,262.1,94.9,78.8,173.6,34.5,44.2,78.7,67.0,106.3,173.3,21.4,92.5,113.9,29.3,40.6,69.8,92.7,171.0,263.7,59.3,162.9,223.3,92.2,83.2,175.4,17.7,74.1,91.8,76.6,86.2,162.8,59.9,120.2,180.1,36.1,39.8,75.8
2020-12-31,50.5,102.8,153.3,69.7,106.4,176.2,79.9,108.4,188.2,5.6,24.3,29.9,52.9,100.4,153.3,122.0,69.2,191.2,65.3,155.6,221.0,32.2,54.3,86.5,113.2,131.8,245.0,132.4,139.3,271.8,48.3,109.7,158.1,60.6,131.9,192.4,32.379,37.548,69.9,33.1,54.5,87.5,55.6,92.1,147.7,112.1,126.1,238.1,62.1,108.6,170.8,69.7,123.1,192.8,68.2,171.5,239.7,68.6,104.9,173.5,90.8,82.9,173.8,58.6,65.2,123.7,91.6,292.4,383.9,20.7,70.8,91.6,17.8,26.4,44.2,32.9,181.9,214.8,43.4,70.2,113.6,44.3,58.9,103.1,44.9,75.7,120.6,65.4,113.6,179.1,97.1,103.6,200.6,69.9,382.7,452.5,16.7,26.1,42.8,76.3,105.4,181.8,114.8,215.1,329.9,109.1,157.7,266.8,97.1,77.5,174.6,34.3,44.4,78.7,68.3,107.8,176.2,22.0,93.0,114.9,31.2,43.7,75.0,94.2,170.5,264.7,60.4,169.3,230.7,95.3,85.6,181.0,17.2,69.4,86.6,77.7,86.4,164.1,60.9,121.5,182.4,36.6,38.7,75.2
2021-03-31,49.4,100.5,149.9,67.6,103.5,171.2,77.5,105.1,182.6,5.2,23.4,28.6,53.7,104.1,157.8,121.6,68.8,190.4,66.0,154.9,220.9,31.8,55.2,86.9,112.0,131.8,243.8,133.2,149.4,282.6,48.1,107.9,156.1,60.1,130.0,190.2,32.363,37.362,69.7,33.4,55.9,89.3,56.0,93.9,150.0,110.5,128.3,238.8,62.1,109.9,172.0,70.1,125.1,195.2,68.1,169.9,238.1,66.7,102.1,168.8,92.0,82.8,174.8,58.4,68.4,126.7,91.7,296.9,388.6,21.2,76.5,97.7,17.8,26.7,44.5,32.2,173.2,205.4,43.9,71.4,115.3,42.7,57.5,100.1,44.9,75.5,120.4,65.9,113.9,179.8,98.3,104.4,202.7,69.2,385.3,454.5,16.9,26.0,42.9,76.6,106.3,182.9,115.6,227.4,343.1,108.7,157.9,266.6,98.3,76.8,175.1,33.9,44.2,78.1,69.2,110.2,179.4,22.1,90.3,112.4,31.6,44.8,76.7,94.9,176.0,271.0,60.0,162.0,223.1,96.6,87.3,183.9,16.6,69.5,86.1,77.6,86.8,164.4,61.1,123.0,184.1,36.7,38.3,75.1
2021-06-30,48.6,97.3,145.9,66.5,100.5,167.0,76.3,102.3,178.6,4.7,21.2,25.9,52.7,101.1,153.8,119.1,66.6,185.7,64.4,148.7,213.2,31.4,50.9,82.3,109.6,128.2,237.8,130.3,149.0,279.3,46.7,101.8,148.5,60.0,127.5,187.5,31.275,35.911,67.2,33.1,54.8,87.9,55.2,92.1,147.3,107.2,127.6,234.7,60.4,106.7,167.1,69.7,124.0,193.7,66.9,164.4,231.3,65.7,99.1,164.8,89.4,80.6,170.0,58.0,70.3,128.3,92.0,304.6,396.6,21.1,74.5,95.6,17.4,26.2,43.6,30.4,164.0,194.5,43.4,70.9,114.3,40.7,55.0,95.6,43.4,72.5,115.9,65.0,112.3,177.3,98.7,105.2,203.9,68.4,380.4,448.7,16.1,24.6,40.6,73.2,102.8,176.0,112.8,222.1,334.9,105.4,154.5,259.8,96.6,73.9,170.5,32.9,42.8,75.7,67.4,106.0,173.4,21.7,84.9,106.6,30.3,43.3,74.1,94.1,173.0,267.0,56.7,162.1,219.6,95.2,86.3,181.5,15.5,65.6,81.1,77.8,84.6,162.4,59.7,119.5,179.2,34.9,35.0,70.0
2021-09-30,47.4,93.9,141.3,64.8,97.3,162.1,74.4,99.2,173.6,4.5,19.5,24.0,52.5,101.1,153.6,117.9,65.4,183.2,63.9,148.4,212.3,31.9,51.7,83.6,108.3,126.7,235.0,128.4,148.1,276.5,45.3,102.9,148.2,60.1,125.3,185.5,30.54,34.871,65.4,33.4,55.1,88.6,55.1,91.5,146.6,104.6,129.1,233.7,58.6,104.3,162.8,69.3,123.3,192.6,66.8,162.3,229.1,64.1,95.9,160.0,87.9,79.4,167.3,56.5,67.8,124.3,92.6,288.2,380.8,21.4,78.3,99.6,17.2,25.2,42.4,29.4,157.8,187.1,43.8,71.4,115.2,39.8,53.8,93.6,42.7,70.8,113.5,64.7,112.0,176.7,99.1,106.1,205.2,67.4,380.3,447.7,16.1,24.4,40.5,73.4,103.5,176.9,111.2,216.8,327.9,100.0,148.9,248.9,97.5,73.9,171.4,32.7,42.8,75.5,66.9,104.4,171.3,21.5,82.4,103.9,29.7,41.3,71.0,93.8,173.6,267.4,54.5,153.5,208.0,95.2,88.6,183.9,15.1,62.0,77.1,77.4,83.3,160.7,59.1,117.9,177.0,34.4,35.2,69.5
2021-12-31,47.6,92.1,139.6,64.2,95.7,160.0,73.6,97.8,171.4,4.5,18.4,22.9,51.7,101.7,153.4,117.4,63.5,180.9,63.1,143.9,207.0,32.5,52.4,84.9,106.8,123.9,230.8,126.4,145.3,271.6,45.0,101.8,146.8,60.0,122.5,182.5,30.071,34.14,64.2,33.6,55.6,89.1,54.9,91.6,146.4,102.5,127.4,229.9,57.2,101.9,159.1,68.8,122.1,190.9,66.5,161.3,227.8,63.5,94.4,157.9,85.4,78.0,163.4,54.9,66.2,121.0,93.1,275.4,368.5,21.0,81.6,102.6,17.2,24.6,41.8,28.1,152.7,180.8,44.1,71.8,115.9,41.5,55.0,96.5,42.2,70.9,113.1,64.8,112.9,177.7,98.6,106.8,205.4,67.0,390.2,457.2,16.0,24.3,40.3,72.9,101.8,174.7,109.1,212.5,321.6,92.6,138.9,231.5,97.8,73.3,171.2,31.9,42.0,74.0,66.0,102.4,168.3,21.3,78.3,99.6,29.1,37.8,66.9,93.3,179.9,273.2,52.6,146.8,199.3,95.7,88.5,184.1,14.2,71.3,85.5,76.7,82.6,159.3,58.3,116.7,175.0,34.1,33.6,67.7
2022-03-31,47.5,93.3,140.8,63.5,95.3,158.9,72.7,96.5,169.2,4.3,16.8,21.2,50.7,99.6,150.4,116.0,62.1,178.1,62.2,139.4,201.5,32.9,49.3,82.3,104.8,121.6,226.4,124.7,147.3,272.0,44.7,96.7,141.4,59.9,125.6,185.5,29.58,33.583,63.2,33.3,55.8,89.1,54.2,91.6,145.8,97.1,128.2,225.3,55.7,97.9,153.6,68.1,122.8,190.9,66.0,160.2,226.2,62.9,94.0,156.9,83.5,74.3,157.7,53.9,63.4,117.3,93.9,287.1,381.1,20.2,81.4,101.6,16.9,24.3,41.2,29.9,148.5,178.4,44.4,71.3,115.7,41.3,54.0,95.4,41.5,68.9,110.4,64.6,112.9,177.5,97.8,106.8,204.5,67.2,385.5,452.7,16.1,23.6,39.7,71.4,99.1,170.5,107.1,208.9,316.0,85.4,131.1,216.5,97.5,73.2,170.6,30.7,41.4,72.1,64.4,100.1,164.5,20.3,77.1,97.3,28.3,36.0,64.3,93.1,180.1,273.2,50.0,136.1,186.1,94.8,88.6,183.4,12.8,69.3,82.0,75.9,82.1,158.0,57.7,115.5,173.1,34.1,33.7,67.8
2022-06-30,45.4,90.7,136.1,61.3,92.0,153.3,70.5,92.7,163.2,4.4,18.0,22.3,50.0,98.1,148.1,114.7,62.1,176.8,61.5,134.9,196.4,33.2,51.1,84.3,103.6,116.6,220.3,123.7,146.9,270.6,45.3,103.6,148.9,60.1,127.2,187.3,29.165,33.111,62.3,32.6,55.6,88.1,53.9,91.6,145.5,91.1,129.8,220.9,55.1,95.2,150.2,67.7,122.0,189.8,66.2,159.1,225.3,60.9,90.9,151.8,82.2,72.1,154.3,52.1,62.5,114.6,94.6,288.9,383.5,19.8,84.9,104.8,16.5,25.1,41.7,29.2,147.1,176.3,44.9,72.2,117.1,40.9,52.3,93.2,41.0,67.6,108.6,64.7,113.8,178.4,97.7,108.1,205.8,67.5,403.4,470.9,16.1,23.5,39.6,69.2,95.2,164.4,105.7,205.7,311.5,79.5,127.7,207.2,96.7,73.2,169.9,29.4,40.8,70.1,63.1,97.2,160.3,19.2,68.0,87.2,27.3,33.5,60.8,92.4,178.9,271.3,47.5,123.3,170.8,93.8,88.5,182.3,12.0,63.8,75.9,75.6,81.2,156.8,57.2,114.2,171.4,34.1,33.7,67.8
2022-09-30,43.3,86.0,129.3,59.4,88.7,148.1,68.8,90.2,159.1,4.2,17.7,21.9,49.3,96.9,146.3,112.1,61.8,173.9,60.5,134.7,195.2,33.7,52.0,85.7,102.1,115.7,217.9,122.9,144.2,267.0,45.8,105.0,150.8,60.3,127.4,187.6,28.602,32.472,61.1,32.0,57.3,89.3,53.7,93.2,146.9,85.5,134.8,220.4,53.0,93.5,146.5,67.3,121.5,188.8,66.3,159.7,226.0,59.1,87.6,146.7,81.4,71.0,152.4,50.4,60.5,110.9,95.3,278.7,374.0,19.3,91.2,110.5,16.3,24.2,40.4,27.9,149.5,177.4,44.8,70.9,115.7,41.8,52.0,93.8,40.5,66.6,107.1,64.6,113.8,178.4,97.3,110.5,207.8,68.4,412.0,480.4,16.0,23.3,39.3,67.1,89.1,156.3,103.9,206.2,310.2,72.8,121.4,194.2,94.5,72.6,167.1,28.2,41.4,69.6,62.0,94.3,156.3,19.4,68.5,87.9,26.6,33.7,60.3,91.0,182.1,273.1,45.6,119.0,164.6,92.6,87.6,180.3,10.9,57.8,68.7,75.1,79.9,155.0,56.5,114.2,170.7,33.9,34.7,68.5
2022-12-31,44.7,88.1,132.8,62.1,92.7,154.8,72.4,95.4,167.7,4.1,17.9,22.0,48.3,95.5,143.8,110.3,59.8,170.1,59.7,131.9,191.6,34.0,52.1,86.1,100.8,115.1,215.9,121.9,140.1,262.0,46.4,98.2,144.7,60.1,127.2,187.3,28.446,32.295,60.7,31.5,55.7,87.2,52.9,92.6,145.5,85.2,135.2,220.4,51.4,90.4,141.8,66.6,122.1,188.7,65.9,159.0,224.9,61.6,91.3,152.9,80.1,69.2,149.3,45.3,55.3,100.6,96.3,276.7,373.0,18.7,84.6,103.3,16.2,23.8,40.0,26.5,135.5,162.0,44.4,70.1,114.4,41.6,50.9,92.6,40.0,65.8,105.8,64.7,114.2,178.9,97.1,111.5,208.6,68.2,414.3,482.6,16.0,22.7,38.7,66.6,87.5,154.1,101.6,199.9,301.5,72.1,121.6,193.7,93.3,72.4,165.8,26.3,39.1,65.4,60.3,91.9,152.2,19.8,72.1,91.9,26.2,32.6,58.8,90.1,185.5,275.6,44.2,119.4,163.5,92.6,86.1,178.7,10.7,53.2,63.8,74.5,78.9,153.4,55.6,112.1,167.7,34.2,34.7,68.8
2023-03-31,45.7,91.7,137.4,62.3,94.1,156.4,72.0,95.5,167.5,3.9,17.9,21.8,46.5,93.9,140.4,109.0,59.3,168.3,58.5,127.3,185.8,34.1,50.7,84.8,99.7,117.2,216.9,121.2,141.4,262.6,46.4,91.2,137.6,60.7,132.5,193.2,27.69,31.438,59.1,30.9,54.1,85.1,52.1,91.3,143.4,84.3,135.8,220.2,49.5,88.2,137.7,65.4,120.4,185.8,65.1,158.2,223.4,61.8,92.9,154.7,78.6,66.8,145.3,44.1,53.7,97.8,96.4,279.4,375.8,18.1,81.2,99.3,16.0,22.6,38.6,24.9,134.2,159.1,43.7,70.1,113.9,42.4,50.8,93.2,39.0,64.1,103.1,64.1,113.0,177.2,94.0,114.2,208.2,68.1,412.7,480.8,16.1,21.5,37.6,66.4,86.9,153.3,100.4,190.9,291.2,73.0,124.4,197.3,91.8,70.3,162.2,25.0,38.5,63.4,58.2,88.9,147.2,20.6,74.8,95.4,26.3,32.9,59.3,88.5,162.2,250.7,43.9,116.4,160.3,91.6,85.7,177.3,11.1,49.9,61.0,73.3,78.4,151.7,54.5,110.1,164.6,34.3,35.0,69.3
2023-06-30,44.3,88.4,132.7,61.3,91.9,153.2,71.3,93.9,165.1,3.9,18.7,22.6,45.7,92.2,137.9,109.5,58.8,168.3,57.8,122.7,180.5,33.6,49.9,83.5,100.9,117.7,218.6,121.1,138.6,259.8,46.2,90.9,137.0,60.7,132.8,193.5,27.481,31.2,58.7,30.8,52.6,83.4,51.4,90.4,141.8,84.2,130.4,214.6,49.0,86.3,135.4,64.7,119.3,184.0,64.2,156.3,220.5,60.8,90.6,151.4,77.5,64.1,141.6,43.0,53.0,96.0,96.3,277.6,373.9,17.7,78.3,95.9,16.1,22.8,38.8,25.7,134.9,160.6,43.2,70.5,113.7,41.9,49.7,91.6,38.2,63.1,101.3,63.5,112.5,176.0,94.1,114.2,208.4,69.1,402.6,471.7,16.1,20.9,37.0,67.3,88.3,155.7,99.4,188.9,288.2,75.7,127.6,203.3,90.7,70.9,161.5,24.2,37.2,61.4,56.6,85.8,142.4,21.3,76.4,97.7,27.4,34.5,62.0,87.6,164.5,252.1,44.9,126.5,171.5,91.6,85.9,177.5,11.5,52.9,64.4,72.8,77.3,150.1,53.8,108.6,162.4,34.4,33.7,68.1
2023-09-30,44.5,88.6,133.1,60.5,90.3,150.7,69.6,91.2,160.8,3.9,19.8,23.7,45.2,91.6,136.8,109.2,59.1,168.3,57.1,120.7,177.8,34.3,51.0,85.2,101.1,118.1,219.3,121.4,137.6,259.0,46.0,95.6,141.6,60.8,133.2,194.0,27.312,31.008,58.3,30.6,52.1,82.7,50.8,89.0,139.9,85.4,133.3,218.6,47.2,84.5,131.6,64.7,118.1,182.8,63.3,154.7,218.0,60.0,89.1,149.1,77.3,63.4,140.7,42.0,52.5,94.6,94.9,269.9,364.7,17.3,78.5,95.8,16.3,23.2,39.5,25.8,139.0,164.9,42.8,69.7,112.4,43.3,50.1,93.4,37.5,60.9,98.4,62.8,112.3,175.1,94.1,114.7,208.8,67.1,398.8,465.9,16.2,21.0,37.2,68.4,88.9,157.3,98.7,188.8,287.6,82.0,134.2,216.2,89.8,69.7,159.5,24.0,37.3,61.3,55.2,85.2,140.4,22.2,77.9,100.1,28.2,36.0,64.2,86.3,157.6,243.9,45.5,125.6,171.1,91.7,85.8,177.5,11.0,48.4,59.4,72.3,76.2,148.5,53.0,107.6,160.6,34.3,34.0,68.4
2023-12-31,45.8,91.0,136.7,61.5,92.0,153.5,70.4,92.6,163.1,4.0,30.5,34.5,44.6,90.2,134.8,109.4,59.3,168.7,57.1,123.6,180.6,34.6,50.8,85.5,100.9,119.3,220.2,121.5,132.1,253.6,46.3,95.4,141.7,60.5,132.6,193.0,26.901,30.541,57.4,30.5,52.6,83.1,50.2,88.2,138.4,88.8,137.0,225.7,46.1,83.6,129.7,64.7,118.1,182.8,62.3,154.0,216.3,60.8,90.8,151.6,76.8,63.0,139.8,41.0,53.7,94.7,93.3,269.7,362.9,17.0,75.8,92.8,16.5,23.6,40.0,25.7,135.0,160.6,42.5,69.2,111.8,43.8,50.0,93.8,36.9,61.2,98.0,62.3,112.2,174.5,93.0,113.0,206.0,63.8,402.8,466.6,16.2,20.9,37.1,69.4,89.6,159.0,96.8,188.4,285.2,83.6,134.8,218.4,89.9,69.5,159.3,23.6,36.1,59.7,54.1,82.0,136.1,22.2,77.4,99.6,28.7,36.6,65.2,85.4,153.7,239.1,45.6,127.0,172.6,92.1,85.5,177.6,10.7,45.9,56.6,71.8,75.3,147.1,52.2,107.0,159.3,34.4,32.9,67.3
2024-03-31,45.6,92.5,138.1,60.3,91.3,151.6,68.7,90.6,159.2,3.4,24.4,27.9,44.0,90.6,134.6,110.0,59.9,169.9,56.7,124.3,181.0,34.9,51.5,86.4,100.0,118.1,218.2,121.9,134.3,256.1,46.1,99.8,145.9,61.0,137.3,198.2,26.681,30.292,57.0,30.4,55.7,86.1,49.7,87.9,137.5,87.9,137.6,225.5,45.2,83.8,129.0,64.8,117.4,182.2,61.2,152.4,213.7,59.9,90.2,150.1,76.4,64.1,140.4,40.3,52.8,93.2,91.5,266.6,358.1,16.9,77.2,94.2,16.4,23.7,40.1,25.1,121.0,146.1,42.2,69.4,111.6,44.1,50.3,94.4,36.3,60.2,96.6,62.3,112.4,174.7,91.2,112.1,203.3,62.7,393.8,456.5,16.4,20.5,36.9,69.5,89.4,158.8,96.1,184.5,280.6,84.8,137.3,222.2,89.4,69.5,158.9,23.3,35.9,59.3,53.4,80.7,134.0,21.9,76.6,98.5,29.1,37.8,66.9,84.4,164.5,248.9,44.6,124.1,168.7,91.4,85.6,177.0,10.3,43.1,53.4,71.1,75.0,146.1,51.6,105.9,157.4,34.4,34.2,68.6
2024-06-30,45.2,93.0,138.2,60.0,91.0,150.9,68.3,89.8,158.1,3.5,21.0,24.5,43.7,89.5,133.2,111.0,59.4,170.4,56.8,124.1,180.9,35.2,53.6,88.7,100.2,118.3,218.5,121.6,138.2,259.8,45.9,96.3,142.2,60.5,137.9,198.4,26.464,30.045,56.5,30.6,55.9,86.5,49.3,87.7,137.0,86.3,136.4,222.8,45.3,83.1,128.5,64.8,117.1,181.9,60.8,152.8,213.6,59.5,89.9,149.4,76.1,64.0,140.1,39.8,53.1,92.9,90.0,249.5,339.6,17.0,78.4,95.4,16.3,24.0,40.3,25.0,124.8,149.8,42.3,68.7,111.0,44.1,50.4,94.5,36.2,59.5,95.7,62.4,112.0,174.4,90.2,111.4,201.6,63.0,388.3,451.4,16.6,21.4,37.9,69.1,88.5,157.6,95.6,182.1,277.7,85.0,137.0,221.9,89.4,69.5,158.9,23.3,35.8,59.1,52.9,80.2,133.1,22.1,75.3,97.4,29.3,37.7,67.0,83.8,164.8,248.6,43.9,124.6,168.4,90.2,84.3,174.5,9.5,40.1,49.6,70.6,74.5,145.2,51.4,105.7,157.1,34.0,33.1,67.2
2024-09-30,46.4,95.9,142.4,61.4,93.6,154.9,69.8,92.2,162.1,4.1,19.6,23.7,43.4,89.1,132.5,111.2,59.8,171.0,56.8,122.1,178.9,35.6,53.7,89.3,100.5,119.0,219.5,121.4,134.7,256.2,45.3,92.6,137.9,60.2,138.7,198.8,25.946,29.457,55.4,30.7,56.6,87.3,49.2,87.7,136.9,86.0,134.0,220.0,44.0,82.9,126.9,64.5,116.5,180.9,60.3,152.4,212.7,60.8,92.4,153.2,75.8,63.6,139.4,39.3,52.6,91.9,88.8,245.9,334.7,17.1,77.7,94.8,16.3,22.9,39.1,24.7,122.1,146.8,42.6,69.8,112.3,43.9,50.0,93.9,36.0,58.5,94.5,61.9,110.3,172.2,89.9,110.8,200.7,62.4,388.1,450.6,16.7,21.9,38.6,69.2,86.1,155.3,95.3,180.2,275.5,85.0,136.4,221.4,89.6,69.9,159.5,23.0,35.2,58.2,52.7,79.2,131.9,22.2,77.2,99.4,29.9,39.4,69.3,83.5,168.1,251.6,43.0,117.2,160.2,89.4,82.0,171.4,9.4,39.2,48.5,70.3,74.2,144.6,51.0,105.1,156.2,33.9,33.9,67.8
2024-12-31,44.5,91.9,136.4,58.5,89.1,147.6,66.4,87.4,153.9,4.7,18.4,23.1,42.9,88.2,131.1,112.0,61.4,173.4,56.7,121.8,178.5,36.2,57.0,93.2,100.5,118.4,218.8,121.1,133.1,254.2,45.0,94.4,139.4,60.0,137.9,197.9,25.587,29.05,54.6,30.7,56.5,87.2,49.0,86.9,135.9,84.1,134.8,218.8,43.7,80.8,124.5,63.9,115.7,179.6,60.2,152.8,213.0,58.0,88.2,146.2,74.9,62.8,137.7,39.1,56.1,95.2,87.8,239.2,326.9,17.2,78.2,95.4,16.2,23.5,39.7,23.7,120.7,144.3,42.2,69.3,111.5,44.5,50.8,95.3,36.0,59.0,95.0,61.8,111.4,173.2,89.4,110.5,199.8,62.8,391.7,454.6,16.9,22.6,39.5,69.4,87.4,156.8,94.7,178.0,272.7,85.4,138.0,223.4,89.9,70.2,160.0,22.6,35.5,58.1,52.6,77.8,130.4,21.5,78.7,100.2,30.6,40.3,70.9,82.7,165.1,247.9,42.4,117.4,159.8,88.8,81.8,170.6,9.4,37.4,46.8,69.3,73.2,142.5,50.8,104.9,155.8,33.8,33.1,66.9
2025-03-31,45.4,95.9,141.3,59.4,91.6,150.9,67.3,89.1,156.4,5.0,18.6,23.7,42.4,87.3,129.7,112.6,61.8,174.4,56.7,120.5,177.2,36.5,54.8,91.3,99.3,118.6,217.9,120.9,132.4,253.3,45.2,91.4,136.6,60.2,141.7,201.9,25.268,28.687,54.0,30.7,55.3,86.0,48.7,87.8,136.5,82.8,133.0,215.9,43.3,80.2,123.5,63.6,114.9,178.5,59.8,154.0,213.9,58.8,90.7,149.5,74.3,58.3,132.6,38.9,57.1,96.1,87.5,242.9,330.4,17.3,74.9,92.2,16.0,23.7,39.7,22.7,114.5,137.2,42.1,69.5,111.5,44.8,51.2,96.0,35.9,58.8,94.7,61.5,109.5,171.0,89.1,110.9,200.0,62.2,385.9,448.1,16.9,22.3,39.3,69.5,87.3,156.8,94.5,175.2,269.7,84.4,134.7,219.0,90.0,70.3,160.3,22.3,34.8,57.1,52.8,77.6,130.4,20.9,77.9,98.8,30.9,43.0,74.0,82.7,152.9,235.6,42.2,120.8,163.0,87.5,81.2,168.8,9.4,38.6,48.0,68.6,73.0,141.6,50.5,104.7,155.3,33.7,33.4,67.1
2025-06-30,46.0,97.9,143.8,60.8,94.0,154.8,69.2,91.8,161.0,5.4,19.9,25.3,42.1,86.3,128.4,113.8,61.9,175.7,56.8,120.5,177.3,36.3,54.2,90.5,99.9,117.9,217.8,121.2,128.3,249.5,44.7,89.5,134.3,59.7,142.2,201.8,25.285,28.706,54.0,30.9,55.7,86.5,48.5,87.8,136.3,82.5,131.6,214.1,43.9,79.8,123.7,63.2,114.8,178.0,59.7,154.4,214.1,60.1,93.0,153.1,73.7,57.1,130.8,38.7,57.6,96.3,87.6,247.6,335.2,17.6,74.8,92.4,15.8,23.6,39.4,25.1,102.8,127.9,41.9,70.4,112.4,45.5,51.9,97.3,35.9,59.0,94.9,61.0,109.1,170.1,89.4,110.3,199.7,62.4,384.7,447.1,17.0,21.8,38.7,69.8,88.0,157.8,94.4,172.1,266.5,85.4,134.9,220.3,90.4,70.6,161.0,22.2,34.9,57.1,53.2,76.8,130.0,20.8,80.4,101.2,31.2,45.2,76.4,82.6,153.1,235.8,42.6,120.1,162.6,87.2,75.3,162.5,9.6,39.2,48.9,68.3,72.7,141.0,50.6,103.8,154.5,33.7,33.4,67.1
2025-09-30,45.6,98.0,143.5,60.2,93.3,153.5,68.5,90.7,159.2,5.6,21.2,26.8,41.9,85.6,127.5,113.4,62.1,175.5,56.8,119.1,175.9,36.7,53.9,90.6,100.3,118.2,218.5,122.0,129.0,251.0,44.1,90.2,134.3,59.0,142.4,201.5,25.105,28.502,53.6,31.1,54.1,85.3,48.5,87.4,135.9,82.6,133.5,216.0,43.0,78.2,121.2,63.1,114.2,177.3,59.6,154.5,214.2,59.5,92.4,151.9,73.6,58.0,131.5,38.4,57.5,95.9,87.7,244.7,332.4,17.8,73.4,91.2,15.7,24.1,39.8,25.1,98.9,124.0,42.4,70.9,113.3,45.5,51.9,97.4,35.8,58.4,94.2,60.8,110.5,171.3,88.9,110.5,199.4,61.4,362.3,423.6,17.2,21.5,38.7,69.9,88.4,158.3,94.5,170.4,264.9,86.1,134.4,220.4,90.6,71.5,162.1,22.2,35.1,57.2,53.5,75.7,129.2,20.9,82.6,103.4,31.6,45.9,77.6,82.5,150.4,232.9,43.4,121.8,165.2,87.3,78.8,166.0,9.8,39.0,48.8,68.2,72.4,140.6,50.5,103.3,153.7,33.6,33.6,67.2
2025-12-31,45.6,99.2,144.7,59.7,93.1,152.8,67.7,89.7,157.4,5.7,22.9,28.6,41.5,83.7,125.2,114.0,62.1,176.1,56.8,117.8,174.6,37.6,55.5,93.0,100.4,118.5,218.9,122.9,129.0,251.9,43.8,86.8,130.5,58.0,142.8,200.8,25.461,28.907,54.4,31.3,53.7,85.0,48.2,86.7,134.9,82.6,137.8,220.5,42.9,76.6,119.5,62.5,113.6,176.2,59.4,155.2,214.6,59.0,92.2,151.3,73.5,57.8,131.3,38.0,59.3,97.4,87.8,240.7,328.5,18.3,72.6,90.9,15.5,25.1,40.6,25.3,98.1,123.3,42.5,72.5,115.0,47.7,54.5,102.2,35.9,58.4,94.3,60.8,112.6,173.4,88.1,109.9,198.0,61.3,401.1,462.4,17.4,21.3,38.7,69.8,88.6,158.4,94.4,169.4,263.9,87.3,135.8,223.1,91.0,70.6,161.6,22.1,34.7,56.8,53.9,74.2,128.1,21.1,83.7,104.8,31.7,46.1,77.8,82.2,146.6,228.8,44.0,127.2,171.2,87.5,68.8,156.3,10.1,39.1,49.1,68.1,72.2,140.2,50.4,103.0,153.3,33.7,33.0,66.7
2026-03-31,45.0,100.5,145.5,58.4,92.4,150.8,66.0,87.8,153.9,5.6,21.1,26.6,41.3,85.2,126.5,114.1,61.7,175.8,56.8,116.6,173.4,38.0,54.6,92.5,100.0,118.8,218.8,127.0,130.3,257.3,43.4,86.9,130.3,57.5,146.6,204.1,25.715,29.195,54.9,31.6,54.6,86.3,47.9,86.9,134.8,82.5,136.7,219.1,42.5,76.9,119.4,61.7,111.6,173.4,59.1,155.2,214.3,57.8,91.7,149.5,72.6,55.8,128.4,37.5,59.2,96.7,88.9,249.6,338.5,18.7,70.8,89.5,15.2,24.6,39.8,26.3,103.0,129.3,42.5,73.9,116.5,49.1,56.0,105.1,35.9,58.3,94.2,60.8,112.9,173.7,85.1,106.4,191.5,58.2,395.9,454.1,17.4,21.2,38.6,69.5,89.4,158.9,94.6,168.8,263.4,87.8,136.4,224.2,91.0,69.5,160.5,22.1,35.0,57.1,54.2,74.3,128.6,21.0,83.7,104.7,31.6,46.5,78.2,82.1,154.1,236.1,44.1,123.7,167.8,86.7,69.2,155.9,10.1,39.0,49.1,67.2,72.5,139.7,50.2,103.3,153.5,33.7,33.6,67.2
