date,AU_H,AU_N,AU_P,BE_H,BE_N,BE_P,BR_P,CA_H,CA_N,CA_P,CH_P,CN_P,CZ_P,DE_H,DE_N,DE_P,DK_H,DK_N,DK_P,ES_H,ES_N,ES_P,FI_H,FI_N,FI_P,FR_H,FR_N,FR_P,GB_H,GB_N,GB_P,HK_P,HU_P,ID_P,IN_P,IT_H,IT_N,IT_P,JP_H,JP_N,JP_P,KR_H,KR_N,KR_P,MX_P,MY_P,NL_H,NL_N,NL_P,NO_H,NO_N,NO_P,PL_P,PT_H,PT_N,PT_P,RU_P,SE_H,SE_N,SE_P,TH_P,TR_P,US_H,US_N,US_P,ZA_P
1999-03-31,-5.672499999999999,2.851249999999993,-3.9574999999999996,-0.8025000000000011,-9.369999999999997,-5.422499999999996,21.0075,-2.3612499999999983,6.438750000000006,-1.53125,-1.0037500000000037,-6.1975,5.949999999999999,2.9400000000000004,0.9199999999999982,1.2449999999999992,0.8099999999999987,-18.01875,-6.881250000000001,-1.521250000000001,-11.791249999999991,-5.403749999999999,-2.646250000000001,-8.1675,-4.059999999999999,-1.4187499999999993,-7.958750000000009,-3.5725000000000016,-1.125,-3.2950000000000017,-1.4737500000000008,-4.672500000000003,-0.5237499999999997,23.145000000000003,-3.8774999999999977,-1.63375,-7.310000000000006,-2.436250000000001,1.504999999999999,22.929999999999993,5.573749999999999,-2.532499999999999,29.821250000000006,4.829999999999998,4.75,11.393749999999999,-3.4049999999999994,10.086249999999993,-3.7250000000000014,-3.591249999999997,8.90625,-2.4275000000000055,1.1099999999999985,-1.0975000000000001,-2.4712499999999977,-2.873750000000001,2.1637500000000003,-2.4849999999999994,-12.373750000000005,-4.5625,18.519999999999996,,0.7175000000000011,3.0912500000000023,1.1099999999999977,3.5100000000000016
1999-06-30,-5.5725,2.051249999999996,-4.057500000000001,-0.9025000000000007,-8.07,-5.122499999999995,13.807499999999997,-2.4612499999999997,4.538750000000007,-1.9312499999999986,-0.8037500000000044,-6.397499999999999,5.050000000000001,3.04,1.3200000000000003,1.4449999999999985,0.21000000000000085,-17.11875,-6.881250000000001,-2.2212500000000004,-10.791249999999991,-5.903749999999999,-2.7462500000000007,-7.967500000000001,-4.059999999999999,-1.4187499999999993,-7.5587500000000105,-3.4725,-1.3249999999999993,-2.0950000000000024,-1.3737500000000011,-5.472500000000004,-0.6237499999999994,12.145000000000001,-4.377499999999998,-1.7337500000000001,-6.710000000000004,-2.3362500000000015,1.4049999999999976,21.729999999999997,5.17375,-2.6324999999999985,25.621250000000003,3.7300000000000004,4.35,9.593749999999998,-3.1050000000000004,10.186249999999987,-3.625,-4.4912499999999955,9.90625,-2.627500000000005,0.8099999999999996,-1.0975000000000001,-2.071249999999999,-2.7737500000000015,-1.23625,-2.4849999999999994,-14.673750000000005,-5.862499999999997,15.319999999999999,,0.8175000000000008,3.291250000000005,1.309999999999997,3.110000000000001
1999-09-30,-5.372499999999999,2.851249999999993,-3.857499999999998,-0.8025000000000011,-5.369999999999997,-3.922499999999996,8.107499999999998,-2.5612499999999994,2.5387500000000074,-2.3312500000000007,-0.8037500000000044,-6.1975,4.550000000000001,3.04,1.7199999999999989,1.545,-0.28999999999999915,-16.61875,-6.981249999999999,-2.2212500000000004,-9.291249999999991,-5.403749999999999,-2.646250000000001,-8.8675,-4.459999999999999,-1.3187499999999996,-7.458750000000009,-3.272500000000001,-1.3249999999999993,-1.2950000000000017,-1.2737500000000015,-5.872500000000002,-0.9237500000000001,11.545,-4.277499999999998,-1.8337500000000002,-6.810000000000006,-2.3362500000000015,1.504999999999999,20.83,5.073749999999999,-2.6324999999999985,21.92125,2.8299999999999983,3.45,8.393749999999999,-2.8049999999999997,10.786249999999995,-3.125,-4.9912499999999955,8.506250000000001,-3.127500000000005,0.8099999999999996,-1.0975000000000001,-1.9712499999999977,-2.873750000000001,-2.6362500000000004,-2.4849999999999994,-14.173750000000005,-5.662499999999998,12.319999999999999,,1.0175000000000018,4.091250000000002,1.6099999999999977,2.5100000000000016
1999-12-31,-5.172499999999999,3.851249999999993,-3.357499999999998,-0.9025000000000007,-4.169999999999995,-3.622499999999995,5.107499999999998,-2.4612499999999997,0.1387500000000088,-2.8312500000000007,-0.9037500000000023,-5.0975,3.4499999999999993,2.9400000000000004,2.8199999999999967,1.7449999999999992,0.6099999999999994,-13.618749999999999,-4.981249999999999,-1.521250000000001,-6.791249999999991,-4.10375,-2.5462500000000006,-8.3675,-4.059999999999999,-1.3187499999999996,-6.958750000000009,-2.9725,-1.0250000000000004,0.6049999999999969,-0.6737500000000018,-6.372500000000002,-1.0237499999999997,7.145000000000001,-3.8774999999999977,-1.53375,-5.310000000000006,-1.7362500000000018,1.504999999999999,21.129999999999995,5.17375,-2.432499999999999,17.721249999999998,2.030000000000001,2.95,6.49375,-2.4049999999999994,11.086249999999993,-2.825000000000003,-5.291249999999996,6.506250000000001,-3.4275000000000055,0.7099999999999991,-0.8975,-2.271250000000002,-2.7737500000000015,-3.536250000000001,-2.285,-13.773750000000003,-5.262499999999999,10.12,,1.1175000000000015,4.691250000000004,1.809999999999997,2.0100000000000016
2000-03-31,-4.872499999999999,4.951249999999995,-2.9574999999999996,-0.9025000000000007,-3.769999999999996,-3.3224999999999945,0.0074999999999967315,-2.2612499999999986,0.6387500000000088,-2.1312500000000014,-1.3037500000000044,-5.0975,2.4499999999999993,3.1399999999999997,3.8199999999999967,2.244999999999999,-0.08999999999999986,-14.318750000000001,-6.081250000000001,-2.021250000000001,-5.891249999999992,-4.50375,-2.5462500000000006,-7.3675,-3.66,-1.4187499999999993,-6.158750000000012,-2.772500000000001,-0.9249999999999989,1.6049999999999969,-0.4737500000000008,-6.772500000000004,-1.223749999999999,5.245000000000001,-3.8774999999999977,-1.4337499999999999,-6.310000000000006,-1.9362500000000011,1.504999999999999,19.029999999999994,4.67375,-1.8324999999999996,15.021250000000002,1.9299999999999997,2.45,4.793750000000001,-2.4049999999999994,11.286249999999995,-2.7250000000000014,-5.391249999999996,3.40625,-3.827500000000004,0.8099999999999996,-0.7974999999999994,-0.9712499999999977,-2.5737500000000004,-5.036250000000001,-2.285,-12.173750000000005,-4.462499999999999,8.819999999999999,,1.2175000000000011,5.491250000000001,2.1099999999999977,1.3100000000000005
2000-06-30,-4.272499999999999,4.051249999999996,-2.4574999999999996,-1.0025000000000004,-4.07,-3.222499999999995,-0.39250000000000185,-2.0612499999999994,0.1387500000000088,-1.9312499999999986,-1.203750000000003,-5.397499999999999,2.0500000000000007,3.1399999999999997,4.720000000000002,2.4449999999999985,0.21000000000000085,-14.118749999999999,-6.081250000000001,-2.021250000000001,-3.8912499999999923,-4.203749999999999,-2.3462500000000004,-6.267499999999998,-3.26,-1.4187499999999993,-4.958750000000009,-2.4725,-0.7249999999999996,3.7049999999999983,0.02624999999999922,-7.172500000000003,-1.223749999999999,4.545,-3.777499999999998,-1.2337500000000001,-5.810000000000006,-1.6362500000000022,1.504999999999999,16.729999999999997,4.273749999999998,-1.5324999999999989,13.121250000000003,1.7300000000000004,2.1500000000000004,3.893749999999999,-2.205,11.786249999999995,-2.325000000000003,-5.091249999999997,0.6062500000000028,-4.027500000000003,1.6099999999999985,-0.39749999999999996,-1.4712499999999977,-2.2737500000000015,-6.63625,-2.285,-15.473750000000003,-5.5625,6.92,,1.2175000000000011,6.291250000000005,2.309999999999997,0.8100000000000005
2000-09-30,-4.272499999999999,3.6512499999999974,-2.4574999999999996,-1.102500000000001,-3.269999999999996,-2.922499999999996,-1.5925000000000011,-1.9612499999999997,0.03875000000000739,-1.7312499999999993,-1.3037500000000044,-5.297499999999999,2.0500000000000007,3.1399999999999997,4.919999999999998,2.545,0.41000000000000014,-13.21875,-5.581250000000001,-1.7212500000000004,-1.4912499999999937,-3.4037499999999987,-2.146250000000001,-4.567500000000003,-2.5599999999999987,-1.4187499999999993,-3.0587500000000105,-1.9725000000000001,-0.7249999999999996,4.5049999999999955,0.32624999999999815,-6.572500000000002,-1.3237500000000004,3.4450000000000003,-3.6774999999999984,-1.13375,-5.710000000000004,-1.4362500000000011,1.504999999999999,15.529999999999994,4.17375,-1.1324999999999985,11.92125,1.7300000000000004,1.6500000000000004,2.9937500000000004,-2.004999999999999,11.486249999999998,-2.125,-4.091249999999997,-0.4937499999999986,-3.4275000000000055,1.4099999999999993,0.10250000000000004,0.228749999999998,-1.6737500000000018,-7.536250000000001,-2.385,-14.073750000000004,-4.762499999999999,4.720000000000001,,1.2175000000000011,6.691250000000004,2.4099999999999984,0.8100000000000005
2000-12-31,-4.172499999999999,4.251249999999999,-2.2575000000000003,-1.102500000000001,-2.969999999999999,-2.7224999999999966,-1.6925000000000026,-1.9612499999999997,-1.1612499999999955,-2.2312499999999993,-1.1037500000000051,-5.0975,1.5500000000000007,3.1399999999999997,6.419999999999998,2.9449999999999985,0.8099999999999987,-10.518749999999997,-3.5812500000000007,-1.6212500000000007,-1.4912499999999937,-3.303749999999999,-1.946250000000001,-3.8674999999999997,-2.0599999999999987,-1.4187499999999993,-3.7587500000000134,-1.9725000000000001,-0.625,3.8049999999999997,0.2262499999999985,-7.072500000000002,-1.223749999999999,2.9450000000000003,-3.3774999999999977,-1.03375,-5.210000000000004,-1.2362500000000018,1.504999999999999,14.329999999999998,4.073749999999999,-0.9324999999999992,10.621250000000003,1.5300000000000011,1.4500000000000002,2.393749999999999,-1.8049999999999997,12.686249999999987,-1.625,-3.591249999999997,-2.9937499999999986,-3.7275000000000063,1.6099999999999985,0.7025000000000006,1.4287500000000009,-0.9737500000000008,-7.73625,-2.285,-11.673750000000005,-3.662499999999998,3.8199999999999985,,1.2175000000000011,7.091250000000002,2.4099999999999984,0.5100000000000016
2001-03-31,-4.4725,4.051249999999996,-2.557500000000001,-1.2025000000000006,-3.3699999999999974,-2.922499999999996,-1.8925000000000018,-2.0612499999999994,-0.8612499999999912,-2.2312499999999993,-0.4037500000000023,-6.0975,1.5500000000000007,3.1399999999999997,4.720000000000002,2.844999999999999,1.6099999999999994,-13.21875,-4.78125,-1.6212500000000007,-0.49124999999999375,-3.00375,-1.7462500000000007,-4.767499999999998,-1.6600000000000001,-1.4187499999999993,-2.858750000000015,-1.6724999999999994,-0.7249999999999996,5.104999999999997,0.4262499999999996,-7.272500000000004,-1.223749999999999,2.6450000000000005,-3.277499999999998,-1.03375,-5.310000000000006,-1.2362500000000018,1.504999999999999,13.329999999999998,3.9737499999999972,-0.7324999999999982,9.82125,1.4299999999999997,1.25,1.9937500000000004,-1.8049999999999997,9.786249999999995,-1.5250000000000021,-3.391249999999996,-3.4937499999999986,-3.627500000000005,1.71,1.2025000000000006,3.228749999999998,-0.17375000000000185,-8.03625,-2.285,-11.773750000000007,-3.7624999999999993,3.2200000000000006,,1.2175000000000011,7.091250000000002,2.309999999999997,0.3100000000000005
2001-06-30,-4.9725,3.6512499999999974,-3.2575000000000003,-1.302500000000001,-1.3699999999999974,-2.422499999999996,-0.792500000000004,-2.2612499999999986,-1.561249999999994,-2.2312499999999993,-0.703750000000003,-5.897499999999999,1.5500000000000007,3.04,3.419999999999998,2.6449999999999996,0.9100000000000001,-11.518749999999997,-4.28125,-1.521250000000001,-0.1912499999999966,-2.803749999999999,-1.8462500000000004,-5.967500000000001,-1.959999999999999,-1.4187499999999993,-2.858750000000015,-1.5725000000000016,-0.8249999999999993,4.204999999999998,0.12624999999999886,-7.872500000000002,-1.6237499999999994,2.4450000000000003,-3.4774999999999974,-1.03375,-5.6100000000000065,-1.2362500000000018,1.504999999999999,12.429999999999993,3.773749999999998,-0.5324999999999989,8.32125,1.0300000000000011,0.75,2.0937499999999982,-1.9049999999999994,8.186249999999987,-1.9250000000000007,-3.2912499999999962,-3.293750000000003,-3.327500000000004,1.71,1.602500000000001,4.728749999999998,0.4262499999999996,-8.03625,-2.285,-9.973750000000003,-3.162499999999998,1.8199999999999985,,1.2175000000000011,7.191250000000004,2.2099999999999955,0.11000000000000121
2001-09-30,-4.772499999999999,3.051249999999996,-3.157499999999999,-1.4025000000000007,-1.5700000000000003,-2.422499999999996,3.407499999999999,-2.4612499999999997,-1.6612499999999955,-2.53125,-1.0037500000000037,-5.897499999999999,0.34999999999999964,3.04,2.3199999999999967,2.545,0.6099999999999994,-11.118749999999999,-4.381250000000001,-1.2212500000000004,1.708750000000009,-2.2037499999999994,-1.946250000000001,-6.567500000000003,-2.16,-1.4187499999999993,-2.658750000000012,-1.5725000000000016,-0.8249999999999993,4.305,0.2262499999999985,-8.372500000000002,-1.5237499999999997,1.6450000000000005,-3.6774999999999984,-1.13375,-5.1100000000000065,-1.2362500000000018,1.6049999999999986,12.229999999999997,3.773749999999998,-0.4324999999999992,7.321249999999999,0.7300000000000004,0.4500000000000002,2.393749999999999,-2.1050000000000004,8.186249999999987,-2.325000000000003,-3.091249999999997,-3.59375,-3.327500000000004,2.009999999999999,1.7025000000000006,4.728749999999998,0.6262499999999989,-7.73625,-2.285,-8.873750000000001,-3.0625,1.5199999999999996,,1.1175000000000015,7.091250000000002,2.0099999999999962,0.21000000000000085
2001-12-31,-5.0725,0.9512499999999946,-3.857499999999998,-1.5025000000000004,-0.9699999999999989,-2.5224999999999937,3.5074999999999967,-2.661249999999999,-1.8612499999999912,-2.6312500000000014,-1.3037500000000044,-5.897499999999999,0.15000000000000036,2.9400000000000004,1.4199999999999982,2.344999999999999,0.10999999999999943,-7.71875,-2.8812500000000014,-1.2212500000000004,2.5087500000000063,-2.10375,-2.146250000000001,-8.3675,-3.16,-1.4187499999999993,-2.658750000000012,-1.6724999999999994,-0.8249999999999993,3.905000000000001,0.12624999999999886,-9.272500000000004,-1.723749999999999,1.4450000000000003,-3.6774999999999984,-1.2337500000000001,-4.410000000000004,-1.1362500000000022,1.7049999999999983,12.429999999999993,3.9737499999999972,-0.3324999999999996,5.421250000000001,0.129999999999999,0.15000000000000036,2.5937499999999982,-1.9049999999999994,7.486249999999998,-2.325000000000003,-2.9912499999999955,-2.393749999999997,-3.0275000000000034,1.509999999999999,1.602500000000001,6.128749999999997,0.6262499999999989,-7.63625,-2.385,-6.373750000000001,-2.162499999999998,0.8199999999999985,,1.1175000000000015,6.791250000000005,1.809999999999997,0.4100000000000019
2002-03-31,-4.872499999999999,-0.0487500000000054,-4.057500000000001,-1.5025000000000004,-0.8699999999999974,-2.3224999999999945,2.8074999999999974,-2.8612499999999983,0.23875000000000313,-2.2312499999999993,-1.203750000000003,-5.297499999999999,-0.04999999999999982,2.8400000000000007,2.0199999999999996,2.244999999999999,0.10999999999999943,-9.318750000000001,-4.381250000000001,-1.321250000000001,2.708750000000009,-2.2037499999999994,-2.3462500000000004,-5.8675,-2.66,-1.4187499999999993,-2.2587500000000134,-1.7725000000000009,-0.9249999999999989,4.0049999999999955,0.2262499999999985,-9.672500000000003,-2.3237500000000004,1.0450000000000008,-3.577499999999997,-1.2337500000000001,-4.510000000000005,-1.2362500000000018,1.7049999999999983,11.929999999999993,3.773749999999998,-0.3324999999999996,4.321249999999999,-0.1700000000000017,-0.15000000000000036,2.5937499999999982,-2.1050000000000004,7.2862499999999955,-2.7250000000000014,-3.4912499999999955,-0.8937499999999972,-2.9275000000000055,1.3099999999999996,1.4024999999999999,6.528750000000002,0.5262499999999974,-7.73625,-2.385,-6.573750000000004,-2.2624999999999993,1.2199999999999989,-0.4012499999999992,1.0175000000000018,6.291250000000005,1.6099999999999977,-0.08999999999999808
2002-06-30,-4.172499999999999,-0.24875000000000114,-3.357499999999998,-1.5025000000000004,0.5300000000000011,-2.0224999999999937,2.3074999999999974,-2.8612499999999983,0.03875000000000739,-2.53125,-1.5037500000000037,-5.0975,-0.34999999999999964,2.740000000000001,2.3199999999999967,2.344999999999999,0.10999999999999943,-11.118749999999999,-4.78125,-1.2212500000000004,2.208750000000009,-2.2037499999999994,-2.146250000000001,-6.667500000000004,-2.66,-1.4187499999999993,-3.658750000000012,-2.0725000000000016,-0.8249999999999993,3.8049999999999997,0.12624999999999886,-10.272500000000004,-2.223749999999999,0.745000000000001,-3.1774999999999984,-1.13375,-3.7100000000000044,-1.0362500000000026,1.6049999999999986,11.029999999999994,3.5737499999999986,-0.23249999999999815,3.021250000000002,-0.370000000000001,-0.25,2.4937500000000004,-2.004999999999999,7.586249999999993,-2.9250000000000007,-3.2912499999999962,0.20624999999999716,-2.827500000000004,1.3099999999999996,1.2025000000000006,7.328749999999999,0.32624999999999815,-7.23625,-2.285,-7.673750000000005,-3.4624999999999986,0.6199999999999992,-3.401249999999999,0.9175000000000004,5.691250000000004,1.4099999999999984,-0.08999999999999808
2002-09-30,-3.5725,0.25124999999999886,-2.857499999999998,-1.4025000000000007,-0.07000000000000028,-2.422499999999996,6.407499999999999,-2.7612499999999986,-0.16124999999999545,-2.4312499999999986,-1.8037500000000044,-4.897499999999999,-0.4500000000000002,2.740000000000001,2.419999999999998,2.344999999999999,0.3099999999999987,-11.118749999999999,-4.681249999999999,-1.1212500000000007,2.5087500000000063,-2.10375,-2.0462500000000006,-7.3675,-2.959999999999999,-1.4187499999999993,-4.0587500000000105,-2.1724999999999994,-0.625,4.604999999999997,0.6262499999999989,-10.672500000000003,-2.3237500000000004,0.745000000000001,-3.4774999999999974,-1.13375,-4.6100000000000065,-1.2362500000000018,1.6049999999999986,9.529999999999994,3.273749999999998,-0.3324999999999996,2.021250000000002,-0.5700000000000003,-0.4500000000000002,2.0937499999999982,-1.705,6.7862499999999955,-2.625,-2.4912499999999955,1.8062499999999986,-2.0275000000000034,1.3099999999999996,1.102500000000001,8.128749999999997,0.4262499999999996,-7.63625,-2.285,-5.073750000000004,-1.8624999999999972,0.5199999999999996,-4.30125,0.9175000000000004,5.091250000000002,1.309999999999997,-0.08999999999999808
2002-12-31,-3.3724999999999987,-0.448750000000004,-2.7575000000000003,-1.4025000000000007,-1.5700000000000003,-2.922499999999996,8.207499999999996,-2.5612499999999994,-0.8612499999999912,-2.4312499999999986,-1.9037500000000023,-4.797499999999999,-0.34999999999999964,2.8400000000000007,2.919999999999998,2.545,0.21000000000000085,-9.918750000000003,-3.78125,-1.321250000000001,2.3087500000000034,-2.00375,-2.0462500000000006,-8.267500000000002,-3.3599999999999994,-1.5187499999999998,-4.158750000000012,-2.272500000000001,-0.42499999999999893,4.0049999999999955,0.6262499999999989,-11.072500000000003,-2.6237499999999994,0.745000000000001,-3.577499999999997,-1.2337500000000001,-4.310000000000006,-1.1362500000000022,1.6049999999999986,9.229999999999997,3.273749999999998,-0.5324999999999989,1.3212499999999991,-0.870000000000001,-0.5499999999999998,1.793750000000001,-1.504999999999999,6.2862499999999955,-2.7250000000000014,-2.1912499999999966,2.40625,-1.8275000000000041,0.9099999999999993,1.102500000000001,8.628749999999997,0.6262499999999989,-7.536250000000001,-2.285,-7.473750000000003,-3.2624999999999993,0.11999999999999922,-5.1012499999999985,0.9175000000000004,4.191250000000004,1.1099999999999977,-0.28999999999999915
2003-03-31,-3.0725,-1.3487500000000026,-2.657499999999999,-1.4025000000000007,-2.8699999999999974,-3.0224999999999937,9.807499999999997,-2.7612499999999986,-3.6612499999999955,-3.3312500000000007,-1.9037500000000023,-4.497499999999999,-0.75,2.740000000000001,3.0199999999999996,2.4449999999999985,-0.08999999999999986,-11.018749999999997,-4.78125,-1.2212500000000004,2.0087500000000063,-2.10375,-2.0462500000000006,-9.3675,-3.5599999999999987,-1.5187499999999998,-4.358750000000015,-2.3725000000000023,-0.42499999999999893,2.405000000000001,0.32624999999999815,-11.472500000000004,-2.8237500000000004,0.5450000000000008,-3.577499999999997,-1.2337500000000001,-4.6100000000000065,-1.2362500000000018,1.6049999999999986,8.329999999999998,3.0737499999999986,-0.8324999999999996,1.521250000000002,-1.0700000000000003,-0.6499999999999999,1.393749999999999,-1.8049999999999997,5.986249999999991,-2.9250000000000007,-2.7912499999999962,2.706249999999997,-2.0275000000000034,0.6099999999999994,1.0024999999999995,8.32875,0.6262499999999989,-7.43625,-2.1850000000000005,-6.873750000000001,-2.862499999999997,-0.1800000000000015,-4.901249999999999,0.9175000000000004,3.491250000000001,1.0099999999999962,0.4100000000000019
2003-06-30,-2.8724999999999987,-2.5487500000000054,-2.657499999999999,-1.4025000000000007,-2.0700000000000003,-2.8224999999999945,7.907499999999999,-2.661249999999999,-4.261249999999997,-3.2312499999999993,-1.9037500000000023,-3.897499999999999,-1.1500000000000004,2.740000000000001,4.220000000000002,2.4449999999999985,-0.08999999999999986,-10.518749999999997,-4.78125,-0.8212500000000009,1.8087500000000034,-1.803749999999999,-2.146250000000001,-7.167500000000004,-3.26,-1.5187499999999998,-5.758750000000013,-2.4725,-0.3249999999999993,1.9050000000000011,0.32624999999999815,-11.172500000000003,-2.42375,0.245000000000001,-3.8774999999999977,-1.13375,-4.810000000000006,-1.2362500000000018,1.504999999999999,7.429999999999993,2.773749999999998,-1.1324999999999985,1.521250000000002,-1.370000000000001,-0.8500000000000001,1.293750000000001,-1.6050000000000004,5.38624999999999,-2.825000000000003,-3.1912499999999966,2.90625,-2.327500000000004,0.10999999999999943,0.9024999999999999,4.428750000000001,0.22625000000000028,-7.43625,-2.285,-6.873750000000001,-2.662499999999998,-0.3800000000000008,-6.001249999999999,1.0175000000000018,2.8912499999999994,1.0099999999999962,0.4100000000000019
2003-09-30,-2.3724999999999987,-3.448750000000004,-2.4574999999999996,-1.4025000000000007,-1.9699999999999989,-2.7224999999999966,4.407499999999999,-2.3612499999999983,-5.261249999999997,-3.3312500000000007,-1.9037500000000023,-3.6975,-1.4500000000000002,2.6399999999999997,4.220000000000002,2.4449999999999985,-0.08999999999999986,-10.71875,-4.881250000000001,-0.8212500000000009,1.708750000000009,-1.803749999999999,-2.146250000000001,-7.267499999999998,-3.26,-1.5187499999999998,-6.458750000000009,-2.6724999999999994,-0.125,1.6049999999999969,0.4262499999999996,-11.372500000000002,-2.42375,0.04500000000000082,-4.277499999999998,-1.13375,-5.010000000000005,-1.3362500000000015,1.504999999999999,6.529999999999994,2.5737499999999986,-1.5324999999999989,1.2212499999999977,-1.6700000000000017,-0.9500000000000002,1.1937499999999996,-1.4049999999999994,5.486249999999991,-2.7250000000000014,-4.4912499999999955,1.0062500000000014,-3.9275000000000055,-0.2900000000000009,0.7025000000000006,0.5287500000000023,-0.37375000000000114,-7.336250000000001,-2.285,-9.873750000000001,-4.162499999999998,-0.8800000000000008,-7.201249999999999,1.0175000000000018,2.291250000000005,0.809999999999997,0.4100000000000019
2003-12-31,-2.1724999999999994,-3.148750000000007,-2.157499999999999,-1.4025000000000007,-1.5700000000000003,-2.422499999999996,1.4074999999999989,-2.3612499999999983,-6.561249999999994,-3.6312500000000014,-1.9037500000000023,-3.897499999999999,-1.6500000000000004,2.54,4.120000000000001,2.344999999999999,0.10999999999999943,-9.418750000000003,-3.8812500000000014,-0.7212500000000004,3.8087500000000034,-1.4037499999999987,-2.0462500000000006,-7.267499999999998,-3.26,-1.5187499999999998,-7.5587500000000105,-2.8725000000000005,-0.025000000000000355,1.0049999999999955,0.4262499999999996,-11.572500000000003,-1.5237499999999997,0.04500000000000082,-4.377499999999998,-1.03375,-4.310000000000006,-1.0362500000000026,1.504999999999999,6.329999999999998,2.4737499999999972,-1.8324999999999996,0.42125000000000057,-2.0700000000000003,-1.0499999999999998,0.7937500000000011,-1.2049999999999983,7.986249999999998,-1.625,-4.591249999999997,-0.39374999999999716,-4.527500000000003,-0.6900000000000004,0.6025000000000009,0.028750000000002274,-0.47375000000000256,-7.23625,-2.1850000000000005,-10.373750000000001,-4.162499999999998,-1.4800000000000004,-8.201249999999998,1.0175000000000018,1.7912500000000051,0.7099999999999973,0.21000000000000085
2004-03-31,-1.4725000000000001,-3.248750000000001,-1.557500000000001,-1.4025000000000007,-1.0700000000000003,-2.2224999999999966,-0.792500000000004,-2.2612499999999986,-5.1612499999999955,-3.1312500000000014,-1.703750000000003,-3.5975,-1.5499999999999998,2.4400000000000004,2.419999999999998,1.9449999999999985,0.10999999999999943,-12.018749999999997,-5.081250000000001,-0.8212500000000009,4.708750000000009,-1.303749999999999,-2.0462500000000006,-6.3675,-3.26,-1.5187499999999998,-7.758750000000013,-2.9725,0.27500000000000036,1.5049999999999955,0.7262500000000003,-11.672500000000003,-1.223749999999999,-0.25499999999999945,-4.177499999999998,-0.9337499999999999,-4.710000000000004,-1.0362500000000026,1.4049999999999976,4.829999999999998,2.0737499999999986,-2.3324999999999996,-0.2787500000000023,-2.469999999999999,-1.15,0.8937499999999989,-1.004999999999999,4.38624999999999,-2.025000000000002,-4.791249999999996,-0.09375,-4.627500000000005,-0.7900000000000009,0.7025000000000006,0.42875000000000085,-0.2737499999999997,-7.036250000000001,-2.084999999999999,-10.073750000000004,-3.9624999999999986,-1.4800000000000004,-8.701249999999998,1.0175000000000018,1.4912500000000009,0.7099999999999973,-0.3899999999999988
2004-06-30,-1.4725000000000001,-2.5487500000000054,-1.557500000000001,-1.4025000000000007,-1.4699999999999989,-2.122499999999995,-1.1925000000000026,-2.161249999999999,-6.261249999999997,-3.2312499999999993,-2.3037500000000044,-3.9974999999999987,-1.75,2.4400000000000004,1.0199999999999996,1.6449999999999996,0.010000000000001563,-13.318750000000001,-5.28125,-0.42125000000000057,6.208750000000009,-0.7037499999999994,-1.946250000000001,-7.967500000000001,-3.3599999999999994,-1.4187499999999993,-9.258750000000013,-3.172500000000001,0.5750000000000011,1.1049999999999969,0.8262499999999982,-12.172500000000003,-0.5237499999999997,0.04500000000000082,-4.377499999999998,-0.8337500000000002,-4.1100000000000065,-0.8362500000000015,1.304999999999998,3.729999999999997,1.67375,-2.532499999999999,-1.7787500000000023,-2.870000000000001,-1.25,0.8937499999999989,-1.1050000000000004,1.186249999999994,-2.7250000000000014,-4.691249999999997,-0.09375,-4.4275000000000055,-1.0900000000000007,0.8025000000000002,0.9287500000000009,-0.17375000000000185,-6.93625,-2.084999999999999,-8.173750000000005,-4.0625,-1.4800000000000004,-8.40125,1.1175000000000015,1.0912500000000023,0.7099999999999973,-0.7899999999999991
2004-09-30,-1.1724999999999994,-1.3487500000000026,-1.1574999999999989,-1.4025000000000007,-0.9699999999999989,-1.9224999999999959,-1.6925000000000026,-2.161249999999999,-6.761249999999997,-3.3312500000000007,-2.403750000000004,-4.1975,-1.75,2.3400000000000007,0.019999999999999574,1.4449999999999985,0.010000000000001563,-11.418750000000003,-4.481249999999999,-0.3212500000000009,6.608750000000008,-0.603749999999998,-1.7462500000000007,-8.3675,-3.3599999999999994,-1.4187499999999993,-8.958750000000009,-3.172500000000001,0.9749999999999996,2.0049999999999955,1.2262500000000003,-12.272500000000003,-0.223749999999999,-0.15499999999999936,-4.477499999999997,-0.7337500000000001,-4.310000000000006,-0.7362500000000018,1.304999999999998,2.729999999999997,1.3737499999999994,-2.432499999999999,-2.8787499999999966,-3.0700000000000003,-1.25,0.49375000000000036,-0.8049999999999997,-0.7137500000000045,-2.7250000000000014,-4.591249999999997,-0.39374999999999716,-4.327500000000004,-1.290000000000001,0.9024999999999999,1.3287499999999994,-0.07375000000000043,-7.13625,-1.9849999999999994,-7.873750000000001,-3.862499999999997,-1.08,-8.30125,1.2175000000000011,0.7912500000000051,0.809999999999997,-0.7899999999999991
2004-12-31,-1.0724999999999998,0.3512499999999932,-0.8574999999999982,-1.302500000000001,-0.5700000000000003,-1.8224999999999945,-2.392500000000002,-2.161249999999999,-7.6612499999999955,-3.53125,-2.5037500000000037,-4.1975,-1.9500000000000002,2.3400000000000007,-0.9800000000000004,1.1449999999999996,-0.08999999999999986,-7.118749999999999,-2.4812499999999993,-0.2212500000000004,7.708750000000009,-0.003750000000000142,-1.646250000000001,-9.567500000000003,-3.66,-1.4187499999999993,-8.758750000000013,-3.0725000000000016,1.2750000000000004,2.405000000000001,1.5262499999999974,-12.172500000000003,0.276250000000001,-0.15499999999999936,-3.9774999999999974,-0.7337500000000001,-3.310000000000006,-0.43625000000000114,1.2049999999999983,2.6299999999999955,1.3737499999999994,-2.032499999999999,-4.478749999999998,-3.2699999999999996,-1.25,0.09375,-0.7049999999999983,-2.013750000000009,-2.7250000000000014,-4.591249999999997,-1.6937500000000014,-4.627500000000005,-1.6900000000000004,0.9024999999999999,1.728749999999998,0.026249999999997442,-7.23625,-1.8849999999999998,-8.773750000000007,-3.9624999999999986,-1.3800000000000008,-8.90125,1.4175000000000004,0.6912500000000037,0.9099999999999984,-0.6899999999999995
2005-03-31,-0.9725000000000001,0.7512499999999989,-0.7575000000000003,-1.302500000000001,-0.8699999999999974,-1.8224999999999945,-1.6925000000000026,-1.9612499999999997,-9.061249999999994,-3.53125,-2.6037500000000033,-4.297499999999999,-1.9500000000000002,2.240000000000001,-0.7800000000000011,1.045,-0.08999999999999986,-8.018749999999997,-3.6812499999999986,0.07874999999999943,8.408750000000005,0.396250000000002,-1.5462500000000006,-10.1675,-3.76,-1.3187499999999996,-8.258750000000013,-2.9725,1.4749999999999996,2.2049999999999983,1.6262499999999989,-11.872500000000002,0.776250000000001,-0.35499999999999954,-3.6774999999999984,-0.7337500000000001,-2.9100000000000037,-0.43625000000000114,1.004999999999999,3.729999999999997,1.3737499999999994,-1.4324999999999992,-4.678750000000001,-2.9700000000000006,-1.15,-0.30625000000000036,-0.504999999999999,-2.813750000000006,-2.7250000000000014,-4.691249999999997,-2.793750000000003,-4.827500000000004,-1.8900000000000006,0.9024999999999999,1.1287499999999966,-0.07375000000000043,-7.63625,-1.7850000000000001,-7.773750000000007,-3.2624999999999993,-1.2800000000000011,-9.30125,1.5175000000000018,0.5912500000000023,1.1099999999999977,-0.7899999999999991
2005-06-30,-0.6724999999999994,2.351249999999993,-0.35749999999999815,-1.2025000000000006,-0.8699999999999974,-1.9224999999999959,-1.3925000000000018,-1.7612499999999986,-8.261249999999997,-3.03125,-2.6037500000000033,-4.5975,-1.9500000000000002,2.1399999999999997,-0.7800000000000011,1.1449999999999996,0.21000000000000085,-5.918750000000003,-2.8812500000000014,0.4787499999999989,9.708750000000009,0.9962499999999999,-1.446250000000001,-8.767500000000002,-3.3599999999999994,-1.21875,-9.458750000000009,-2.9725,1.575000000000001,2.905000000000001,1.9262499999999996,-11.072500000000003,0.8762500000000006,-0.35499999999999954,-3.577499999999997,-0.63375,-3.7100000000000044,-0.3362500000000015,0.9049999999999976,3.229999999999997,1.1737499999999983,-0.8324999999999996,-4.678750000000001,-2.67,-1.15,-0.7062500000000007,-0.10500000000000043,-1.7137500000000045,-1.9250000000000007,-4.791249999999996,-3.9937499999999986,-5.127500000000005,-1.8900000000000006,0.9024999999999999,2.728749999999998,0.12624999999999886,-7.63625,-1.7850000000000001,-12.173750000000005,-4.5625,-1.08,-9.701249999999998,1.7175000000000011,0.39124999999999943,1.4099999999999984,-0.6899999999999995
2005-09-30,-0.47250000000000014,2.9512499999999946,0.042500000000000426,-1.102500000000001,-1.3699999999999974,-2.0224999999999937,-1.292500000000004,-1.5612499999999994,-10.561249999999994,-3.53125,-2.8037500000000044,-4.6975,-1.9500000000000002,2.04,-0.5800000000000018,1.1449999999999996,0.5100000000000016,-4.71875,-2.0812500000000007,0.4787499999999989,11.408750000000005,1.2962500000000006,-1.3462500000000004,-9.567500000000003,-3.5599999999999987,-1.1187499999999995,-9.458750000000009,-2.8725000000000005,1.6750000000000007,3.2049999999999983,2.2262500000000003,-10.872500000000002,0.5762499999999999,0.04500000000000082,-2.9774999999999974,-0.5337500000000004,-4.010000000000005,-0.3362500000000015,0.9049999999999976,3.6299999999999955,1.273749999999998,-0.4324999999999992,-4.678750000000001,-2.469999999999999,-1.15,-0.6062500000000011,-0.2049999999999983,-4.61375000000001,-2.4250000000000007,-4.691249999999997,-5.393749999999997,-5.4275000000000055,-1.990000000000001,1.0024999999999995,2.928750000000001,0.12624999999999886,-7.23625,-1.7850000000000001,-12.273750000000003,-4.5625,-0.9800000000000004,-9.90125,2.017500000000002,0.2912500000000051,1.6099999999999977,-0.6899999999999995
2005-12-31,-0.2724999999999991,3.351249999999993,0.34250000000000114,-1.102500000000001,-2.269999999999996,-2.2224999999999966,-1.4925000000000033,-1.5612499999999994,-12.461249999999993,-4.03125,-2.6037500000000033,-4.897499999999999,-2.05,2.04,-0.879999999999999,1.045,0.7100000000000009,-4.318750000000001,-1.8812500000000014,0.7787499999999996,13.008750000000006,1.7962500000000006,-1.0462500000000006,-9.3675,-3.26,-1.0187499999999998,-9.05875000000001,-2.772500000000001,1.7750000000000004,3.405000000000001,2.4262499999999996,-10.272500000000004,0.37625000000000064,-0.15499999999999936,-2.777499999999998,-0.3337500000000002,-3.6100000000000065,-0.23625000000000185,1.004999999999999,3.729999999999997,1.273749999999998,-0.23249999999999815,-4.478749999999998,-2.370000000000001,-1.0499999999999998,-0.6062500000000011,0.09499999999999886,-7.913750000000007,-2.9250000000000007,-4.391249999999996,-6.09375,-5.327500000000004,-1.990000000000001,1.102500000000001,1.9287500000000009,0.22625000000000028,-6.336250000000001,-1.6850000000000005,-11.873750000000001,-4.362499999999997,-0.6800000000000015,-9.10125,2.1175000000000015,0.1912500000000037,1.9099999999999984,-0.5899999999999981
2006-03-31,-0.17249999999999943,3.551249999999996,0.5425000000000004,-1.0025000000000004,-3.5700000000000003,-2.422499999999996,-1.792500000000004,-1.2612499999999986,-11.761249999999997,-3.6312500000000014,-3.1037500000000033,-4.497499999999999,-1.8499999999999996,1.9400000000000004,-1.0800000000000018,1.045,1.0100000000000016,-3.8187500000000014,-1.3812500000000014,1.0787499999999985,14.508750000000006,2.2962500000000006,-1.0462500000000006,-9.467500000000001,-3.3599999999999994,-1.0187499999999998,-8.858750000000015,-2.5725000000000016,1.7750000000000004,3.8049999999999997,2.4262499999999996,-9.972500000000004,0.07624999999999993,-0.35499999999999954,-1.6774999999999984,-0.23374999999999968,-4.1100000000000065,-0.3362500000000015,0.9049999999999976,3.6299999999999955,1.1737499999999983,-0.23249999999999815,-3.978749999999998,-2.370000000000001,-1.15,-1.0062499999999996,-0.10500000000000043,-8.713750000000005,-3.2250000000000014,-4.091249999999997,-6.993749999999999,-5.227500000000006,-2.0900000000000007,1.3025000000000002,1.5287500000000023,0.4262499999999996,-6.63625,-1.6850000000000005,-13.573750000000004,-4.962499999999999,-0.5800000000000001,-8.80125,2.317500000000001,0.09125000000000227,2.0099999999999962,-0.28999999999999915
2006-06-30,0.22750000000000092,4.351249999999993,1.0425000000000004,-1.0025000000000004,-2.0700000000000003,-2.3224999999999945,-2.392500000000002,-1.0612499999999994,-13.361249999999991,-4.03125,-3.203750000000003,-4.1975,-1.75,1.8400000000000007,-1.0800000000000018,1.045,1.1099999999999994,-7.618749999999999,-1.9812499999999993,1.5787499999999985,14.908750000000005,3.196249999999999,-0.7462500000000007,-8.8675,-2.5599999999999987,-0.9187499999999993,-9.658750000000012,-2.5725000000000016,1.875,4.805,2.7262500000000003,-9.272500000000004,0.5762499999999999,-0.35499999999999954,-1.777499999999998,-0.03375000000000039,-3.2100000000000044,-0.1362500000000022,0.8049999999999979,3.4299999999999926,0.973749999999999,-0.1324999999999985,-3.178750000000001,-2.0700000000000003,-1.0499999999999998,-0.90625,0.09499999999999886,-8.513750000000009,-3.325000000000003,-3.4912499999999955,-7.59375,-4.827500000000004,-1.8900000000000006,1.4024999999999999,1.6287499999999966,0.5262499999999974,-6.336250000000001,-1.584999999999999,-11.373750000000001,-4.162499999999998,-0.28000000000000114,-8.30125,2.4175000000000004,0.5912500000000023,2.2099999999999955,-0.1899999999999995
2006-09-30,0.6275000000000013,5.451249999999995,1.6425000000000018,-1.0025000000000004,-3.0700000000000003,-2.3224999999999945,-3.1925000000000026,-0.8612499999999983,-11.661249999999995,-3.3312500000000007,-3.1037500000000033,-4.0975,-1.75,1.8400000000000007,-0.9800000000000004,1.1449999999999996,1.8099999999999987,-8.71875,-1.9812499999999993,1.8787499999999993,16.808750000000003,3.99625,-0.5462500000000006,-8.067500000000003,-2.16,-0.8187499999999996,-9.55875000000001,-2.4725,2.1750000000000007,6.204999999999998,3.326249999999998,-9.072500000000002,0.4762500000000003,-0.4549999999999992,-1.1774999999999984,0.06625000000000014,-2.7100000000000044,-0.03625000000000256,0.8049999999999979,3.8299999999999983,1.0737499999999986,-0.03249999999999886,-2.3787499999999966,-1.6700000000000017,-1.15,-1.0062499999999996,0.495000000000001,-5.913750000000007,-2.4250000000000007,-2.7912499999999962,-7.59375,-4.327500000000004,-1.6900000000000004,1.8025000000000002,1.6287499999999966,0.8262499999999982,-6.536250000000001,-1.3849999999999998,-11.473750000000003,-3.9624999999999986,-0.08000000000000007,-6.70125,2.517500000000002,0.7912500000000051,2.4099999999999984,0.3100000000000005
2006-12-31,1.0274999999999999,6.251249999999999,2.142500000000002,-0.9025000000000007,-3.5700000000000003,-2.3224999999999945,-3.292500000000002,-0.661249999999999,-10.061249999999994,-2.9312499999999986,-2.6037500000000033,-4.397499999999999,-1.6500000000000004,1.740000000000001,-1.5800000000000018,1.045,2.210000000000001,-7.518749999999997,-1.1812499999999986,2.2787499999999996,19.808750000000003,4.896250000000002,-0.24625000000000075,-7.8675,-1.8599999999999994,-0.8187499999999996,-9.158750000000012,-2.272500000000001,2.4749999999999996,6.405000000000001,3.5262499999999974,-8.772500000000004,0.37625000000000064,-0.5549999999999993,-1.077499999999997,0.1662499999999998,-1.3100000000000023,0.3637499999999978,0.7049999999999983,3.8299999999999983,0.973749999999999,0.3675000000000015,-1.8787499999999966,-1.2699999999999996,-1.0499999999999998,-0.90625,0.6950000000000003,-5.913750000000007,-2.525000000000002,-2.1912499999999966,-7.793749999999999,-4.027500000000003,-1.5900000000000007,2.102500000000001,-0.4712499999999977,1.1262499999999989,-6.036250000000001,-1.084999999999999,-11.073750000000004,-3.662499999999998,0.019999999999999574,-6.70125,2.717500000000001,1.4912500000000009,2.7099999999999955,0.6100000000000012
2007-03-31,1.1275000000000013,6.551249999999996,2.342500000000001,-0.8025000000000011,-3.1699999999999946,-2.122499999999995,-4.592500000000003,-0.5612499999999994,-8.161249999999995,-2.4312499999999986,-1.8037500000000044,-4.0975,-1.5499999999999998,1.6399999999999997,-2.280000000000001,0.8449999999999989,3.1099999999999994,-6.318750000000001,-0.3812500000000014,2.478749999999999,20.508750000000006,5.396250000000002,-0.04625000000000057,-8.1675,-1.8599999999999994,-0.71875,-9.358750000000015,-2.1724999999999994,2.6750000000000007,6.405000000000001,3.5262499999999974,-8.372500000000002,0.37625000000000064,-0.7549999999999994,0.12250000000000227,0.2662500000000003,-0.6100000000000065,0.5637499999999989,0.7049999999999983,3.4299999999999926,0.8737499999999994,0.6675000000000004,-1.1787500000000009,-0.870000000000001,-1.0499999999999998,-1.106250000000001,0.995000000000001,-7.11375000000001,-2.625,-1.591249999999997,-5.993749999999999,-3.0275000000000034,-1.5900000000000007,2.2025000000000006,0.42875000000000085,1.4262499999999996,-6.036250000000001,-0.8849999999999998,-10.373750000000001,-3.362499999999997,-0.1800000000000015,-7.101249999999999,2.717500000000001,2.1912500000000037,2.9099999999999984,0.8100000000000005
2007-06-30,1.2274999999999991,6.751249999999999,2.442499999999999,-0.8025000000000011,-4.07,-1.9224999999999959,-5.992500000000003,-0.3612499999999983,-7.461249999999993,-2.03125,-1.6037500000000051,-3.9974999999999987,-1.4500000000000002,1.54,-2.280000000000001,0.8449999999999989,3.710000000000001,0.8812500000000014,2.0187500000000007,2.8787499999999993,23.008750000000006,6.296250000000001,0.1537499999999996,-8.3675,-1.6600000000000001,-0.6187499999999995,-9.858750000000015,-2.0725000000000016,2.7750000000000004,6.405000000000001,3.626249999999999,-7.072500000000002,1.07625,-0.9549999999999992,-0.07749999999999702,0.2662500000000003,0.4899999999999949,0.7637499999999982,0.7049999999999983,2.3299999999999983,0.6737499999999983,0.7675000000000018,-0.8787499999999966,-0.6700000000000017,-1.0499999999999998,-1.106250000000001,0.5949999999999989,-9.61375000000001,-3.2250000000000014,-1.1912499999999966,-3.793750000000003,-2.127500000000005,-1.3900000000000006,2.5024999999999995,1.228749999999998,1.9262499999999996,-5.13625,-0.8849999999999998,-15.873750000000005,-4.5625,-0.28000000000000114,-7.001249999999999,2.817500000000001,2.8912499999999994,3.1099999999999977,1.1100000000000012
2007-09-30,1.5274999999999999,8.351249999999993,3.0425000000000004,-0.7025000000000006,-2.8699999999999974,-1.6224999999999952,-6.692500000000003,-0.161249999999999,-8.061249999999994,-2.1312500000000014,-1.5037500000000037,-3.5975,-1.25,1.54,-2.780000000000001,0.7449999999999992,4.41,1.8812500000000014,2.6187499999999986,3.3787499999999993,24.10875,7.296250000000001,0.45374999999999943,-8.967500000000001,-1.5599999999999987,-0.5187499999999998,-9.958750000000009,-1.9725000000000001,3.075000000000001,7.5049999999999955,4.126249999999999,-6.172500000000003,1.57625,-0.9549999999999992,0.32250000000000156,0.36624999999999996,1.6899999999999977,1.1637499999999985,0.6049999999999986,2.6299999999999955,0.6737499999999983,0.5675000000000008,-0.6787500000000009,-0.5700000000000003,-0.9500000000000002,-0.8062500000000004,0.7950000000000017,-12.11375000000001,-3.625,-0.6912499999999966,-2.4937499999999986,-1.4275000000000055,-1.0900000000000007,2.602500000000001,1.728749999999998,2.2262500000000003,-4.73625,-0.6850000000000005,-14.773750000000003,-3.862499999999997,-0.5800000000000001,-6.901249999999999,2.817500000000001,3.6912500000000037,3.309999999999997,1.410000000000002
2007-12-31,1.8275000000000006,9.851249999999993,3.5425000000000004,-0.6025000000000009,-1.9699999999999989,-1.3224999999999945,-7.192500000000003,0.1387500000000017,-8.561249999999994,-2.03125,-1.3037500000000044,-3.7974999999999994,-1.0499999999999998,1.4400000000000004,-2.280000000000001,0.8449999999999989,4.809999999999999,3.8812500000000014,3.4187499999999993,3.478749999999999,23.60875,7.296250000000001,0.5537499999999991,-8.767500000000002,-1.259999999999998,-0.4187499999999993,-10.258750000000013,-1.8725000000000023,3.075000000000001,8.204999999999998,4.22625,-6.972500000000004,2.3762500000000006,-0.8549999999999995,0.5225000000000026,0.5662500000000001,4.589999999999996,1.9637499999999974,0.6049999999999986,2.9299999999999926,0.7737499999999979,0.26750000000000185,-0.478749999999998,-0.6700000000000017,-0.75,-1.40625,0.8949999999999996,-11.313750000000006,-3.4250000000000007,-0.1912499999999966,-0.6937500000000014,-0.42750000000000554,-0.8900000000000006,2.8025,3.428750000000001,2.826249999999998,-4.33625,-0.48499999999999943,-14.073750000000004,-3.5625,-0.7800000000000011,-6.901249999999999,2.817500000000001,4.291250000000005,3.309999999999997,1.7100000000000009
2008-03-31,2.1275000000000013,11.551249999999996,4.0425,-0.5025000000000004,-1.8699999999999974,-0.9224999999999959,-5.392500000000002,0.1387500000000017,-8.461249999999993,-1.9312499999999986,-1.3037500000000044,-3.6975,-0.8499999999999996,1.3400000000000007,-2.1799999999999997,0.7449999999999992,5.010000000000002,4.981250000000003,3.9187499999999993,3.5787499999999985,22.908750000000012,7.396250000000002,0.7537499999999993,-8.267500000000002,-1.1600000000000001,-0.4187499999999993,-9.358750000000015,-1.6724999999999994,2.9749999999999996,7.704999999999998,4.22625,-6.972500000000004,2.6762499999999996,-0.8549999999999995,1.5225000000000026,0.4662499999999996,6.289999999999992,2.263749999999998,0.5049999999999981,2.3299999999999983,0.5737499999999986,-0.3324999999999996,0.6212500000000034,-0.6700000000000017,-0.75,-2.0062499999999996,1.0949999999999989,-9.61375000000001,-2.625,0.20875000000000377,0.7062499999999972,0.6724999999999959,-0.6900000000000004,2.9025,6.428750000000001,3.4262499999999996,-4.036250000000001,-0.1850000000000005,-13.473750000000003,-3.2624999999999993,-0.8800000000000008,-6.30125,2.6175000000000015,4.491250000000001,3.2099999999999955,2.3100000000000005
2008-06-30,2.5275,11.651249999999997,4.442499999999999,-0.5025000000000004,-2.8699999999999974,-0.8224999999999945,-4.792500000000002,0.1387500000000017,-10.661249999999995,-2.53125,-0.9037500000000023,-3.7974999999999994,-0.5499999999999998,1.2400000000000002,-1.879999999999999,0.7449999999999992,5.41,3.1812499999999986,4.318750000000001,3.67875,20.808750000000003,7.396250000000002,0.8537499999999989,-6.267499999999998,-0.46000000000000085,-0.31874999999999964,-8.758750000000013,-1.4725000000000001,2.875,6.5049999999999955,3.9262499999999996,-6.772500000000004,1.9762500000000003,-0.6549999999999994,1.3225000000000016,0.5662500000000001,6.189999999999998,2.263749999999998,0.4049999999999985,2.9299999999999926,0.5737499999999986,-0.5324999999999989,1.4212500000000006,-0.5700000000000003,-0.75,-2.106250000000001,0.995000000000001,-7.7137500000000045,-2.4250000000000007,0.7087500000000038,1.0062500000000014,1.2724999999999937,-0.39000000000000057,3.0024999999999995,7.328749999999999,3.9262499999999996,-3.8362499999999997,-0.08499999999999908,-7.973750000000003,-1.3624999999999972,-0.8800000000000008,-5.80125,2.4175000000000004,4.691250000000004,2.9099999999999984,2.410000000000002
2008-09-30,2.1275000000000013,10.751249999999999,3.942499999999999,-0.40250000000000075,-1.6699999999999946,-0.32249999999999446,-2.4925000000000033,0.038750000000000284,-10.861249999999991,-2.53125,-0.8037500000000044,-3.9974999999999987,-0.34999999999999964,1.2400000000000002,-1.2800000000000011,0.7449999999999992,5.809999999999999,3.3812500000000014,4.21875,3.978749999999999,18.10875,7.296250000000001,1.1537499999999996,-4.467500000000001,0.4400000000000013,-0.21875,-7.958750000000009,-1.2725000000000009,3.075000000000001,5.905000000000001,3.9262499999999996,-6.772500000000004,2.776250000000001,-0.5549999999999993,2.0225000000000026,0.6662499999999998,7.089999999999996,2.563749999999999,0.30499999999999794,3.1299999999999955,0.5737499999999986,-0.7324999999999982,2.7212499999999977,-0.2699999999999996,-0.6499999999999999,-1.8062500000000004,1.1950000000000003,-6.313750000000006,-2.025000000000002,1.0087500000000045,1.3062499999999986,1.7724999999999937,0.009999999999998899,3.0024999999999995,7.328749999999999,4.026249999999997,-3.436250000000001,0.11500000000000021,-6.373750000000001,-0.4624999999999986,-0.7800000000000011,-5.20125,2.217500000000001,4.391249999999999,2.7099999999999955,2.610000000000001
2008-12-31,1.3275000000000006,8.751249999999999,2.942499999999999,-0.40250000000000075,0.9299999999999997,0.17750000000000554,0.8074999999999974,-0.26124999999999865,-9.161249999999995,-2.2312499999999993,-1.1037500000000051,-5.397499999999999,0.04999999999999982,1.2400000000000002,-0.28000000000000114,1.045,6.809999999999999,3.481250000000003,4.418749999999999,3.67875,15.908750000000005,6.696249999999999,0.9537499999999985,-1.5675000000000026,1.240000000000002,-0.11874999999999947,-7.658750000000012,-1.2725000000000009,2.7750000000000004,8.305,4.22625,-7.572500000000002,4.076250000000002,-0.35499999999999954,2.5225000000000026,0.4662499999999996,7.189999999999998,2.363749999999998,0.30499999999999794,4.429999999999993,0.8737499999999994,-0.7324999999999982,3.9212500000000006,0.23000000000000043,-0.4500000000000002,-1.606250000000001,1.8949999999999996,-6.313750000000006,-1.625,0.8087500000000052,2.3062499999999986,2.0724999999999945,0.9099999999999993,2.9025,11.32875,4.326249999999998,-1.4362500000000011,0.11500000000000021,-4.873750000000001,-0.2624999999999993,-0.4800000000000004,-3.901249999999999,2.017500000000002,3.791250000000005,2.309999999999997,2.610000000000001
2009-03-31,0.7274999999999991,5.251249999999999,1.8425000000000011,-0.40250000000000075,3.030000000000001,0.17750000000000554,-1.292500000000004,-0.4612499999999997,-8.461249999999993,-2.8312500000000007,-1.0037500000000037,-4.0975,-0.15000000000000036,1.1400000000000006,0.7199999999999989,1.045,6.210000000000001,1.9812500000000028,3.9187499999999993,3.67875,15.808750000000003,6.796250000000001,0.25374999999999925,-0.16750000000000398,1.0399999999999991,-0.018749999999999822,-7.5587500000000105,-1.2725000000000009,1.875,7.104999999999997,3.0262499999999974,-8.672500000000003,6.97625,-0.4549999999999992,2.8225000000000016,0.36624999999999996,7.489999999999995,1.8637499999999978,0.2049999999999983,5.1299999999999955,0.8737499999999994,-0.23249999999999815,4.321249999999999,0.5300000000000011,-0.4500000000000002,-1.40625,2.094999999999999,-3.513750000000009,-0.8250000000000028,-0.591249999999997,2.90625,1.3724999999999952,1.21,2.5024999999999995,11.42875,3.9262499999999996,0.4637499999999992,-0.5849999999999991,-1.8737500000000011,0.5375000000000014,-0.7800000000000011,-4.6012499999999985,1.8175000000000008,3.0912500000000023,2.0099999999999962,2.610000000000001
2009-06-30,0.027499999999999858,2.251249999999999,0.7424999999999997,-0.3025000000000011,6.93,0.5775000000000041,-3.092500000000001,-0.5612499999999994,-4.961249999999993,-2.1312500000000014,-0.703750000000003,-3.1975,-0.04999999999999982,1.1400000000000006,1.3200000000000003,1.045,5.809999999999999,6.881250000000001,5.018750000000001,3.3787499999999993,13.808750000000003,5.796250000000001,-0.04625000000000057,0.5324999999999989,0.6400000000000006,-0.11874999999999947,-7.0587500000000105,-1.3725000000000023,1.4749999999999996,5.905000000000001,2.2262500000000003,-8.272500000000004,5.97625,-0.6549999999999994,1.8225000000000016,0.36624999999999996,9.289999999999992,1.8637499999999978,0.10499999999999865,5.729999999999997,0.8737499999999994,0.26750000000000185,4.321249999999999,0.7300000000000004,-0.5499999999999998,-1.2062500000000007,2.1950000000000003,-3.9137500000000074,-0.8250000000000028,-1.1912499999999966,4.606250000000003,1.2724999999999937,1.009999999999999,1.8025000000000002,10.728749999999998,3.126249999999999,-0.5362500000000008,-0.9849999999999994,1.5262499999999974,-0.16249999999999787,-0.8800000000000008,-6.401249999999999,1.8175000000000008,2.8912499999999994,1.809999999999997,2.0100000000000016
2009-09-30,0.22750000000000092,1.4512499999999946,0.6425000000000018,-0.20250000000000057,7.530000000000001,0.7775000000000034,-4.192500000000003,-0.4612499999999997,-2.761249999999997,-1.9312499999999986,-0.703750000000003,-2.7974999999999994,-0.04999999999999982,1.1400000000000006,0.9199999999999982,0.9449999999999985,5.710000000000001,9.981250000000003,5.71875,2.8787499999999993,11.308750000000003,5.096250000000001,-0.24625000000000075,-0.8674999999999997,-0.35999999999999943,-0.018749999999999822,-7.358750000000015,-1.5725000000000016,1.4749999999999996,7.204999999999998,2.4262499999999996,-8.472500000000004,5.876249999999999,-0.7549999999999994,1.422500000000003,0.2662500000000003,8.389999999999993,1.5637499999999989,0.10499999999999865,6.329999999999998,0.973749999999999,0.3675000000000015,4.421250000000001,0.9299999999999997,-0.6499999999999999,-0.6062500000000011,2.495000000000001,-2.013750000000009,-0.125,-1.3912499999999959,5.606250000000003,1.0724999999999945,0.7099999999999991,1.5024999999999995,10.028750000000002,2.826249999999998,-0.6362500000000004,-1.084999999999999,3.0262499999999974,-0.16249999999999787,-0.9800000000000004,-6.901249999999999,1.7175000000000011,2.5912500000000023,1.7099999999999955,1.6100000000000012
2009-12-31,0.5274999999999999,1.2512499999999989,0.8425000000000011,-0.3025000000000011,5.030000000000001,0.47750000000000625,-4.592500000000003,-0.3612499999999983,-2.9612499999999926,-1.9312499999999986,-0.5037500000000037,-2.6975,-0.04999999999999982,1.1400000000000006,0.3200000000000003,0.7449999999999992,4.91,9.381250000000001,5.018750000000001,2.5787499999999985,9.508750000000006,4.596250000000001,-0.4462500000000009,-0.9675000000000011,-0.5599999999999987,-0.018749999999999822,-7.658750000000012,-1.5725000000000016,1.375,5.805,2.126249999999999,-9.272500000000004,6.076250000000002,-0.7549999999999994,0.7225000000000019,0.2662500000000003,6.8899999999999935,1.3637499999999978,0.10499999999999865,6.429999999999993,0.8737499999999994,0.3675000000000015,3.7212499999999977,0.9299999999999997,-0.75,-0.5062499999999996,2.594999999999999,-2.6137500000000102,-0.32500000000000284,-1.4912499999999955,6.40625,0.9724999999999966,0.40999999999999925,1.3025000000000002,8.228749999999998,2.2262500000000003,-1.1362500000000004,-1.084999999999999,3.5262499999999974,0.2375000000000007,-1.2800000000000011,-7.80125,1.6175000000000015,1.9912500000000009,1.5099999999999962,1.410000000000002
2010-03-31,0.927500000000002,1.6512499999999974,1.0425000000000004,-0.20250000000000057,3.9299999999999997,0.37750000000000483,-5.492500000000003,-0.4612499999999997,-3.4612499999999926,-1.9312499999999986,-0.6037500000000051,-2.397499999999999,-0.15000000000000036,1.04,-0.379999999999999,0.6449999999999996,4.609999999999999,12.081249999999997,5.318750000000001,2.0787499999999985,8.508750000000006,4.196249999999999,-0.5462500000000006,-1.167500000000004,-0.8599999999999994,0.08125000000000071,-7.858750000000015,-1.6724999999999994,1.1750000000000007,5.905000000000001,1.9262499999999996,-9.072500000000002,5.576250000000002,-0.9549999999999992,0.8225000000000016,0.36624999999999996,6.3899999999999935,1.4637499999999974,0.004999999999998117,4.729999999999997,0.5737499999999986,0.16750000000000043,2.2212499999999977,0.5300000000000011,-0.8500000000000001,-1.0062499999999996,2.495000000000001,-1.4137500000000074,-0.125,-1.6912499999999966,6.706249999999997,0.8724999999999952,0.40999999999999925,1.3025000000000002,6.128749999999997,1.9262499999999996,-2.436250000000001,-1.084999999999999,1.7262499999999932,-0.5625,-1.9800000000000004,-7.901249999999999,1.4175000000000004,1.3912499999999994,1.309999999999997,1.1100000000000012
2010-06-30,1.427500000000002,0.6512499999999974,1.442499999999999,-0.20250000000000057,4.530000000000001,0.37750000000000483,-5.892500000000002,-0.3612499999999983,-5.1612499999999955,-2.2312499999999993,-0.5037500000000037,-2.1975,-0.15000000000000036,1.04,-0.5800000000000018,0.6449999999999996,4.109999999999999,12.181249999999999,4.918749999999999,1.7787499999999996,9.708750000000009,4.296250000000001,-0.4462500000000009,-0.8674999999999997,-0.6600000000000001,0.08125000000000071,-7.858750000000015,-1.8725000000000023,1.075000000000001,5.0049999999999955,1.6262499999999989,-8.172500000000003,5.97625,-0.8549999999999995,0.422500000000003,0.36624999999999996,6.289999999999992,1.4637499999999974,-0.09500000000000153,3.4299999999999926,0.37374999999999936,0.06750000000000078,0.8212499999999991,0.23000000000000043,-0.9500000000000002,-1.106250000000001,2.995000000000001,-0.4137500000000074,0.6749999999999972,-1.6912499999999966,8.006250000000001,1.2724999999999937,0.6099999999999994,1.4024999999999999,4.928750000000001,1.9262499999999996,-3.23625,-0.9849999999999994,0.6262499999999989,-0.7624999999999993,-2.1800000000000015,-7.601249999999999,1.3175000000000008,0.2912500000000051,1.0099999999999962,0.9100000000000019
2010-09-30,1.2274999999999991,0.05124999999999602,1.1425000000000018,-0.20250000000000057,2.1300000000000026,-0.022499999999993747,-5.392500000000002,-0.3612499999999983,-5.961249999999993,-2.1312500000000014,-0.8037500000000044,-2.1975,-0.25,0.9400000000000004,-0.4800000000000004,0.6449999999999996,3.5100000000000016,9.681249999999999,3.9187499999999993,1.7787499999999996,10.408750000000005,4.296250000000001,-0.5462500000000006,-0.667500000000004,-0.759999999999998,-0.018749999999999822,-7.958750000000009,-1.8725000000000023,0.9749999999999996,4.405000000000001,1.5262499999999974,-7.172500000000003,4.576250000000002,-0.8549999999999995,0.422500000000003,0.4662499999999996,6.089999999999996,1.5637499999999989,-0.09500000000000153,1.9299999999999926,0.07374999999999865,0.06750000000000078,-0.478749999999998,-0.07000000000000028,-0.9500000000000002,-1.2062500000000007,2.7950000000000017,-2.2137500000000045,0.5749999999999957,-1.591249999999997,8.206249999999997,1.3724999999999952,0.40999999999999925,1.4024999999999999,3.5287500000000023,1.7262500000000003,-3.936250000000001,-0.7850000000000001,-0.37375000000000114,-0.4624999999999986,-2.380000000000001,-7.80125,1.1175000000000015,-0.7087499999999949,0.7099999999999973,0.7100000000000009
2010-12-31,1.5274999999999999,-1.1487500000000068,1.1425000000000018,-0.20250000000000057,0.9299999999999997,-0.2224999999999966,-5.192500000000003,-0.3612499999999983,-7.761249999999997,-2.6312500000000014,-1.0037500000000037,-1.897499999999999,-0.34999999999999964,0.8400000000000007,-0.9800000000000004,0.4449999999999985,3.1099999999999994,8.681249999999999,3.21875,1.8787499999999993,10.208750000000009,4.296250000000001,-0.5462500000000006,-2.3674999999999997,-1.1600000000000001,0.08125000000000071,-6.758750000000013,-1.5725000000000016,0.875,2.5049999999999955,1.1262499999999989,-7.372500000000002,4.076250000000002,-0.7549999999999994,1.222500000000002,0.4662499999999996,5.989999999999995,1.6637499999999985,-0.19500000000000206,1.1299999999999955,-0.026250000000000995,0.06750000000000078,-1.6787500000000009,-0.370000000000001,-1.0499999999999998,-1.0062499999999996,3.094999999999999,-4.413750000000007,0.2749999999999986,-1.4912499999999955,8.106250000000003,1.3724999999999952,0.40999999999999925,1.602500000000001,3.8287499999999994,2.2262500000000003,-4.63625,-0.5849999999999991,-1.6737500000000054,-0.2624999999999993,-2.08,-7.701249999999999,0.9175000000000004,-1.5087499999999991,0.4099999999999966,0.3100000000000005
2011-03-31,1.3275000000000006,-1.448750000000004,0.8425000000000011,-0.20250000000000057,0.9299999999999997,-0.12249999999999517,-3.292500000000002,-0.26124999999999865,-8.461249999999993,-2.6312500000000014,-0.6037500000000051,-1.5975000000000001,-0.4500000000000002,0.7400000000000002,-2.080000000000002,0.14499999999999957,2.6099999999999994,7.181249999999999,2.5187500000000007,1.5787499999999985,9.908750000000005,3.99625,-0.4462500000000009,-1.4675000000000011,-0.8599999999999994,0.08125000000000071,-6.5587500000000105,-1.4725000000000001,0.875,1.0049999999999955,0.9262499999999996,-6.372500000000002,3.1762499999999996,-0.8549999999999995,1.6225000000000023,0.5662500000000001,5.789999999999992,1.6637499999999985,-0.19500000000000206,0.9299999999999926,-0.12625000000000064,-0.03249999999999886,-1.5787499999999994,-0.370000000000001,-1.0499999999999998,-1.106250000000001,2.8949999999999996,-5.61375000000001,-0.125,-1.4912499999999955,8.40625,1.4724999999999966,0.3099999999999996,1.602500000000001,4.828749999999999,2.626249999999999,-5.13625,-0.28500000000000014,-2.873750000000001,-0.8624999999999972,-1.8800000000000008,-7.501249999999999,0.7175000000000011,-1.7087499999999949,0.2099999999999973,0.010000000000001563
2011-06-30,1.427500000000002,-1.7487500000000011,0.8425000000000011,-0.20250000000000057,1.1300000000000026,0.07750000000000412,-2.092500000000001,-0.3612499999999983,-8.661249999999995,-2.6312500000000014,-0.9037500000000023,-1.397499999999999,-0.34999999999999964,0.7400000000000002,-2.4800000000000004,0.04499999999999993,2.210000000000001,4.681249999999999,1.6187499999999986,1.67875,10.508750000000006,4.196249999999999,-0.4462500000000009,-0.667500000000004,-0.6600000000000001,0.08125000000000071,-5.758750000000013,-1.2725000000000009,0.7750000000000004,0.6049999999999969,0.8262499999999982,-5.972500000000004,3.1762499999999996,-0.6549999999999994,1.722500000000002,0.6662499999999998,5.789999999999992,1.7637499999999982,-0.19500000000000206,1.3299999999999983,-0.22625000000000206,-0.1324999999999985,-1.2787500000000023,-0.2699999999999996,-1.0499999999999998,-0.90625,2.6950000000000003,-4.513750000000009,0.07499999999999929,-1.3912499999999959,8.006250000000001,1.4724999999999966,0.5099999999999989,1.7025000000000006,6.328749999999999,3.126249999999999,-5.336250000000001,-0.08499999999999908,-3.1737500000000054,-0.6624999999999979,-1.4800000000000004,-6.6012499999999985,0.5175000000000018,-1.9087499999999977,0.009999999999996234,-0.28999999999999915
2011-09-30,1.3275000000000006,-2.0487500000000054,0.6425000000000018,-0.20250000000000057,1.0300000000000011,0.2775000000000034,-2.392500000000002,-0.26124999999999865,-8.061249999999994,-2.1312500000000014,-0.8037500000000044,-1.2974999999999994,-0.34999999999999964,0.7400000000000002,-2.4800000000000004,0.04499999999999993,2.3099999999999987,6.081249999999997,2.0187500000000007,1.478749999999999,10.408750000000005,4.096250000000001,-0.3462500000000004,-0.06750000000000256,-0.5599999999999987,0.18125000000000036,-4.658750000000012,-0.9725000000000001,0.6750000000000007,0.6049999999999969,0.8262499999999982,-5.872500000000002,3.6762499999999996,-0.5549999999999993,1.8225000000000016,0.6662499999999998,5.789999999999992,1.8637499999999978,-0.2950000000000017,1.9299999999999926,-0.12625000000000064,-0.23249999999999815,-0.478749999999998,-0.1700000000000017,-0.8500000000000001,-0.7062500000000007,3.094999999999999,-2.813750000000006,0.9750000000000014,-1.1912499999999966,7.106250000000003,1.3724999999999952,0.8099999999999996,1.9024999999999999,6.828749999999999,3.626249999999999,-5.13625,0.11500000000000021,-1.8737500000000011,-0.0625,-1.1800000000000015,-5.30125,0.4175000000000004,-1.9087499999999977,-0.19000000000000306,-0.48999999999999844
2011-12-31,0.8275000000000006,-2.948750000000004,0.14250000000000185,-0.002500000000000391,1.3300000000000054,0.47750000000000625,-2.392500000000002,-0.26124999999999865,-8.661249999999995,-2.2312499999999993,-0.703750000000003,-1.1974999999999998,-0.25,0.6400000000000006,-2.080000000000002,0.14499999999999957,2.710000000000001,5.681249999999999,2.3187500000000014,1.5787499999999985,10.608750000000008,4.096250000000001,-0.24625000000000075,0.9324999999999974,-0.16000000000000014,0.18125000000000036,-3.958750000000009,-0.7725000000000009,0.5750000000000011,-0.2950000000000017,0.5262499999999992,-6.572500000000002,3.8762500000000006,-0.4549999999999992,2.5225000000000026,0.6662499999999998,6.089999999999996,1.9637499999999974,-0.2950000000000017,2.3299999999999983,-0.12625000000000064,-0.4324999999999992,-0.6787500000000009,-0.370000000000001,-0.8500000000000001,-0.5062499999999996,2.8949999999999996,-0.7137500000000045,1.5749999999999957,-0.8912499999999959,6.306249999999999,1.2724999999999937,0.9099999999999993,1.9024999999999999,9.028750000000002,3.826249999999998,-4.63625,0.21499999999999986,-1.4737500000000026,-0.16249999999999787,-0.4800000000000004,-4.70125,0.21750000000000114,-2.008749999999999,-0.2900000000000027,-0.5899999999999981
2012-03-31,1.0274999999999999,-3.5487500000000054,0.14250000000000185,0.09749999999999925,2.1300000000000026,0.8775000000000048,-2.392500000000002,-0.3612499999999983,-7.861249999999991,-2.1312500000000014,-0.703750000000003,-0.7974999999999994,-0.34999999999999964,0.54,-2.280000000000001,-0.05500000000000149,2.3099999999999987,7.081249999999997,2.5187500000000007,1.5787499999999985,11.008750000000006,4.096250000000001,-0.24625000000000075,2.032499999999999,0.03999999999999915,0.18125000000000036,-2.858750000000015,-0.6724999999999994,0.47499999999999964,1.9050000000000011,0.9262499999999996,-6.472500000000004,3.4762500000000003,-0.4549999999999992,2.8225000000000016,0.6662499999999998,6.689999999999998,1.9637499999999974,-0.2950000000000017,1.8299999999999983,-0.22625000000000206,-0.7324999999999982,-0.478749999999998,-0.5700000000000003,-0.9500000000000002,-1.0062499999999996,2.995000000000001,1.7862499999999955,2.375,-0.7912499999999962,7.90625,2.172499999999996,0.9099999999999993,1.8025000000000002,10.82875,3.9262499999999996,-4.63625,0.21499999999999986,1.2262499999999932,0.7375000000000007,-0.1800000000000015,-4.20125,0.11750000000000149,-2.3087499999999963,-0.39000000000000234,-0.5899999999999981
2012-06-30,0.6275000000000013,-4.048750000000005,-0.15749999999999886,0.1974999999999989,4.030000000000001,1.1775000000000055,-3.1925000000000026,-0.3612499999999983,-7.061249999999994,-1.8312500000000007,-0.703750000000003,-0.7974999999999994,-0.15000000000000036,0.54,-1.7800000000000011,-0.05500000000000149,2.41,7.681249999999999,2.71875,1.5787499999999985,10.608750000000008,4.096250000000001,-0.24625000000000075,1.6325000000000003,-0.16000000000000014,0.28125,-0.8587500000000148,-0.47250000000000014,0.375,2.3049999999999997,0.8262499999999982,-6.472500000000004,3.4762500000000003,-0.35499999999999954,2.6225000000000023,0.6662499999999998,7.189999999999998,1.8637499999999978,-0.2950000000000017,0.6299999999999955,-0.526250000000001,-0.9324999999999992,-0.2787500000000023,-0.5700000000000003,-0.9500000000000002,-0.40625,3.094999999999999,2.986249999999991,2.875,-0.6912499999999966,6.40625,1.7724999999999937,1.009999999999999,1.602500000000001,11.028750000000002,3.826249999999998,-4.23625,0.015000000000000568,1.7262499999999932,0.6375000000000028,0.019999999999999574,-4.501249999999999,0.017500000000001847,-2.4087499999999977,-0.5900000000000034,-0.5899999999999981
2012-09-30,0.5274999999999999,-3.748750000000001,-0.2575000000000003,0.09749999999999925,4.630000000000003,1.1775000000000055,-4.192500000000003,-0.3612499999999983,-6.361249999999991,-1.8312500000000007,-0.5037500000000037,-0.6974999999999998,-0.04999999999999982,0.4400000000000004,-1.379999999999999,-0.05500000000000149,1.9100000000000001,5.581249999999997,2.1187499999999986,1.3787499999999993,10.008750000000006,3.696249999999999,-0.4462500000000009,1.832499999999996,-0.35999999999999943,0.18125000000000036,-0.15875000000001194,-0.47250000000000014,0.375,2.5049999999999955,0.9262499999999996,-6.472500000000004,2.8762500000000006,-0.35499999999999954,2.922500000000003,0.5662500000000001,7.589999999999996,1.8637499999999978,-0.39500000000000135,0.8299999999999983,-0.42625000000000135,-0.9324999999999992,-0.17875000000000085,-0.5700000000000003,-0.9500000000000002,-0.30625000000000036,2.995000000000001,3.486249999999991,3.174999999999997,-0.591249999999997,5.106250000000003,1.4724999999999966,1.009999999999999,1.3025000000000002,11.628749999999997,3.7262500000000003,-3.936250000000001,0.11500000000000021,2.8262499999999946,0.7375000000000007,0.3199999999999985,-4.501249999999999,-0.08249999999999957,-2.3087499999999963,-0.5900000000000034,-0.5899999999999981
2012-12-31,0.32750000000000057,-3.148750000000007,-0.35749999999999815,0.09749999999999925,4.530000000000001,0.9775000000000063,-4.592500000000003,-0.4612499999999997,-5.361249999999991,-1.6312500000000014,-0.4037500000000023,-0.4974999999999987,0.04999999999999982,0.4400000000000004,-0.9800000000000004,-0.05500000000000149,1.9100000000000001,7.081249999999997,2.21875,1.478749999999999,6.208750000000009,2.99625,-0.5462500000000006,2.7325000000000017,-0.46000000000000085,0.28125,0.7412499999999866,-0.3725000000000023,0.375,1.8049999999999997,0.6262499999999989,-6.572500000000002,3.1762499999999996,-0.15499999999999936,3.1225000000000023,0.4662499999999996,8.089999999999996,1.8637499999999978,-0.2950000000000017,0.9299999999999926,-0.42625000000000135,-0.8324999999999996,-0.978749999999998,-0.7699999999999996,-0.9500000000000002,-0.2062500000000007,3.1950000000000003,3.5862499999999926,3.2749999999999986,-0.4912499999999955,4.106250000000003,1.2724999999999937,1.1099999999999985,1.2025000000000006,10.028750000000002,3.626249999999999,-3.73625,-0.1850000000000005,2.126249999999999,-0.0625,0.11999999999999922,-5.401249999999999,-0.28249999999999886,-2.4087499999999977,-0.7900000000000027,-0.5899999999999981
2013-03-31,0.12750000000000128,-2.948750000000004,-0.557500000000001,-0.002500000000000391,5.330000000000005,0.9775000000000063,-4.792500000000002,-0.4612499999999997,-4.461249999999993,-1.53125,-0.4037500000000023,0.20250000000000057,0.04999999999999982,0.34000000000000075,0.120000000000001,0.14499999999999957,1.7100000000000009,5.78125,1.8187500000000014,1.17875,5.008750000000006,2.5962500000000013,-0.5462500000000006,4.032499999999999,-0.16000000000000014,0.28125,0.8412499999999881,-0.27250000000000085,0.27500000000000036,1.5049999999999955,0.6262499999999989,-5.872500000000002,3.57625,-0.25499999999999945,2.722500000000002,0.36624999999999996,7.989999999999995,1.7637499999999982,-0.2950000000000017,0.6299999999999955,-0.42625000000000135,-0.8324999999999996,0.32124999999999915,-0.370000000000001,-0.9500000000000002,-0.10625000000000107,2.995000000000001,3.2862499999999955,3.0749999999999957,-0.4912499999999955,3.106250000000003,0.9724999999999966,1.1099999999999985,0.9024999999999999,7.828749999999999,3.126249999999999,-3.3362499999999997,-0.28500000000000014,3.126249999999999,0.2375000000000007,0.11999999999999922,-5.80125,-0.28249999999999886,-2.708749999999995,-0.8900000000000023,-0.5899999999999981
2013-06-30,0.12750000000000128,-2.248750000000001,-0.4574999999999996,-0.002500000000000391,5.630000000000003,1.1775000000000055,-4.292500000000002,-0.4612499999999997,-3.261249999999997,-1.1312500000000014,-0.6037500000000051,0.5025000000000013,0.15000000000000036,0.34000000000000075,0.41999999999999815,0.24499999999999922,1.4100000000000001,7.28125,1.8187500000000014,0.9787499999999989,3.5087500000000063,1.9962499999999999,-0.6462500000000011,5.432499999999997,0.03999999999999915,0.38125000000000053,0.34124999999998806,-0.27250000000000085,0.27500000000000036,1.9050000000000011,0.6262499999999989,-4.572500000000002,2.57625,-0.054999999999999716,2.3225000000000016,0.2662500000000003,8.889999999999993,1.6637499999999985,-0.2950000000000017,-0.17000000000000526,-0.6262500000000006,-0.7324999999999982,0.02125000000000199,-0.46999999999999886,-0.8500000000000001,0.09375,2.8949999999999996,4.38624999999999,3.2749999999999986,-0.3912499999999959,2.40625,0.8724999999999952,1.1099999999999985,0.7025000000000006,8.528750000000002,3.0262499999999974,-2.6362500000000004,-0.28500000000000014,2.726249999999993,0.13750000000000284,0.3199999999999985,-5.901249999999999,-0.3824999999999985,-2.708749999999995,-0.8900000000000023,-0.5899999999999981
2013-09-30,-0.17249999999999943,-2.248750000000001,-0.6574999999999989,-0.002500000000000391,3.3300000000000054,0.6775000000000055,-3.9925000000000033,-0.4612499999999997,-3.9612499999999926,-1.4312499999999986,-0.8037500000000044,0.802500000000002,0.04999999999999982,0.34000000000000075,0.5199999999999996,0.24499999999999922,1.5100000000000016,5.681249999999999,1.71875,0.9787499999999989,2.208750000000009,1.7962500000000006,-0.5462500000000006,4.732500000000002,-0.259999999999998,0.38125000000000053,0.14124999999998522,-0.27250000000000085,0.1750000000000007,1.4050000000000011,0.4262499999999996,-4.172500000000003,1.776250000000001,0.14500000000000046,2.1225000000000023,0.1662499999999998,8.089999999999996,1.4637499999999974,-0.2950000000000017,-0.5700000000000038,-0.6262500000000006,-0.8324999999999996,-0.2787500000000023,-0.5700000000000003,-0.75,0.09375,2.6950000000000003,3.686249999999994,3.2749999999999986,-0.3912499999999959,1.0062500000000014,0.37249999999999517,1.009999999999999,0.6025000000000009,6.628749999999997,2.7262500000000003,-2.436250000000001,-0.28500000000000014,3.126249999999999,0.2375000000000007,0.3199999999999985,-5.001249999999999,-0.3824999999999985,-2.708749999999995,-0.7900000000000027,-0.5899999999999981
2013-12-31,-0.2724999999999991,-1.7487500000000011,-0.557500000000001,0.09749999999999925,2.730000000000004,0.6775000000000055,-3.1925000000000026,-0.5612499999999994,-3.761249999999997,-1.3312500000000007,-0.703750000000003,0.802500000000002,0.04999999999999982,0.2400000000000002,0.620000000000001,0.24499999999999922,1.3099999999999987,2.3812500000000014,1.0187500000000007,0.7787499999999996,1.9087500000000048,1.4962499999999999,-0.5462500000000006,4.432499999999997,-0.259999999999998,0.28125,-0.4587500000000091,-0.27250000000000085,0.07500000000000107,1.5049999999999955,0.2262499999999985,-4.372500000000002,0.776250000000001,0.34500000000000064,1.8225000000000016,0.06625000000000014,6.989999999999995,1.2637499999999982,-0.2950000000000017,-0.6700000000000053,-0.6262500000000006,-0.8324999999999996,-0.8787499999999966,-0.7699999999999996,-0.6499999999999999,0.2937499999999993,2.3949999999999996,3.3862499999999898,2.9750000000000014,-0.3912499999999959,-0.6937500000000014,-0.3275000000000041,0.8099999999999996,0.6025000000000009,6.228749999999998,2.5262499999999974,-2.23625,-0.28500000000000014,2.5262499999999974,0.13750000000000284,0.5199999999999996,-4.70125,-0.28249999999999886,-2.708749999999995,-0.690000000000003,-0.6899999999999995
2014-03-31,-0.2724999999999991,-2.0487500000000054,-0.7575000000000003,0.09749999999999925,1.230000000000004,0.37750000000000483,-2.6925000000000026,-0.5612499999999994,-2.061249999999994,-0.6312500000000014,-0.703750000000003,1.302500000000002,-0.15000000000000036,0.14000000000000057,0.620000000000001,0.24499999999999922,1.2100000000000009,-0.71875,0.01875000000000071,0.5787499999999985,0.7087500000000091,1.1962499999999991,-0.5462500000000006,4.1325,-0.16000000000000014,0.28125,0.24124999999998664,-0.07250000000000156,-0.125,0.7049999999999983,-0.17375000000000185,-3.0725000000000016,0.37625000000000064,0.245000000000001,1.922500000000003,0.1662499999999998,6.789999999999992,1.2637499999999982,-0.2950000000000017,-0.970000000000006,-0.6262500000000006,-1.0324999999999989,-0.7787500000000023,-0.870000000000001,-0.75,0.2937499999999993,2.3949999999999996,4.38624999999999,3.0749999999999957,-0.3912499999999959,-1.6937500000000014,-0.7275000000000063,0.8099999999999996,0.6025000000000009,4.928750000000001,2.2262500000000003,-1.6362500000000004,-0.1850000000000005,4.226249999999993,0.8375000000000021,0.5199999999999996,-3.001249999999999,-0.28249999999999886,-2.4087499999999977,-0.690000000000003,-0.5899999999999981
2014-06-30,-0.2724999999999991,-1.448750000000004,-0.6574999999999989,0.1974999999999989,1.230000000000004,0.47750000000000625,-2.4925000000000033,-0.5612499999999994,-2.861249999999991,-0.8312500000000007,-0.703750000000003,1.7025000000000006,-0.15000000000000036,0.14000000000000057,1.0199999999999996,0.24499999999999922,1.1099999999999994,-3.418750000000003,-0.5812500000000007,0.5787499999999985,1.8087500000000034,1.1962499999999991,-0.4462500000000009,1.5324999999999989,-0.46000000000000085,0.28125,0.34124999999998806,0.027499999999999858,-0.22499999999999964,-0.995000000000001,-0.5737500000000004,-2.2725000000000044,-0.023749999999999716,0.4450000000000003,1.8225000000000016,0.1662499999999998,6.289999999999992,1.0637499999999989,-0.2950000000000017,-1.3700000000000045,-0.7262500000000021,-1.1324999999999985,-0.7787500000000023,-0.9699999999999989,-0.75,0.09375,1.995000000000001,6.586249999999993,3.2749999999999986,-0.3912499999999959,-2.1937500000000014,-0.9275000000000055,0.8099999999999996,0.5024999999999995,3.428750000000001,1.9262499999999996,-0.8362499999999997,-0.28500000000000014,2.926249999999996,0.2375000000000007,0.5199999999999996,-2.901249999999999,-0.3824999999999985,-2.208749999999995,-0.690000000000003,-0.48999999999999844
2014-09-30,-0.3724999999999987,-0.0487500000000054,-0.557500000000001,0.29749999999999943,1.730000000000004,0.6775000000000055,-1.9925000000000033,-0.4612499999999997,-2.861249999999991,-0.7312499999999993,-0.9037500000000023,1.7025000000000006,-0.25,0.040000000000000036,0.8200000000000003,0.14499999999999957,1.2100000000000009,-2.6187499999999986,0.01875000000000071,0.37874999999999925,1.0087500000000063,0.896250000000002,-0.4462500000000009,0.7325000000000017,-0.6600000000000001,0.28125,0.7412499999999866,0.027499999999999858,-0.22499999999999964,-1.5950000000000024,-0.5737500000000004,-1.8725000000000023,-0.6237499999999994,0.5450000000000008,1.922500000000003,0.06625000000000014,6.3899999999999935,1.0637499999999989,-0.2950000000000017,-1.1700000000000053,-0.6262500000000006,-1.1324999999999985,-0.5787499999999994,-0.870000000000001,-0.75,0.09375,1.8949999999999996,7.486249999999998,3.7749999999999986,-0.3912499999999959,-2.6937500000000014,-1.1275000000000048,0.8099999999999996,0.40249999999999986,3.728749999999998,1.7262500000000003,-0.3362499999999997,-0.28500000000000014,1.5262499999999974,-0.4624999999999986,0.5199999999999996,-3.70125,-0.48249999999999815,-2.208749999999995,-0.7900000000000027,-0.3899999999999988
2014-12-31,-0.47250000000000014,1.051249999999996,-0.4574999999999996,0.3974999999999991,2.4299999999999997,0.9775000000000063,-1.292500000000004,-0.4612499999999997,-2.561249999999994,-0.53125,-0.9037500000000023,1.4024999999999999,-0.25,0.040000000000000036,-0.379999999999999,-0.2550000000000008,1.4100000000000001,-3.71875,-0.08125000000000071,0.2787499999999996,-1.9912499999999937,0.19624999999999915,-0.4462500000000009,2.7325000000000017,-0.16000000000000014,0.28125,0.7412499999999866,0.12749999999999773,-0.22499999999999964,-1.995000000000001,-0.6737500000000018,-2.672500000000003,-1.0237499999999997,0.6450000000000005,2.1225000000000023,-0.03375000000000039,5.489999999999995,0.7637499999999982,-0.19500000000000206,-1.1700000000000053,-0.6262500000000006,-1.1324999999999985,-0.6787500000000009,-0.9699999999999989,-0.6499999999999999,0.2937499999999993,1.995000000000001,11.086249999999993,4.774999999999999,-0.4912499999999955,-2.1937500000000014,-1.1275000000000048,0.7099999999999991,0.20250000000000057,2.1287499999999966,1.5262499999999974,3.26375,-0.28500000000000014,1.8262499999999946,-0.2624999999999993,0.6199999999999992,-3.501249999999999,-0.48249999999999815,-2.1087500000000006,-0.7900000000000027,-0.48999999999999844
2015-03-31,-0.5724999999999998,3.051249999999996,-0.35749999999999815,0.3974999999999991,4.030000000000001,1.6775000000000055,0.40749999999999886,-0.5612499999999994,0.23875000000000313,-0.03125,-1.0037500000000037,1.6024999999999991,-0.34999999999999964,-0.05999999999999961,-0.28000000000000114,-0.2550000000000008,0.8099999999999987,-3.018749999999997,0.01875000000000071,-0.0212500000000011,-2.8912499999999923,-0.20374999999999943,-0.4462500000000009,4.532499999999999,0.33999999999999986,0.28125,1.4412499999999895,0.22749999999999915,-0.3249999999999993,-2.395000000000003,-0.8737500000000011,-1.8725000000000023,-1.723749999999999,0.5450000000000008,1.8225000000000016,-0.13375000000000004,5.489999999999995,0.5637499999999989,-0.19500000000000206,-2.1700000000000053,-0.7262500000000021,-1.1324999999999985,-0.7787500000000023,-1.0700000000000003,-0.6499999999999999,0.59375,2.094999999999999,11.986249999999998,5.375,-0.7912499999999962,-1.09375,-0.9275000000000055,0.7099999999999991,-0.09750000000000014,1.6287499999999966,1.2262500000000003,7.36375,-0.28500000000000014,3.126249999999999,0.03750000000000142,0.5199999999999996,-2.901249999999999,-0.5824999999999996,-2.1087500000000006,-0.7900000000000027,-0.3899999999999988
2015-06-30,-0.5724999999999998,4.651249999999997,-0.2575000000000003,0.3974999999999991,1.5300000000000011,0.8775000000000048,1.3074999999999974,-0.661249999999999,2.0387500000000074,0.06875000000000142,-1.203750000000003,1.4024999999999999,-0.5499999999999998,-0.05999999999999961,-0.4800000000000004,-0.3550000000000004,0.3099999999999987,-4.318750000000001,-0.4812499999999993,-0.2212500000000004,-4.791249999999991,-0.7037499999999994,-0.4462500000000009,4.732500000000002,0.33999999999999986,0.28125,-0.4587500000000091,0.027499999999999858,-0.42499999999999893,-3.2950000000000017,-1.1737500000000018,-1.8725000000000023,-1.92375,0.6450000000000005,1.3225000000000016,-0.13375000000000004,5.089999999999996,0.3637499999999978,-0.2950000000000017,-3.470000000000006,-1.026250000000001,-1.1324999999999985,-1.1787500000000009,-1.1700000000000017,-0.5499999999999998,0.8937499999999989,1.8949999999999996,10.586249999999993,4.774999999999999,-0.9912499999999955,0.006250000000001421,-0.7275000000000063,0.6099999999999994,-0.29749999999999943,2.0287500000000023,0.9262499999999996,4.963750000000001,-0.3849999999999998,3.626249999999999,-0.16249999999999787,0.5199999999999996,-2.20125,-0.5824999999999996,-1.7087499999999949,-0.7900000000000027,-0.3899999999999988
2015-09-30,-0.6724999999999994,7.051249999999996,-0.057500000000000995,0.3974999999999991,2.530000000000001,1.2775000000000034,4.007499999999997,-0.5612499999999994,4.8387500000000045,0.6687499999999993,-1.3037500000000044,1.4024999999999999,-0.6500000000000004,-0.15999999999999925,-0.5800000000000018,-0.3550000000000004,0.21000000000000085,-2.8187500000000014,-0.28125,-0.42125000000000057,-5.991249999999994,-1.2037499999999994,-0.4462500000000009,5.932499999999997,0.740000000000002,0.18125000000000036,-0.25875000000001336,0.027499999999999858,-0.5250000000000004,-2.995000000000001,-1.2737500000000015,-2.4725000000000037,-2.5237499999999997,0.745000000000001,1.3225000000000016,-0.13375000000000004,4.589999999999996,0.26374999999999815,-0.2950000000000017,-4.170000000000005,-1.226250000000002,-1.1324999999999985,-1.2787500000000023,-1.2699999999999996,-0.4500000000000002,1.0937499999999982,1.5949999999999989,9.186249999999987,4.475000000000001,-1.2912499999999962,1.1062500000000028,-0.6275000000000048,0.6099999999999994,-0.4974999999999996,0.728749999999998,0.6262499999999989,4.36375,-0.3849999999999998,3.426249999999996,0.03750000000000142,0.5199999999999996,-1.0012499999999989,-0.5824999999999996,-1.5087499999999991,-0.690000000000003,-0.28999999999999915
2015-12-31,-0.5724999999999998,8.851249999999993,0.24249999999999972,0.3974999999999991,1.3300000000000054,0.9775000000000063,4.907499999999999,-0.5612499999999994,7.738750000000003,1.1687499999999993,-1.0037500000000037,1.5025000000000013,-0.6500000000000004,-0.15999999999999925,-0.7800000000000011,-0.45500000000000007,0.10999999999999943,-2.6187499999999986,-0.3812500000000014,-0.3212500000000009,-5.191249999999997,-1.2037499999999994,-0.4462500000000009,3.9324999999999974,0.33999999999999986,0.18125000000000036,0.14124999999998522,0.22749999999999915,-0.625,-2.395000000000003,-1.2737500000000015,-1.4725000000000037,-2.8237500000000004,0.8450000000000006,1.1225000000000023,-0.23374999999999968,3.3899999999999935,0.06374999999999886,-0.2950000000000017,-4.570000000000004,-1.226250000000002,-1.1324999999999985,-1.5787499999999994,-1.370000000000001,-0.4500000000000002,1.1937499999999996,1.5949999999999989,8.186249999999987,4.174999999999997,-1.3912499999999959,2.0062500000000014,-0.5275000000000034,0.5099999999999989,-0.6974999999999998,1.0287500000000023,0.4262499999999996,4.263749999999998,-0.28500000000000014,0.5262499999999974,-0.4624999999999986,0.5199999999999996,-0.7012499999999999,-0.6824999999999992,-1.0087499999999991,-0.690000000000003,0.010000000000001563
2016-03-31,-0.47250000000000014,10.151249999999997,0.442499999999999,0.3974999999999991,6.630000000000003,2.577500000000004,5.207499999999996,-0.4612499999999997,7.8387500000000045,1.2687500000000007,-0.6037500000000051,2.0025000000000013,-0.75,-0.2599999999999998,-0.879999999999999,-0.45500000000000007,-0.08999999999999986,-3.6187499999999986,-0.8812500000000014,-0.6212500000000007,-6.091249999999995,-1.5037500000000001,-0.4462500000000009,2.032499999999999,-0.35999999999999943,0.08125000000000071,-0.15875000000001194,0.12749999999999773,-0.7249999999999996,-1.5950000000000024,-1.1737500000000018,-1.5725000000000016,-3.0237499999999997,0.6450000000000005,0.422500000000003,-0.13375000000000004,2.3899999999999935,-0.03625000000000256,-0.39500000000000135,-4.970000000000006,-1.3262500000000017,-1.2324999999999982,-1.7787500000000023,-1.370000000000001,-0.25,0.8937499999999989,1.3949999999999996,9.186249999999987,4.274999999999999,-1.4912499999999955,3.40625,-0.22750000000000625,0.40999999999999925,-0.7974999999999994,-0.3712500000000034,0.12624999999999886,3.763749999999998,-0.28500000000000014,0.026249999999997442,-0.6624999999999979,0.6199999999999992,-0.7012499999999999,-0.6824999999999992,-0.4087499999999977,-0.5900000000000034,0.21000000000000085
2016-06-30,-0.3724999999999987,11.151249999999997,0.5425000000000004,0.4974999999999996,9.030000000000001,3.1775000000000055,4.707499999999996,-0.26124999999999865,8.038750000000007,1.46875,-0.8037500000000044,1.802500000000002,-0.75,-0.2599999999999998,-1.379999999999999,-0.5550000000000015,-0.08999999999999986,-1.5187499999999972,-0.28125,-0.6212500000000007,-7.591249999999995,-1.803749999999999,-0.4462500000000009,1.832499999999996,-0.5599999999999987,0.08125000000000071,1.041249999999991,0.22749999999999915,-0.7249999999999996,0.40500000000000114,-0.8737500000000011,-1.0725000000000016,-3.1237499999999994,0.6450000000000005,0.12250000000000227,-0.13375000000000004,1.0899999999999963,-0.1362500000000022,-0.39500000000000135,-4.8700000000000045,-1.3262500000000017,-1.2324999999999982,-2.178750000000001,-1.4699999999999989,-0.15000000000000036,0.8937499999999989,1.1950000000000003,9.88624999999999,4.174999999999997,-1.3912499999999959,4.606250000000003,0.17249999999999588,0.5099999999999989,-0.8975,-1.9712499999999977,-0.2737499999999997,3.063749999999999,-0.1850000000000005,-1.3737500000000011,-0.9624999999999986,0.5199999999999996,-0.7012499999999999,-0.6824999999999992,0.09125000000000227,-0.49000000000000377,0.11000000000000121
2016-09-30,-0.47250000000000014,10.351249999999993,0.442499999999999,0.3974999999999991,10.230000000000004,3.1775000000000055,4.807499999999997,-0.161249999999999,8.138750000000009,1.6687499999999993,-0.8037500000000044,1.7025000000000006,-0.6500000000000004,-0.35999999999999943,-1.1799999999999997,-0.5550000000000015,-0.19000000000000128,-2.6187499999999986,-0.5812500000000007,-0.8212500000000009,-8.191249999999997,-2.10375,-0.3462500000000004,0.332499999999996,-0.759999999999998,0.08125000000000071,1.4412499999999895,0.32750000000000057,-0.625,1.7049999999999983,-0.6737500000000018,-0.9725000000000037,-3.723749999999999,0.6450000000000005,-0.8774999999999977,-0.13375000000000004,0.18999999999999773,-0.23625000000000185,-0.2950000000000017,-4.470000000000006,-1.226250000000002,-1.0324999999999989,-2.7787500000000023,-1.4699999999999989,-0.04999999999999982,0.9937500000000004,1.1950000000000003,10.88624999999999,4.475000000000001,-1.1912499999999966,4.90625,0.27249999999999375,0.40999999999999925,-0.9974999999999996,-2.9712499999999977,-0.6737500000000018,2.563749999999999,-0.1850000000000005,-0.47375000000000256,-0.7624999999999993,0.21999999999999886,-1.0012499999999989,-0.5824999999999996,0.6912500000000037,-0.39000000000000234,0.21000000000000085
2016-12-31,-0.47250000000000014,8.851249999999993,0.34250000000000114,0.3974999999999991,11.730000000000004,3.377500000000005,4.507499999999997,-0.06124999999999936,7.038750000000007,1.7687500000000007,-0.703750000000003,1.6024999999999991,-0.6500000000000004,-0.35999999999999943,-1.1799999999999997,-0.5550000000000015,-0.6899999999999995,-3.8187500000000014,-0.9812499999999993,-0.9212500000000006,-8.291249999999991,-2.2037499999999994,-0.3462500000000004,0.6325000000000003,-0.759999999999998,0.08125000000000071,1.841249999999988,0.42749999999999844,-0.625,1.3049999999999997,-0.5737500000000004,-0.4725000000000037,-3.8237500000000004,0.6450000000000005,-0.8774999999999977,-0.23374999999999968,-1.3100000000000023,-0.5362500000000026,-0.2950000000000017,-4.170000000000005,-1.1262500000000006,-0.7324999999999982,-3.478749999999998,-1.4699999999999989,0.15000000000000036,1.1937499999999996,0.7950000000000017,9.286249999999995,3.9750000000000014,-1.091249999999997,3.8062499999999986,-0.02750000000000341,0.6099999999999994,-1.1974999999999998,-2.9712499999999977,-0.9737500000000008,2.063749999999999,-0.08499999999999908,1.3262499999999946,-0.5625,0.019999999999999574,-0.7012499999999999,-0.5824999999999996,0.7912500000000051,-0.39000000000000234,0.21000000000000085
2017-03-31,-0.3724999999999987,6.051249999999996,0.14250000000000185,0.3974999999999991,9.230000000000004,2.7775000000000034,3.707499999999996,-0.06124999999999936,6.238750000000003,1.5687500000000014,-0.6037500000000051,1.6024999999999991,-0.6500000000000004,-0.45999999999999996,-1.1799999999999997,-0.5550000000000015,-0.8900000000000006,-2.21875,-0.8812500000000014,-1.021250000000001,-8.591249999999995,-2.4037499999999987,-0.3462500000000004,0.332499999999996,-0.46000000000000085,0.08125000000000071,2.2412499999999866,0.42749999999999844,-0.625,0.10499999999999687,-0.6737500000000018,0.6274999999999977,-4.123749999999999,0.4450000000000003,-0.9774999999999974,-0.23374999999999968,-1.710000000000008,-0.6362500000000022,-0.2950000000000017,-4.070000000000004,-1.026250000000001,-0.5324999999999989,-4.078749999999999,-1.4699999999999989,0.04999999999999982,1.0937499999999982,0.495000000000001,8.286249999999995,3.674999999999997,-0.8912499999999959,2.606250000000003,-0.3275000000000041,0.40999999999999925,-1.1974999999999998,-3.6712500000000006,-1.0737500000000004,1.4637499999999992,0.015000000000000568,1.3262499999999946,-0.16249999999999787,-0.1800000000000015,-0.5012499999999989,-0.6824999999999992,1.2912500000000051,-0.2900000000000027,0.3100000000000005
2017-06-30,-0.2724999999999991,4.451249999999995,0.042500000000000426,0.29749999999999943,8.830000000000005,2.4775000000000063,1.6074999999999982,-0.06124999999999936,5.038750000000007,1.46875,-0.3037500000000044,1.4024999999999999,-0.6500000000000004,-0.45999999999999996,-0.4800000000000004,-0.5550000000000015,-0.9900000000000002,-4.71875,-1.3812500000000014,-1.1212500000000007,-9.091249999999995,-2.50375,-0.24625000000000075,1.0324999999999989,-0.16000000000000014,0.08125000000000071,3.9412499999999895,0.5274999999999999,-0.625,-0.7950000000000017,-0.7737500000000015,2.0274999999999963,-4.3237499999999995,0.4450000000000003,-0.47749999999999737,-0.3337500000000002,-2.4100000000000037,-0.8362500000000015,-0.2950000000000017,-4.470000000000006,-1.1262500000000006,-0.23249999999999815,-4.278749999999999,-1.2699999999999996,0.15000000000000036,0.9937500000000004,0.3949999999999996,7.486249999999998,3.375,-0.7912499999999962,1.6062500000000028,-0.5275000000000034,0.3099999999999996,-1.2974999999999994,-3.571249999999999,-1.2737500000000015,1.0637499999999989,0.015000000000000568,0.3262499999999946,-0.4624999999999986,-0.1800000000000015,-0.0012499999999988631,-0.6824999999999992,1.4912500000000009,-0.2900000000000027,0.21000000000000085
2017-09-30,-0.2724999999999991,3.1512499999999974,-0.057500000000000995,0.29749999999999943,6.530000000000001,1.8775000000000048,0.6074999999999982,0.038750000000000284,5.038750000000007,1.46875,-0.3037500000000044,1.2025000000000006,-0.6500000000000004,-0.45999999999999996,-0.6799999999999997,-0.5550000000000015,-1.0899999999999999,-3.418750000000003,-1.1812499999999986,-1.2212500000000004,-9.691249999999997,-2.803749999999999,-0.24625000000000075,1.332499999999996,-0.05999999999999872,0.08125000000000071,3.7412499999999866,0.5274999999999999,-0.625,-1.495000000000001,-0.7737500000000015,2.4274999999999984,-4.52375,0.34500000000000064,-0.2774999999999981,-0.3337500000000002,-3.010000000000005,-1.0362500000000026,-0.2950000000000017,-4.770000000000003,-1.226250000000002,-0.1324999999999985,-4.87875,-1.370000000000001,0.34999999999999964,0.7937500000000011,0.3949999999999996,6.986249999999998,3.2749999999999986,-0.7912499999999962,-0.39374999999999716,-1.1275000000000048,0.20999999999999908,-1.1974999999999998,-4.371250000000003,-1.2737500000000015,0.8637499999999996,0.11500000000000021,-0.37375000000000114,-0.5625,-0.3800000000000008,0.29875000000000007,-0.6824999999999992,1.3912499999999994,-0.2900000000000027,0.3100000000000005
2017-12-31,-0.2724999999999991,3.051249999999996,0.042500000000000426,0.29749999999999943,6.030000000000001,1.7775000000000034,0.0074999999999967315,0.038750000000000284,4.638750000000009,1.3687499999999986,-0.003750000000003695,0.9024999999999999,-0.6500000000000004,-0.5599999999999996,-0.5800000000000018,-0.5550000000000015,-1.1899999999999995,-1.6187499999999986,-0.78125,-1.2212500000000004,-10.691249999999997,-3.10375,-0.24625000000000075,1.0324999999999989,-0.05999999999999872,0.08125000000000071,4.4412499999999895,0.6274999999999977,-0.7249999999999996,-0.995000000000001,-0.7737500000000015,3.2274999999999956,-4.72375,0.34500000000000064,0.422500000000003,-0.3337500000000002,-3.4100000000000037,-1.1362500000000022,-0.19500000000000206,-4.970000000000006,-1.1262500000000006,-0.03249999999999886,-5.178750000000001,-1.370000000000001,0.5499999999999998,0.6937499999999996,0.2950000000000017,6.2862499999999955,3.0749999999999957,-0.7912499999999962,-1.7937500000000028,-1.6275000000000048,0.10999999999999943,-1.2974999999999994,-4.871250000000003,-1.4737500000000008,0.4637499999999992,0.11500000000000021,1.1262499999999989,-0.2624999999999993,-0.3800000000000008,0.5987500000000008,-0.6824999999999992,1.0912500000000023,-0.2900000000000027,0.21000000000000085
2018-03-31,-0.2724999999999991,3.851249999999993,0.14250000000000185,0.1974999999999989,5.330000000000005,1.4775000000000063,-0.6925000000000026,0.038750000000000284,5.038750000000007,1.2687500000000007,0.296249999999997,0.9024999999999999,-0.5499999999999998,-0.6599999999999993,-0.879999999999999,-0.7550000000000008,-1.2899999999999991,-1.21875,-0.9812499999999993,-1.321250000000001,-11.191249999999997,-3.2037499999999994,-0.24625000000000075,2.032499999999999,0.14000000000000057,0.08125000000000071,5.141249999999985,0.7274999999999991,-0.8249999999999993,-1.1950000000000003,-0.8737500000000011,3.9274999999999984,-4.92375,0.245000000000001,-0.07749999999999702,-0.43374999999999986,-3.7100000000000044,-1.2362500000000018,-0.19500000000000206,-5.270000000000003,-1.226250000000002,-0.03249999999999886,-4.87875,-1.1700000000000017,0.5499999999999998,0.7937500000000011,0.09499999999999886,5.38624999999999,2.674999999999997,-0.7912499999999962,-3.6937500000000014,-2.2275000000000063,0.10999999999999943,-1.2974999999999994,-5.071249999999999,-1.5737500000000004,-0.23625000000000007,-0.08499999999999908,1.3262499999999946,-0.4624999999999986,-0.4800000000000004,1.3987500000000015,-0.6824999999999992,0.2912500000000051,-0.49000000000000377,0.3100000000000005
2018-06-30,-0.2724999999999991,3.851249999999993,0.14250000000000185,0.1974999999999989,4.130000000000003,1.2775000000000034,-1.0925000000000011,0.23875000000000135,5.638750000000009,1.6687499999999993,-0.3037500000000044,0.7025000000000006,-0.34999999999999964,-0.6599999999999993,-1.0800000000000018,-0.7550000000000008,-1.5899999999999999,0.9812500000000028,-0.8812500000000014,-1.321250000000001,-11.691249999999997,-3.2037499999999994,-0.1462500000000011,-0.9675000000000011,-0.259999999999998,0.08125000000000071,4.541249999999991,0.7274999999999991,-0.8249999999999993,-1.7950000000000017,-1.0737500000000004,3.9274999999999984,-4.72375,0.34500000000000064,-0.2774999999999981,-0.3337500000000002,-3.9100000000000037,-1.2362500000000018,-0.19500000000000206,-5.070000000000004,-1.1262500000000006,-0.03249999999999886,-4.37875,-1.0700000000000003,0.75,1.0937499999999982,-0.10500000000000043,2.8862499999999898,1.7749999999999986,-0.6912499999999966,-5.09375,-2.5275000000000034,0.10999999999999943,-1.2974999999999994,-5.671250000000001,-1.6737500000000018,-0.23625000000000007,0.11500000000000021,2.426249999999996,-0.0625,-0.4800000000000004,2.79875,-0.6824999999999992,-0.20874999999999488,-0.49000000000000377,0.21000000000000085
2018-09-30,-0.3724999999999987,4.151249999999997,0.14250000000000185,0.29749999999999943,3.230000000000004,0.9775000000000063,-1.3925000000000018,0.338750000000001,4.8387500000000045,1.6687499999999993,-0.6037500000000051,0.5025000000000013,-0.25,-0.6599999999999993,-0.879999999999999,-0.7550000000000008,-1.7899999999999991,0.48125000000000284,-0.9812499999999993,-1.4212500000000006,-11.891249999999992,-3.4037499999999987,-0.04625000000000057,-0.5675000000000026,-0.16000000000000014,0.08125000000000071,4.541249999999991,0.8275000000000006,-0.8249999999999993,-2.2950000000000017,-1.1737500000000018,3.1274999999999977,-4.8237499999999995,0.4450000000000003,-0.47749999999999737,-0.3337500000000002,-4.410000000000004,-1.3362500000000015,-0.19500000000000206,-4.670000000000005,-1.026250000000001,0.06750000000000078,-3.5787499999999994,-0.870000000000001,0.75,0.9937500000000004,-0.2049999999999983,1.186249999999994,1.2749999999999986,-0.6912499999999966,-6.693750000000001,-3.127500000000005,0.009999999999998899,-1.2974999999999994,-4.171250000000001,-1.5737500000000004,-0.23625000000000007,0.11500000000000021,2.626249999999999,-0.0625,-0.4800000000000004,11.898750000000001,-0.6824999999999992,-1.0087499999999991,-0.49000000000000377,0.3100000000000005
2018-12-31,-0.2724999999999991,3.1512499999999974,0.042500000000000426,0.29749999999999943,3.730000000000004,1.0775000000000041,-1.1925000000000026,0.5387500000000003,5.438750000000006,1.7687500000000007,-0.703750000000003,0.302500000000002,-0.04999999999999982,-0.6599999999999993,-0.9800000000000004,-0.7550000000000008,-1.7899999999999991,0.08124999999999716,-0.9812499999999993,-1.321250000000001,-12.091249999999995,-3.50375,-0.1462500000000011,-0.46750000000000114,-0.35999999999999943,0.08125000000000071,3.641249999999985,0.7274999999999991,-0.8249999999999993,-2.6950000000000003,-1.1737500000000018,3.7274999999999956,-5.02375,0.5450000000000008,-0.47749999999999737,-0.43374999999999986,-4.6100000000000065,-1.4362500000000011,-0.09500000000000153,-4.170000000000005,-0.9262500000000014,0.06750000000000078,-3.0787499999999994,-0.6700000000000017,0.8499999999999996,0.9937500000000004,-0.40500000000000114,-2.013750000000009,0.2749999999999986,-0.591249999999997,-6.893749999999997,-3.127500000000005,-0.09000000000000075,-1.3975,-4.671250000000001,-1.8737500000000011,-0.23625000000000007,0.11500000000000021,0.6262499999999989,-0.6624999999999979,-0.3800000000000008,11.49875,-0.6824999999999992,-1.3087499999999963,-0.49000000000000377,0.21000000000000085
2019-03-31,-0.3724999999999987,1.9512499999999946,-0.057500000000000995,0.29749999999999943,2.530000000000001,0.8775000000000048,-0.5925000000000011,0.5387500000000003,5.8387500000000045,1.8687499999999986,-0.5037500000000037,0.6024999999999991,-0.04999999999999982,-0.6599999999999993,-0.4800000000000004,-0.6550000000000011,-1.8900000000000006,1.0812499999999972,-0.5812500000000007,-1.521250000000001,-11.991249999999994,-3.60375,-0.1462500000000011,-0.3674999999999997,-0.16000000000000014,0.08125000000000071,3.9412499999999895,0.7274999999999991,-0.9249999999999989,-3.7950000000000017,-1.4737500000000008,3.9274999999999984,-5.123749999999999,0.5450000000000008,-0.8774999999999977,-0.43374999999999986,-5.010000000000005,-1.5362500000000026,-0.09500000000000153,-3.8700000000000045,-0.8262500000000017,0.06750000000000078,-2.2787500000000023,-0.5700000000000003,0.9500000000000002,0.9937500000000004,-0.7049999999999983,-1.0137500000000088,0.375,-0.591249999999997,-6.09375,-2.827500000000004,-0.09000000000000075,-1.3975,-5.071249999999999,-1.9737500000000008,-0.23625000000000007,0.11500000000000021,1.1262499999999989,0.03750000000000142,-0.3800000000000008,6.198750000000002,-0.7824999999999989,-0.7087499999999949,-0.49000000000000377,0.5100000000000016
2019-06-30,-0.47250000000000014,0.7512499999999989,-0.35749999999999815,0.29749999999999943,1.1300000000000026,0.5775000000000041,-0.39250000000000185,0.5387500000000003,6.438750000000006,1.96875,-0.20375000000000298,0.6024999999999991,-0.04999999999999982,-0.6599999999999993,0.5199999999999996,-0.45500000000000007,-1.8900000000000006,2.581249999999997,0.01875000000000071,-1.521250000000001,-12.191249999999997,-3.7037499999999994,-0.1462500000000011,0.03249999999999886,-0.259999999999998,0.08125000000000071,1.9412499999999895,0.6274999999999977,-0.9249999999999989,-3.6950000000000003,-1.3737500000000011,4.627499999999998,-5.02375,0.6450000000000005,-1.1774999999999984,-0.3337500000000002,-4.910000000000004,-1.3362500000000015,-0.09500000000000153,-3.570000000000004,-0.7262500000000021,0.06750000000000078,-1.3787499999999966,-0.370000000000001,1.0499999999999998,1.1937499999999996,-0.9050000000000011,0.38624999999998977,0.375,-0.4912499999999955,-4.59375,-2.2275000000000063,-0.1900000000000004,-1.4974999999999996,-4.671250000000001,-2.0737500000000004,-0.43625000000000114,0.21499999999999986,4.326249999999995,0.6375000000000028,-0.28000000000000114,6.998749999999999,-0.7824999999999989,-0.10875000000000057,-0.39000000000000234,0.3100000000000005
2019-09-30,-0.7724999999999991,-0.5487500000000054,-0.7575000000000003,0.29749999999999943,1.1300000000000026,0.7775000000000034,-0.39250000000000185,0.5387500000000003,6.938750000000006,1.96875,0.296249999999997,0.6024999999999991,-0.15000000000000036,-0.6599999999999993,0.7199999999999989,-0.45500000000000007,-1.9900000000000002,3.481250000000003,0.11874999999999858,-1.6212500000000007,-11.991249999999994,-3.803749999999999,-0.1462500000000011,-0.46750000000000114,-0.46000000000000085,0.08125000000000071,2.041249999999991,0.6274999999999977,-0.9249999999999989,-3.495000000000001,-1.3737500000000011,5.327499999999997,-5.123749999999999,0.6450000000000005,-1.3774999999999977,-0.3337500000000002,-5.1100000000000065,-1.4362500000000011,0.004999999999998117,-2.970000000000006,-0.526250000000001,0.06750000000000078,-0.8787499999999966,-0.2699999999999996,1.0499999999999998,0.9937500000000004,-0.9050000000000011,0.5862499999999926,0.4750000000000014,-0.3912499999999959,-2.793750000000003,-1.6275000000000048,-0.1900000000000004,-1.4974999999999996,-5.271250000000002,-2.2737500000000015,-0.6362500000000004,0.21499999999999986,4.426249999999996,0.7375000000000007,-0.3800000000000008,2.4987499999999994,-0.7824999999999989,0.49125000000000085,-0.39000000000000234,0.4100000000000019
2019-12-31,-0.9725000000000001,-1.948750000000004,-1.057500000000001,0.29749999999999943,-1.9699999999999989,0.17750000000000554,-1.0925000000000011,0.5387500000000003,6.738750000000003,2.0687500000000014,0.9962499999999963,0.5025000000000013,-0.25,-0.6599999999999993,0.9199999999999982,-0.45500000000000007,-2.1899999999999995,3.78125,0.01875000000000071,-1.6212500000000007,-12.591249999999995,-4.00375,-0.1462500000000011,-1.167500000000004,-0.46000000000000085,0.18125000000000036,2.141249999999985,0.7274999999999991,-0.9249999999999989,-4.195,-1.5737500000000004,5.827499999999997,-5.123749999999999,0.6450000000000005,-1.3774999999999977,-0.3337500000000002,-5.310000000000006,-1.4362500000000011,0.004999999999998117,-2.1700000000000053,-0.3262500000000017,-0.03249999999999886,-0.6787500000000009,-0.370000000000001,0.9500000000000002,0.9937500000000004,-1.1050000000000004,1.7862499999999955,0.375,-0.3912499999999959,-1.4937499999999986,-1.2275000000000063,-0.2900000000000009,-1.5975000000000001,-5.571249999999999,-2.5737500000000004,-0.8362499999999997,0.21499999999999986,3.5262499999999974,0.6375000000000028,-0.28000000000000114,-1.5012499999999989,-0.8824999999999985,0.6912500000000037,-0.49000000000000377,0.21000000000000085
2020-03-31,-1.1724999999999994,-0.948750000000004,-0.9574999999999996,0.1974999999999989,-3.269999999999996,-0.2224999999999966,-0.09250000000000114,0.338750000000001,7.8387500000000045,1.7687500000000007,0.8962499999999949,1.4024999999999999,-0.15000000000000036,-0.7599999999999998,1.620000000000001,-0.3550000000000004,-2.49,-2.3187500000000014,-2.0812500000000007,-1.821250000000001,-11.291249999999991,-4.00375,-0.1462500000000011,-1.167500000000004,-0.5599999999999987,0.18125000000000036,4.141249999999985,1.0274999999999999,-0.9249999999999989,-2.495000000000001,-1.1737500000000018,7.627499999999994,-4.72375,0.745000000000001,-1.8774999999999977,-0.3337500000000002,-4.310000000000006,-1.3362500000000015,0.004999999999998117,-1.7700000000000031,-0.3262500000000017,-0.23249999999999815,0.12125000000000341,-0.2699999999999996,1.4500000000000002,0.9937500000000004,-1.504999999999999,3.0862499999999926,0.375,-0.3912499999999959,0.3062499999999986,-0.6275000000000048,-0.1900000000000004,-1.6974999999999998,-4.671250000000001,-2.5737500000000004,-0.3362499999999997,0.3149999999999995,6.826249999999995,1.6375000000000028,-0.08000000000000007,-2.70125,-0.982499999999999,1.8912499999999994,-0.39000000000000234,0.4100000000000019
2020-06-30,-1.5724999999999998,-4.448750000000004,-1.8574999999999982,0.29749999999999943,-1.9699999999999989,-0.022499999999993747,-1.3925000000000018,-0.26124999999999865,9.838750000000005,1.6687499999999993,1.3962499999999949,1.802500000000002,-0.15000000000000036,-0.6599999999999993,3.919999999999998,0.04499999999999993,-2.49,-1.5187499999999972,-1.9812499999999993,-1.6212500000000007,-5.091249999999995,-3.00375,-0.04625000000000057,2.032499999999999,0.14000000000000057,0.18125000000000036,12.741249999999994,2.3275000000000006,-1.0250000000000004,0.5049999999999955,-0.7737500000000015,7.827499999999997,-4.52375,0.6450000000000005,-1.3774999999999977,-0.23374999999999968,-1.4100000000000037,-0.9362500000000011,-0.19500000000000206,1.8299999999999983,0.27374999999999794,-0.1324999999999985,0.7212499999999977,-0.07000000000000028,1.4500000000000002,1.793750000000001,-1.504999999999999,3.7862499999999955,0.4750000000000014,-0.591249999999997,1.7062499999999972,-0.3275000000000041,-0.2900000000000009,-1.5975000000000001,0.32874999999999943,-1.9737500000000008,-0.23625000000000007,0.6150000000000002,7.526249999999997,2.137500000000003,0.41999999999999993,-2.70125,-1.2824999999999989,3.0912500000000023,-0.5900000000000034,0.21000000000000085
2020-09-30,-1.9725000000000001,-7.748750000000001,-2.657499999999999,0.29749999999999943,-1.6699999999999946,-0.2224999999999966,-2.392500000000002,-0.4612499999999997,8.438750000000006,1.0687500000000014,1.796249999999997,1.802500000000002,-0.15000000000000036,-0.6599999999999993,4.120000000000001,0.14499999999999957,-2.3900000000000006,-6.21875,-3.5812500000000007,-1.7212500000000004,-5.091249999999995,-3.10375,0.053749999999999076,1.2325000000000017,0.03999999999999915,0.28125,16.04124999999999,2.727499999999999,-1.0250000000000004,1.1049999999999969,-0.6737500000000018,9.0275,-4.3237499999999995,0.6450000000000005,-1.277499999999998,-0.23374999999999968,-0.5100000000000051,-0.8362500000000015,-0.19500000000000206,2.729999999999997,0.37374999999999936,-0.03249999999999886,0.7212499999999977,0.030000000000001137,1.25,1.793750000000001,-1.504999999999999,5.38624999999999,0.6749999999999972,-0.6912499999999966,2.40625,-0.22750000000000625,-0.39000000000000057,-1.4974999999999996,-0.17125000000000057,-1.9737500000000008,-0.43625000000000114,0.7149999999999999,6.726249999999993,2.0375000000000014,0.6199999999999992,-0.8012499999999996,-1.3824999999999985,2.5912500000000023,-0.8900000000000023,-0.1899999999999995
2020-12-31,-2.1724999999999994,-9.548750000000005,-3.157499999999999,0.29749999999999943,0.13000000000000256,0.37750000000000483,-2.592500000000001,-0.5612499999999994,7.238750000000003,0.96875,1.6962499999999956,1.5025000000000013,-0.25,-0.5599999999999996,3.919999999999998,0.14499999999999957,-2.1899999999999995,-6.318750000000001,-3.0812500000000007,-1.4212500000000006,-3.3912499999999923,-2.7037499999999994,0.053749999999999076,0.03249999999999886,-0.05999999999999872,0.28125,15.441249999999982,2.6274999999999977,-0.9249999999999989,2.405000000000001,-0.4737500000000008,7.727499999999996,-4.22375,0.4450000000000003,-1.277499999999998,-0.23374999999999968,-0.3100000000000023,-0.8362500000000015,-0.09500000000000153,2.8299999999999983,0.473749999999999,0.16750000000000043,0.12125000000000341,0.030000000000001137,0.8499999999999996,1.793750000000001,-1.705,3.986249999999991,0.07499999999999929,-0.7912499999999962,3.106250000000003,-0.02750000000000341,-0.4900000000000011,-1.4974999999999996,0.8287499999999994,-1.8737500000000011,-0.43625000000000114,0.8149999999999995,3.626249999999999,1.5375000000000014,1.0199999999999996,1.8987500000000015,-1.482499999999999,2.3912499999999994,-1.0900000000000034,-0.5899999999999981
2021-03-31,-2.272499999999999,-10.348750000000003,-3.4574999999999996,0.3974999999999991,1.1300000000000026,0.47750000000000625,-1.4925000000000033,-0.7612499999999986,5.3387500000000045,0.46875,2.4962499999999963,1.4024999999999999,-0.25,-0.5599999999999996,3.8199999999999967,0.24499999999999922,-2.3900000000000006,-5.118749999999999,-2.6812499999999986,-1.7212500000000004,-2.1912499999999966,-2.7037499999999994,0.053749999999999076,0.332499999999996,-0.05999999999999872,0.28125,12.041249999999991,2.3275000000000006,-1.0250000000000004,1.2049999999999983,-0.7737500000000015,7.727499999999996,-3.6237499999999994,0.4450000000000003,-1.8774999999999977,-0.23374999999999968,-1.210000000000008,-0.8362500000000015,-0.09500000000000153,2.4299999999999926,0.473749999999999,0.46750000000000114,-0.3787499999999966,0.23000000000000043,0.75,1.793750000000001,-1.9049999999999994,4.586249999999993,0.4750000000000014,-0.9912499999999955,3.90625,0.07249999999999446,-0.6900000000000004,-1.3975,1.4287500000000009,-1.7737500000000015,-0.6362500000000004,0.8149999999999995,4.926249999999996,1.9375,1.1199999999999992,3.9987499999999994,-1.6824999999999992,2.1912500000000037,-1.4900000000000038,-0.7899999999999991
2021-06-30,-2.272499999999999,-9.548750000000005,-3.2575000000000003,0.3974999999999991,-1.0700000000000003,-0.022499999999993747,-2.292500000000004,-0.3612499999999983,3.238750000000003,0.5687500000000014,2.296249999999997,1.1024999999999991,-0.34999999999999964,-0.6599999999999993,1.7199999999999989,-0.05500000000000149,-2.289999999999999,-4.818750000000001,-2.28125,-1.7212500000000004,-3.291249999999991,-2.803749999999999,0.053749999999999076,-1.167500000000004,-0.259999999999998,0.28125,7.241249999999987,1.6274999999999977,-1.0250000000000004,-1.1950000000000003,-1.0737500000000004,8.0275,-3.8237500000000004,0.245000000000001,-2.577499999999997,-0.23374999999999968,-4.010000000000005,-1.0362500000000026,0.10499999999999865,0.8299999999999983,0.5737499999999986,0.6675000000000004,-0.978749999999998,0.3299999999999983,0.34999999999999964,0.9937500000000004,-2.205,1.686249999999994,-0.4250000000000007,-1.1912499999999966,3.5062500000000014,-0.02750000000000341,-0.8900000000000006,-1.4974999999999996,-2.9712499999999977,-2.2737500000000015,-1.0362500000000008,0.7149999999999999,3.0262499999999974,1.4375,0.8199999999999985,3.79875,-1.5824999999999987,1.2912500000000051,-1.3900000000000023,-1.4899999999999984
2021-09-30,-2.272499999999999,-8.248750000000001,-3.157499999999999,0.29749999999999943,-0.8699999999999974,-0.022499999999993747,-1.292500000000004,-0.3612499999999983,3.5387500000000074,0.8687499999999986,2.0962499999999977,0.9024999999999999,-0.34999999999999964,-0.5599999999999996,1.5199999999999996,-0.05500000000000149,-2.49,-5.418750000000003,-2.6812499999999986,-1.821250000000001,-2.791249999999991,-3.00375,0.053749999999999076,-0.8674999999999997,-0.16000000000000014,0.28125,4.541249999999991,1.4274999999999984,-1.125,-2.395000000000003,-1.2737500000000015,6.227499999999996,-3.42375,0.04500000000000082,-2.8774999999999977,-0.3337500000000002,-5.410000000000004,-1.3362500000000015,0.2049999999999983,0.22999999999999687,0.5737499999999986,0.8675000000000015,-1.3787499999999966,0.5300000000000011,0.34999999999999964,0.8937499999999989,-2.205,-1.1137500000000102,-1.125,-1.1912499999999966,2.3062499999999986,-0.22750000000000625,-0.9900000000000011,-1.4974999999999996,-2.9712499999999977,-2.373750000000001,-0.43625000000000114,0.7149999999999999,2.5262499999999974,1.4375,1.0199999999999996,2.598750000000001,-1.482499999999999,0.8912499999999994,-1.3900000000000023,-1.589999999999999
2021-12-31,-2.272499999999999,-7.948750000000004,-3.157499999999999,0.1974999999999989,-1.1699999999999946,-0.4224999999999959,1.1074999999999982,-0.3612499999999983,2.5387500000000074,0.6687499999999993,1.6962499999999956,0.6024999999999991,-0.04999999999999982,-0.5599999999999996,1.4199999999999982,-0.05500000000000149,-2.6899999999999995,-7.21875,-3.28125,-1.821250000000001,-2.4912499999999937,-3.10375,0.053749999999999076,-0.3674999999999997,-0.05999999999999872,0.28125,5.541249999999991,1.5274999999999999,-1.2249999999999996,-3.6950000000000003,-1.4737500000000008,4.827499999999997,-2.92375,-0.054999999999999716,-2.6774999999999984,-0.3337500000000002,-6.010000000000005,-1.3362500000000015,0.2049999999999983,0.12999999999999545,0.5737499999999986,0.9675000000000011,-1.2787500000000023,0.7300000000000004,0.25,0.59375,-2.3049999999999997,-2.013750000000009,-1.4250000000000007,-1.091249999999997,-0.4937499999999986,-0.9275000000000055,-0.9900000000000011,-1.4974999999999996,-3.771250000000002,-2.473750000000001,-0.43625000000000114,0.7149999999999999,3.226249999999993,1.9375,0.9199999999999999,3.8987500000000015,-1.482499999999999,0.5912500000000023,-1.2900000000000027,-1.8899999999999988
2022-03-31,-2.3724999999999987,-8.648750000000007,-3.357499999999998,-0.002500000000000391,-2.769999999999996,-0.9224999999999959,2.107499999999998,-0.26124999999999865,2.0387500000000074,0.8687499999999986,1.796249999999997,0.9024999999999999,0.25,-0.6599999999999993,1.5199999999999996,-0.05500000000000149,-3.49,-8.618749999999999,-4.181249999999999,-2.021250000000001,-4.791249999999991,-3.50375,0.053749999999999076,-1.167500000000004,-0.16000000000000014,0.28125,6.641249999999985,1.7274999999999991,-1.2249999999999996,-4.795000000000002,-1.7737500000000015,5.827499999999997,-2.42375,-0.15499999999999936,-2.8774999999999977,-0.43374999999999986,-7.1100000000000065,-1.5362500000000026,0.2049999999999983,0.22999999999999687,0.5737499999999986,0.9675000000000011,-0.7787500000000023,0.8299999999999983,0.25,0.19374999999999964,-2.705,-2.2137500000000045,-1.625,-0.7912499999999962,-3.293750000000003,-1.4275000000000055,-0.8900000000000006,-1.4974999999999996,-3.8712500000000034,-2.5737500000000004,2.76375,0.5150000000000006,3.226249999999993,1.8375000000000021,0.8199999999999985,5.29875,-1.2824999999999989,0.7912500000000051,-0.8900000000000023,-1.8899999999999988
2022-06-30,-2.1724999999999994,-9.648750000000003,-3.157499999999999,-0.20250000000000057,-4.269999999999996,-1.6224999999999952,4.007499999999997,0.1387500000000017,-0.6612499999999955,0.3687499999999986,1.6962499999999956,1.1024999999999991,0.6500000000000004,-0.7599999999999998,1.2199999999999989,-0.05500000000000149,-4.09,-8.518749999999997,-4.081250000000001,-2.021250000000001,-6.991249999999994,-3.7037499999999994,0.053749999999999076,-1.8674999999999997,-0.16000000000000014,0.28125,4.141249999999985,1.5274999999999999,-1.2249999999999996,-5.495000000000001,-1.8737500000000011,6.127499999999994,-1.5237499999999997,-0.054999999999999716,-3.077499999999997,-0.3337500000000002,-7.710000000000004,-1.6362500000000022,0.2049999999999983,0.8299999999999983,0.6737499999999983,1.0675000000000008,0.6212500000000034,1.2300000000000004,0.34999999999999964,-0.40625,-3.004999999999999,-0.813750000000006,-1.625,-0.4912499999999955,-5.09375,-1.7275000000000063,-0.6900000000000004,-1.4974999999999996,-3.771250000000002,-2.7737500000000015,1.26375,0.4150000000000009,2.0262499999999974,1.3375000000000021,0.7199999999999989,4.198750000000002,-1.0824999999999987,0.6912500000000037,-0.690000000000003,-1.8899999999999988
2022-09-30,-1.4725000000000001,-9.348750000000003,-2.4574999999999996,-0.20250000000000057,-4.869999999999997,-1.6224999999999952,5.307499999999997,0.6387500000000017,-2.061249999999994,0.3687499999999986,1.5962499999999977,1.1024999999999991,1.25,-0.7599999999999998,1.4199999999999982,-0.05500000000000149,-4.59,-8.318750000000001,-3.9812499999999993,-2.1212500000000007,-8.291249999999991,-3.9037499999999987,0.25374999999999925,-1.5675000000000026,0.14000000000000057,0.28125,5.241249999999987,1.7274999999999991,-1.2249999999999996,-5.195,-1.7737500000000015,6.0275,0.37625000000000064,-0.15499999999999936,-2.8774999999999977,-0.3337500000000002,-8.210000000000004,-1.6362500000000022,0.10499999999999865,1.1299999999999955,0.6737499999999983,1.0675000000000008,2.6212500000000034,1.7300000000000004,0.4500000000000002,-1.0062499999999996,-3.1050000000000004,0.7862499999999955,-1.4250000000000007,-0.29124999999999623,-7.393749999999997,-2.2275000000000063,-0.2900000000000009,-1.3975,-4.071249999999999,-2.7737500000000015,-0.9362500000000011,0.6150000000000002,2.926249999999996,2.0375000000000014,0.6199999999999992,3.79875,-0.8824999999999985,0.39124999999999943,-0.5900000000000034,-1.6899999999999986
2022-12-31,-0.8724999999999987,-10.148750000000003,-2.057500000000001,-0.20250000000000057,-6.169999999999995,-1.6224999999999952,6.307499999999997,0.9387500000000006,-1.9612499999999926,0.7687500000000007,1.296249999999997,1.1024999999999991,1.4499999999999993,-0.8599999999999994,1.5199999999999996,-0.05500000000000149,-4.6899999999999995,-5.918750000000003,-2.9812499999999993,-2.021250000000001,-10.491249999999994,-4.10375,0.45374999999999943,-0.46750000000000114,0.8399999999999999,0.18125000000000036,5.041249999999991,1.5274999999999999,-1.3249999999999993,-5.995000000000001,-1.9737500000000008,7.627499999999994,1.1762499999999996,-0.15499999999999936,-2.777499999999998,-0.23374999999999968,-7.910000000000004,-1.4362500000000011,0.10499999999999865,1.2299999999999969,0.7737499999999979,1.0675000000000008,4.321249999999999,2.2300000000000004,0.5499999999999998,-1.0062499999999996,-3.1050000000000004,-0.5137500000000088,-1.9250000000000007,0.3087500000000052,-7.693750000000001,-1.9275000000000055,-0.39000000000000057,-1.2974999999999994,-6.071249999999999,-2.873750000000001,-0.9362500000000011,0.7149999999999999,6.826249999999995,3.2375000000000007,0.6199999999999992,-1.3012499999999996,-0.7824999999999989,0.1912500000000037,-0.49000000000000377,-1.4899999999999984
2023-03-31,-0.47250000000000014,-10.248750000000005,-1.7575000000000003,-0.20250000000000057,-7.769999999999996,-1.8224999999999945,6.507499999999997,1.2387500000000014,-0.8612499999999912,1.1687499999999993,1.5962499999999977,1.7025000000000006,1.5500000000000007,-0.96,0.5199999999999996,-0.2550000000000008,-4.1899999999999995,-4.918750000000003,-2.4812499999999993,-2.021250000000001,-11.091249999999995,-4.10375,0.6537499999999996,0.6325000000000003,1.4400000000000013,0.08125000000000071,4.9412499999999895,1.2274999999999991,-1.3249999999999993,-6.795000000000002,-2.173750000000002,8.827499999999997,2.07625,-0.25499999999999945,-2.4774999999999974,-0.23374999999999968,-8.810000000000006,-1.5362500000000026,0.2049999999999983,0.529999999999994,0.6737499999999983,0.8675000000000015,6.121250000000003,2.7300000000000004,0.6500000000000004,-0.90625,-3.8049999999999997,-2.513750000000009,-3.325000000000003,0.7087500000000038,-6.793750000000003,-1.2275000000000063,-0.2900000000000009,-1.0975000000000001,-7.271250000000002,-2.673750000000002,-0.13625000000000043,0.8149999999999995,0.926249999999996,1.1375000000000028,0.6199999999999992,-2.8012499999999996,-0.6824999999999992,-0.10875000000000057,-0.49000000000000377,-1.2899999999999991
2023-06-30,-0.07249999999999979,-9.748750000000005,-1.2575000000000003,-0.20250000000000057,-7.869999999999997,-1.9224999999999959,6.507499999999997,1.4387500000000006,1.438750000000006,1.7687500000000007,1.6962499999999956,1.7025000000000006,1.6500000000000004,-1.0599999999999996,-0.08000000000000185,-0.45500000000000007,-4.390000000000001,-3.8187500000000014,-2.5812500000000007,-2.021250000000001,-11.791249999999991,-4.10375,1.05375,1.7325000000000017,1.9400000000000013,-0.11874999999999947,2.041249999999991,0.7274999999999991,-1.3249999999999993,-6.795000000000002,-2.2737500000000015,9.627499999999994,2.6762499999999996,-0.054999999999999716,-2.4774999999999974,-0.13375000000000004,-8.610000000000007,-1.4362500000000011,0.10499999999999865,-0.37000000000000455,0.5737499999999986,0.9675000000000011,6.621250000000003,2.9299999999999997,0.75,-0.5062499999999996,-4.105,-2.513750000000009,-3.7250000000000014,1.8087500000000052,-5.59375,-0.02750000000000341,-0.2900000000000009,-0.9974999999999996,-7.671250000000001,-2.7737500000000015,0.16375000000000028,1.0150000000000006,2.126249999999999,1.6375000000000028,0.9199999999999999,-1.0012499999999989,-0.6824999999999992,-0.5087499999999991,-0.49000000000000377,-1.1899999999999986
2023-09-30,0.32750000000000057,-8.348750000000003,-0.6574999999999989,-0.10250000000000092,-8.369999999999997,-1.9224999999999959,6.007499999999997,1.4387500000000006,3.0387500000000074,2.1687499999999993,1.8962499999999949,1.802500000000002,1.75,-1.0599999999999996,-0.28000000000000114,-0.45500000000000007,-4.49,-0.11874999999999858,-1.78125,-2.021250000000001,-11.791249999999991,-4.203749999999999,1.2537499999999993,2.532499999999999,2.240000000000002,-0.21875,1.341249999999988,0.5274999999999999,-1.2249999999999996,-6.895000000000003,-2.173750000000002,9.827499999999997,2.8762500000000006,0.04500000000000082,-2.077499999999997,-0.13375000000000004,-8.910000000000004,-1.5362500000000026,0.10499999999999865,-0.970000000000006,0.473749999999999,1.0675000000000008,6.821249999999999,3.129999999999999,0.9500000000000002,-0.30625000000000036,-4.305,-2.7137500000000045,-3.825000000000003,3.808750000000005,-3.393749999999997,2.172499999999996,-0.1900000000000004,-0.9974999999999996,-7.571249999999999,-2.5737500000000004,2.063749999999999,1.1150000000000002,2.0262499999999974,1.7375000000000007,1.1199999999999992,6.998749999999999,-0.5824999999999996,-0.8087499999999963,-0.5900000000000034,-0.8899999999999988
2023-12-31,0.5274999999999999,-7.448750000000004,-0.4574999999999996,-0.10250000000000092,-7.869999999999997,-1.6224999999999952,5.107499999999998,1.4387500000000006,4.038750000000007,2.46875,1.5962499999999977,1.7025000000000006,1.9499999999999993,-1.0599999999999996,-0.5800000000000018,-0.5550000000000015,-4.1899999999999995,2.6812499999999986,-0.5812500000000007,-1.9212500000000006,-10.991249999999994,-4.00375,1.353749999999999,2.832499999999996,2.4400000000000013,-0.21875,0.34124999999998806,0.42749999999999844,-1.2249999999999996,-5.995000000000001,-2.0737500000000004,10.627499999999994,2.1762499999999996,0.14500000000000046,-1.8774999999999977,-0.13375000000000004,-8.410000000000004,-1.4362500000000011,0.10499999999999865,-1.2700000000000031,0.5737499999999986,1.1675000000000004,6.121250000000003,2.9299999999999997,1.0499999999999998,-0.006249999999999645,-4.404999999999999,-1.6137500000000102,-3.825000000000003,4.708750000000004,-3.1937500000000014,2.672499999999996,-0.39000000000000057,-0.9974999999999996,-8.07125,-2.7737500000000015,4.563749999999999,1.2149999999999999,1.2262499999999932,1.5375000000000014,1.3199999999999985,14.898750000000001,-0.5824999999999996,-1.2087499999999949,-0.690000000000003,-0.7899999999999991
2024-03-31,0.6275000000000013,-6.248750000000001,-0.15749999999999886,-0.002500000000000391,-8.07,-1.4224999999999959,4.807499999999997,1.4387500000000006,4.8387500000000045,2.3687499999999986,2.0962499999999977,2.2025000000000006,2.4499999999999993,-1.1599999999999993,0.019999999999999574,-0.5550000000000015,-3.99,4.181249999999999,-0.4812499999999993,-2.021250000000001,-10.291249999999991,-4.00375,1.353749999999999,4.6325,2.84,-0.31874999999999964,0.24124999999998664,0.42749999999999844,-1.2249999999999996,-4.295000000000002,-1.7737500000000015,10.727499999999996,2.07625,0.245000000000001,-1.6774999999999984,-0.23374999999999968,-8.810000000000006,-1.6362500000000022,0.2049999999999983,-1.0700000000000038,0.6737499999999983,1.1675000000000004,5.221249999999998,2.8299999999999983,1.1500000000000004,0.09375,-4.404999999999999,-3.4137500000000074,-4.325000000000003,5.108750000000002,-2.59375,3.172499999999996,-0.39000000000000057,-1.0975000000000001,-8.871250000000003,-2.973750000000001,5.86375,1.3149999999999995,4.826249999999995,2.7375000000000007,1.5199999999999996,16.098750000000003,-0.6824999999999992,-1.2087499999999949,-0.690000000000003,-0.48999999999999844
2024-06-30,0.8275000000000006,-5.348750000000003,0.14250000000000185,-0.002500000000000391,-7.969999999999999,-1.4224999999999959,5.207499999999996,1.4387500000000006,5.8387500000000045,2.5687500000000014,2.4962499999999963,2.2025000000000006,2.3499999999999996,-1.1599999999999993,0.41999999999999815,-0.5550000000000015,-4.1899999999999995,3.3812500000000014,-1.1812499999999986,-2.1212500000000007,-10.391249999999992,-4.10375,1.2537499999999993,5.532499999999999,3.1400000000000006,-0.31874999999999964,1.841249999999988,0.6274999999999977,-1.2249999999999996,-3.995000000000001,-1.7737500000000015,9.127499999999994,1.9762500000000003,0.34500000000000064,-1.577499999999997,-0.23374999999999968,-8.610000000000007,-1.6362500000000022,0.10499999999999865,-0.6700000000000053,0.5737499999999986,1.1675000000000004,4.221249999999998,2.629999999999999,1.3499999999999996,-0.006249999999999645,-4.504999999999999,-3.513750000000009,-4.425000000000001,5.208750000000004,-2.6937500000000014,3.172499999999996,-0.39000000000000057,-1.1974999999999998,-8.271250000000002,-3.0737500000000004,5.86375,1.2149999999999999,3.426249999999996,2.337500000000002,1.42,19.098750000000003,-0.6824999999999992,-1.4087499999999977,-0.7900000000000027,-0.48999999999999844
2024-09-30,0.7274999999999991,-5.148750000000007,0.042500000000000426,0.09749999999999925,-9.07,-1.7224999999999966,5.207499999999996,1.2387500000000014,7.438750000000006,2.8687499999999986,2.296249999999997,2.302500000000002,2.25,-1.1599999999999993,0.9199999999999982,-0.5550000000000015,-4.1899999999999995,0.28125,-1.78125,-2.2212500000000004,-10.391249999999992,-4.203749999999999,1.1537499999999996,4.532499999999999,2.84,-0.4187499999999993,2.041249999999991,0.5274999999999999,-1.2249999999999996,-3.6950000000000003,-1.6737500000000018,8.827499999999997,1.4762500000000003,0.14500000000000046,-1.4774999999999974,-0.3337500000000002,-9.010000000000005,-1.8362500000000015,0.10499999999999865,-0.7700000000000031,0.473749999999999,1.2675000000000018,3.2212499999999977,2.4299999999999997,1.5499999999999998,-0.2062500000000007,-4.305,-5.11375000000001,-4.625,5.208750000000004,-2.793750000000003,3.0724999999999945,-0.4900000000000011,-1.3975,-9.17125,-3.373750000000001,7.763749999999998,1.1150000000000002,2.226249999999993,2.2375000000000007,1.3199999999999985,16.098750000000003,-0.6824999999999992,-1.5087499999999991,-0.7900000000000027,-0.3899999999999988
2024-12-31,0.7274999999999991,-3.748750000000001,0.24249999999999972,0.09749999999999925,-9.469999999999999,-1.7224999999999966,6.907499999999999,1.0387500000000003,8.038750000000007,2.7687500000000007,2.0962499999999977,2.2025000000000006,2.0500000000000007,-1.1599999999999993,1.4199999999999982,-0.5550000000000015,-4.1899999999999995,-2.8187500000000014,-2.4812499999999993,-2.321250000000001,-11.891249999999992,-4.60375,0.9537499999999985,3.832499999999996,2.34,-0.31874999999999964,2.641249999999985,0.6274999999999977,-1.3249999999999993,-3.495000000000001,-1.6737500000000018,8.0275,1.1762499999999996,0.14500000000000046,-1.277499999999998,-0.3337500000000002,-8.610000000000007,-1.9362500000000011,0.10499999999999865,-0.17000000000000526,0.6737499999999983,1.1675000000000004,2.321249999999999,2.129999999999999,1.6500000000000004,-0.006249999999999645,-4.404999999999999,-6.813750000000006,-5.025000000000002,5.308750000000005,-2.4937499999999986,3.2724999999999937,-0.4900000000000011,-1.4974999999999996,-9.971249999999998,-3.7737500000000015,10.963750000000001,0.7149999999999999,-0.573750000000004,1.1375000000000028,1.3199999999999985,13.79875,-0.7824999999999989,-1.9087499999999977,-0.9900000000000038,-0.48999999999999844
2025-03-31,0.6275000000000013,-3.148750000000007,0.14250000000000185,0.09749999999999925,-10.269999999999996,-2.0224999999999937,8.407499999999999,0.838750000000001,8.438750000000006,2.8687499999999986,1.9962499999999963,2.602499999999999,1.75,-1.1599999999999993,2.120000000000001,-0.45500000000000007,-4.59,-5.618749999999999,-3.4812499999999993,-2.321250000000001,-12.491249999999994,-4.903749999999999,0.7537499999999993,3.032499999999999,1.8399999999999999,-0.31874999999999964,3.541249999999991,0.7274999999999991,-1.3249999999999993,-5.795000000000002,-2.373750000000001,8.427499999999998,0.4762500000000003,0.14500000000000046,-1.1774999999999984,-0.43374999999999986,-8.310000000000006,-1.9362500000000011,0.10499999999999865,-0.5700000000000038,0.5737499999999986,1.0675000000000008,1.8212499999999991,2.030000000000001,1.5499999999999998,0.09375,-4.404999999999999,-6.61375000000001,-5.125,5.0087500000000045,-3.393749999999997,2.672499999999996,-0.5900000000000007,-1.5975000000000001,-10.07125,-3.973750000000001,10.36375,0.4150000000000009,-3.4737500000000026,-0.2624999999999993,1.1199999999999992,13.79875,-0.8824999999999985,-2.1087500000000006,-1.190000000000003,-0.3899999999999988
2025-06-30,0.22750000000000092,-2.3487500000000026,-0.057500000000000995,0.09749999999999925,-10.169999999999995,-2.0224999999999937,9.007499999999997,0.838750000000001,8.138750000000009,2.6687499999999993,1.5962499999999977,2.602499999999999,1.6500000000000004,-1.1599999999999993,2.5199999999999996,-0.45500000000000007,-4.59,-6.418750000000003,-3.78125,-2.4212500000000006,-12.691249999999997,-5.00375,0.5537499999999991,1.0324999999999989,1.240000000000002,-0.31874999999999964,3.7412499999999866,0.8275000000000006,-1.424999999999999,-6.095000000000002,-2.5737500000000004,8.327499999999997,0.276250000000001,0.14500000000000046,-1.077499999999997,-0.43374999999999986,-8.210000000000004,-1.9362500000000011,0.10499999999999865,-0.6700000000000053,0.5737499999999986,1.0675000000000008,1.1212500000000034,1.7300000000000004,1.4500000000000002,0.19374999999999964,-4.404999999999999,-7.61375000000001,-5.525000000000002,5.208750000000004,-3.393749999999997,2.7724999999999937,-0.5900000000000007,-1.6974999999999998,-11.07125,-4.2737500000000015,11.063749999999999,0.3149999999999995,-2.073750000000004,-0.0625,0.5199999999999996,16.598750000000003,-0.8824999999999985,-2.4087499999999977,-1.190000000000003,-0.48999999999999844
2025-09-30,-0.07249999999999979,-2.0487500000000054,-0.35749999999999815,0.09749999999999925,-10.869999999999997,-2.3224999999999945,9.007499999999997,0.838750000000001,8.238750000000003,2.8687499999999986,1.6962499999999956,2.5025000000000013,1.3499999999999996,-1.1599999999999993,2.5199999999999996,-0.45500000000000007,-4.59,-6.118749999999999,-3.6812499999999986,-2.4212500000000006,-13.491249999999994,-5.303749999999999,0.3537499999999989,1.1325000000000003,1.0399999999999991,-0.31874999999999964,4.041249999999991,0.9274999999999984,-1.424999999999999,-5.495000000000001,-2.373750000000001,7.427499999999998,-0.023749999999999716,0.14500000000000046,-1.1774999999999984,-0.43374999999999986,-8.510000000000005,-2.0362500000000026,0.10499999999999865,-0.17000000000000526,0.7737499999999979,0.9675000000000011,0.7212499999999977,1.5300000000000011,1.3499999999999996,0.19374999999999964,-4.404999999999999,-7.313750000000006,-5.425000000000001,5.0087500000000045,-3.6937500000000014,2.4724999999999966,-0.5900000000000007,-1.7974999999999994,-11.871250000000003,-4.473750000000001,9.16375,0.11500000000000021,-1.6737500000000054,-0.0625,0.7199999999999989,13.898750000000001,-0.7824999999999989,-2.6087500000000006,-1.2900000000000027,-0.48999999999999844
2025-12-31,-0.17249999999999943,-1.6487500000000068,-0.35749999999999815,0.09749999999999925,-11.57,-2.5224999999999937,10.107499999999998,0.838750000000001,8.238750000000003,2.96875,1.6962499999999956,2.5025000000000013,1.1500000000000004,-1.1599999999999993,2.2200000000000024,-0.5550000000000015,-4.6899999999999995,-4.21875,-3.0812500000000007,-2.521250000000001,-13.391249999999992,-5.303749999999999,0.25374999999999925,0.2325000000000017,0.740000000000002,-0.31874999999999964,4.841249999999988,1.0274999999999999,-1.424999999999999,-4.595000000000002,-2.2737500000000015,6.927499999999998,-0.223749999999999,0.245000000000001,-0.6774999999999984,-0.43374999999999986,-8.410000000000004,-2.0362500000000026,0.2049999999999983,0.4299999999999926,0.973749999999999,0.7675000000000018,0.32124999999999915,1.3299999999999983,1.1500000000000004,0.19374999999999964,-4.305,-7.7137500000000045,-5.525000000000002,4.908750000000003,-3.59375,2.4724999999999966,-0.7900000000000009,-1.7974999999999994,-12.67125,-4.673750000000002,8.16375,0.015000000000000568,-1.3737500000000011,-0.16249999999999787,-0.28000000000000114,12.09875,-0.7824999999999989,-3.008749999999999,-1.2900000000000027,-0.5899999999999981
2026-03-31,0.027499999999999858,-1.2487500000000011,-0.15749999999999886,0.1974999999999989,-11.869999999999997,-2.5224999999999937,10.607499999999998,0.838750000000001,8.238750000000003,2.96875,1.9962499999999963,2.802500000000002,1.25,-1.1599999999999993,2.120000000000001,-0.5550000000000015,-4.6899999999999995,-5.118749999999999,-3.6812499999999986,-2.521250000000001,-13.591249999999995,-5.50375,0.1537499999999996,-0.9675000000000011,0.4400000000000013,-0.31874999999999964,5.041249999999991,1.1274999999999977,-1.424999999999999,-5.495000000000001,-2.473750000000001,7.627499999999994,-0.5237499999999997,0.04500000000000082,-0.3774999999999977,-0.43374999999999986,-8.510000000000005,-2.0362500000000026,0.2049999999999983,0.6299999999999955,1.0737499999999986,0.46750000000000114,-0.6787500000000009,0.7300000000000004,1.0499999999999998,0.19374999999999964,-4.205,-8.11375000000001,-5.625,5.108750000000002,-3.393749999999997,2.672499999999996,-0.7900000000000009,-1.7974999999999994,-12.971249999999998,-4.673750000000002,7.763749999999998,0.015000000000000568,0.6262499999999989,0.33750000000000213,-0.4800000000000004,10.898750000000001,-0.7824999999999989,-3.008749999999999,-1.3900000000000023,-0.5899999999999981
