date,AR,AT,AU,BE,BR,CA,CH,CL,CN,CO,CZ,DE,DK,ES,FI,FR,GB,GR,HK,HR,HU,ID,IE,IL,IN,IS,IT,JP,KR,KW,LU,MA,MK,MX,MY,NL,NO,NZ,PE,PH,PL,PT,RO,RS,RU,SA,SE,SG,TH,TR,US,XM,ZA
1945-01-31,,,,1.5,,,,,,,,,,3.2,,1.625,,,,,,,,,,,4.0,,,,,,,,,3.5,,,,,,2.5,,,,,,,,,,,
1945-02-28,,,,1.5,,,,,,,,,,3.2,,1.625,,,,,,,,,,,4.0,,,,,,,,,3.5,,,,,,2.5,,,,,,,,,,,
1945-03-31,,,,1.5,,,,,,,,,,3.2,,1.625,,,,,,,,,,,4.0,,,,,,,,,3.5,,,,,,2.5,,,,,,,,,,,
1945-04-30,,3.5,,1.5,,,,,,,,,,3.2,,1.625,,,,,,,,,,,4.0,,,,,,,,,3.5,,,,,,2.5,,,,,,,,,,,
1945-05-31,,3.5,,1.5,,,,,,,,,,3.2,,1.625,,,,,,,,,,,4.0,,,,,,,,,3.5,,,,,,2.5,,,,,,,,,,,
1945-06-30,,3.5,,1.5,,,,,,,,,,3.2,,1.625,,,,,,,,,,,4.0,,,,,,,,,3.5,,,,,,2.5,,,,,,,,,,,
1945-07-31,,3.5,,1.5,,,,,,,,,,3.2,,1.625,,,,,,,,,,,4.0,,,,,,,,,3.5,,,,,,2.5,,,,,,,,,,,
1945-08-31,,3.5,,1.5,,,,,,,,,,3.2,,1.625,,,,,,,,,,,4.0,,,,,,,,,3.5,,,,,,2.5,,,,,,,,,,,
1945-09-30,,3.5,,1.5,,,,,,,,,,3.2,,1.625,,,,,,,,,,,4.0,,,,,,,,,3.5,,,,,,2.5,,,,,,,,,,,
1945-10-31,,3.5,,1.5,,,,,,,,,,3.2,,1.625,,,,,,,,,,,4.0,,,,,,,,,3.5,,,,,,2.5,,,,,,,,,,,
1945-11-30,,3.5,,1.5,,,,,,,,,,3.2,,1.625,,,,,,,,,,,4.0,,,,,,,,,3.5,,,,,,2.5,,,,,,,,,,,
1945-12-31,,3.5,,1.5,,,,,,,,,,3.2,,1.625,,,,,,,,,,,4.0,,,,,,,,,3.5,,,,,,2.5,,,,,,,,,,,
1946-01-31,,3.5,,1.5,,,1.5,,,,,,3.5,3.2,,1.625,2.0,,,,,,,,3.0,,4.0,3.29,,,,,,,,3.5,,,,,,2.5,,,,,2.5,,,,,,
1946-02-28,,3.5,,1.5,,,1.5,,,,,,3.5,3.2,,1.625,2.0,,,,,,,,3.0,,4.0,3.29,,,,,,,,3.5,,,,,,2.5,,,,,2.5,,,,,,
1946-03-31,,3.5,,1.5,,,1.5,,,,,,3.5,3.2,,1.625,2.0,,,,,,,,3.0,,4.0,3.29,,,,,,,,3.5,,,,,,2.5,,,,,2.5,,,,,,
1946-04-30,,3.5,,1.5,,,1.5,,,,,,3.5,3.2,,1.625,2.0,,,,,,,,3.0,,4.0,3.29,,,,,,,,3.5,,,,,,2.5,,,,,2.5,,,,,,
1946-05-31,,3.5,,1.5,,,1.5,,,,,,3.5,3.2,,1.625,2.0,,,,,,,,3.0,,4.0,3.29,,,,,,,,3.5,,,,,,2.5,,,,,2.5,,,,,,
1946-06-30,,3.5,,1.5,,,1.5,,,,,,3.5,3.2,,1.625,2.0,,,,,,,,3.0,,4.0,3.29,,,,,,,,3.5,,,,,,2.5,,,,,2.5,,,,,,
1946-07-31,,3.5,,1.5,,,1.5,,,,,,3.5,3.2,,1.625,2.0,,,,,,,,3.0,,4.0,3.29,,,,,,,,3.5,,,,,,2.5,,,,,2.5,,,,,,
1946-08-31,,3.5,,1.5,,,1.5,,,,,,3.5,3.2,,1.625,2.0,,,,,,,,3.0,,4.0,3.29,,,,,,,,3.5,,,,,,2.5,,,,,2.5,,,,,,
1946-09-30,,3.5,,1.5,,,1.5,,,,,,3.5,3.2,,1.625,2.0,,,,,,,,3.0,,4.0,3.29,,,,,,,,3.5,,,,,,2.5,,,,,2.5,,,,,,
1946-10-31,,3.5,,1.5,,,1.5,,,,,,3.5,3.2,,1.625,2.0,,,,,,,,3.0,,4.0,3.65,,,,,,,,3.5,,,,,,2.5,,,,,2.5,,,,,,
1946-11-30,,3.5,,2.5,,,1.5,,,,,,3.5,3.2,,1.625,2.0,,,,,,,,3.0,,4.0,3.65,,,,,,,,3.5,,,,,,2.5,,,,,2.5,,,,,,
1946-12-31,,3.5,,3.0,,,1.5,,,,,,3.5,3.2,,1.625,2.0,,,,,,,,3.0,,4.0,3.65,,,,,,,,3.5,,,,,,2.5,,,,,2.5,,,,,,
1947-01-31,,3.5,,3.0,,,1.5,,,,,,3.5,3.2,,2.25,2.0,,,,,,,,3.0,,4.0,3.65,,,,,,,,3.5,,,,,,2.5,,,,,2.5,,,,,,
1947-02-28,,3.5,,3.0,,,1.5,,,,,,3.5,3.2,,2.25,2.0,,,,,,,,3.0,,4.0,3.65,,,,,,,,3.5,,,,,,2.5,,,,,2.5,,,,,,
1947-03-31,,3.5,,3.0,,,1.5,,,,,,3.5,3.2,,2.25,2.0,,,,,,,,3.0,,4.0,3.65,,,,,,,,3.5,,,,,,2.5,,,,,2.5,,,,,,
1947-04-30,,3.5,,3.0,,,1.5,,,,,,3.5,3.2,,2.25,2.0,,,,,,,,3.0,,4.0,3.65,,,,,,,,3.5,,,,,,2.5,,,,,2.5,,,,,,
1947-05-31,,3.5,,3.0,,,1.5,,,,,,3.5,3.2,,2.25,2.0,,,,,,,,3.0,,4.0,3.65,,,,,,,,3.5,,,,,,2.5,,,,,2.5,,,,,,
1947-06-30,,3.5,,3.0,,,1.5,,,,,,3.5,3.2,,2.25,2.0,,,,,,,,3.0,,4.0,3.65,,,,,,,,3.5,,,,,,2.5,,,,,2.5,,,,,,
1947-07-31,,3.5,,3.0,,,1.5,,,,,,3.5,3.2,,2.25,2.0,,,,,,,,3.0,,4.0,3.65,,,,,,,,3.5,,,,,,2.5,,,,,2.5,,,,,,
1947-08-31,,3.5,,3.5,,,1.5,,,,,,3.5,3.2,,2.25,2.0,,,,,,,,3.0,,4.0,3.65,,,,,,,,3.5,,,,,,2.5,,,,,2.5,,,,,,
1947-09-30,,3.5,,3.5,,,1.5,,,,,,3.5,3.2,,2.25,2.0,,,,,,,,3.0,,5.5,3.65,,,,,,,,3.5,,,,,,2.5,,,,,2.5,,,,,,
1947-10-31,,3.5,,3.5,,,1.5,,,,,,3.5,3.6,,3.0,2.0,,,,,,,,3.0,,5.5,3.65,,,,,,,,3.5,,,,,,2.5,,,,,2.5,,,,,,
1947-11-30,,3.5,,3.5,,,1.5,,,,,,3.5,3.6,,3.0,2.0,,,,,,,,3.0,,5.5,3.65,,,,,,,,3.5,,,,,,2.5,,,,,2.5,,,,,,
1947-12-31,,3.5,,3.5,,,1.5,,,,,,3.5,3.6,,3.0,2.0,,,,,,,,3.0,,5.5,3.65,,,,,,,,3.5,,,,,,2.5,,,,,2.5,,,,,,
1948-01-31,,3.5,,3.5,,,1.5,,,,,,3.5,3.6,,3.0,2.0,,,,,,,,3.0,,5.5,3.65,,,,,,,,3.5,,,,,,2.5,,,,,2.5,,,,,,
1948-02-29,,3.5,,3.5,,,1.5,,,,,,3.5,3.6,,3.0,2.0,,,,,,,,3.0,,5.5,3.65,,,,,,,,3.5,,,,,,2.5,,,,,2.5,,,,,,
1948-03-31,,3.5,,3.5,,,1.5,,,,,,3.5,3.6,,3.0,2.0,,,,,,,,3.0,,5.5,3.65,,,,,,,,3.5,,,,,,2.5,,,,,2.5,,,,,,
1948-04-30,,3.5,,3.5,,,1.5,,,,,,3.5,3.6,,3.0,2.0,,,,,,,,3.0,,5.5,4.38,,,,,,,,3.5,,,,,,2.5,,,,,2.5,,,,,,
1948-05-31,,3.5,,3.5,,,1.5,,,,,,3.5,3.6,,3.0,2.0,,,,,,,,3.0,,5.5,4.38,,,,,,,,3.5,,,,,,2.5,,,,,2.5,,,,,,
1948-06-30,,3.5,,3.5,,,1.5,,,,,,3.5,3.6,,3.0,2.0,,,,,,,,3.0,,5.5,4.38,,,,,,,,3.5,,,,,,2.5,,,,,2.5,,,,,,
1948-07-31,,3.5,,3.5,,,1.5,,,,,5.0,3.5,3.6,,3.0,2.0,,,,,,,,3.0,,5.5,5.11,,,,,,,,3.5,,,,,,2.5,,,,,2.5,,,,,,
1948-08-31,,3.5,,3.5,,,1.5,,,,,5.0,3.5,3.6,,3.0,2.0,,,,,,,,3.0,,5.5,5.11,,,,,,,,3.5,,,,,,2.5,,,,,2.5,,,,,,
1948-09-30,,3.5,,3.5,,,1.5,,,,,5.0,3.5,3.6,,3.0,2.0,,,,,,,,3.0,,5.5,5.11,,,,,,,,3.5,,,,,,2.5,,,,,2.5,,,,,,
1948-10-31,,3.5,,3.5,,,1.5,,,,,5.0,3.5,3.6,,3.0,2.0,,,,,,,,3.0,,5.5,5.11,,,,,,,,3.5,,,,,,2.5,,,,,2.5,,,,,,
1948-11-30,,3.5,,3.5,,,1.5,,,,,5.0,3.5,3.6,,3.0,2.0,,,,,,,,3.0,,5.5,5.11,,,,,,,,3.5,,,,,,2.5,,,,,2.5,,,,,,
1948-12-31,,3.5,,3.5,,,1.5,,,,,5.0,3.5,3.6,,3.0,2.0,,,,,,,,3.0,,5.5,5.11,,,,,,,,3.5,,,,,,2.5,,,,,2.5,,,,,,
1949-01-31,,3.5,,3.5,,,1.5,,,,,5.0,3.5,3.6,,3.0,2.0,,,,,,,,3.0,,5.5,5.11,,,,,,,,3.5,,,,,,2.5,,,,,2.5,,,,,,
1949-02-28,,3.5,,3.5,,,1.5,,,,,5.0,3.5,3.6,,3.0,2.0,,,,,,,,3.0,,5.5,5.11,,,,,,,,3.5,,,,,,2.5,,,,,2.5,,,,,,
1949-03-31,,3.5,,3.5,,,1.5,,,,,5.0,3.5,3.2,,3.0,2.0,,,,,,,,3.0,,5.5,5.11,,,,,,,,3.5,,,,,,2.5,,,,,2.5,,,,,,
1949-04-30,,3.5,,3.5,,,1.5,,,,,5.0,3.5,3.2,,3.0,2.0,,,,,,,,3.0,,4.5,5.11,,,,,,,,3.5,,,,,,2.5,,,,,2.5,,,,,,
1949-05-31,,3.5,,3.5,,,1.5,,,,,4.5,3.5,3.2,,3.0,2.0,,,,,,,,3.0,,4.5,5.11,,,,,,,,3.5,,,,,,2.5,,,,,2.5,,,,,,
1949-06-30,,3.5,,3.5,,,1.5,,,,,4.5,3.5,3.2,,3.0,2.0,,,,,,,,3.0,,4.5,5.11,,,,,,,,3.5,,,,,,2.5,,,,,2.5,,,,,,
1949-07-31,,3.5,,3.5,,,1.5,,,,,4.0,3.5,3.2,,3.0,2.0,,,,,,,,3.0,,4.5,5.11,,,,,,,,3.5,,,,,,2.5,,,,,2.5,,,,,,
1949-08-31,,3.5,,3.5,,,1.5,,,,,4.0,3.5,3.2,,3.0,2.0,,,,,,,,3.0,,4.5,5.11,,,,,,,,3.5,,,,,,2.5,,,,,2.5,,,,,,
1949-09-30,,3.5,,3.5,,,1.5,,,,,4.0,3.5,3.2,,3.0,2.0,,,,,,,,3.0,,4.5,5.11,,,,,,,,3.5,,,,,,2.5,,,,,2.5,,,,,,
1949-10-31,,3.5,,3.25,,,1.5,,,,,4.0,3.5,3.2,,3.0,2.0,,,,,,,,3.0,,4.5,5.11,,,,,,,,3.5,,,,,,2.5,,,,,2.5,,,,,,
1949-11-30,,3.5,,3.25,,,1.5,,,,,4.0,3.5,3.2,,3.0,2.0,,,,,,,,3.0,,4.5,5.11,,,,,,,,3.5,,,,,,2.5,,,,,2.5,,,,,,
1949-12-31,,3.5,,3.25,,,1.5,,,,,4.0,3.5,3.2,,3.0,2.0,,,,,,,,3.0,,4.5,5.11,,,,,,,,3.5,,,,,,2.5,,,,,2.5,,,,,,
1950-01-31,,3.5,,3.25,,,1.5,,,,,4.0,3.5,3.2,,3.0,2.0,,,,,,,,3.0,,4.5,5.11,,,,,,,,3.5,,,,,,2.5,,,,,2.5,,,,,,
1950-02-28,,3.5,,3.25,,,1.5,,,,,4.0,3.5,3.2,,3.0,2.0,,,,,,,,3.0,,4.5,5.11,,,,,,,,3.5,,,,,,2.5,,,,,2.5,,,,,,
1950-03-31,,3.5,,3.25,,,1.5,,,,,4.0,3.5,3.2,,3.0,2.0,,,,,,,,3.0,,4.5,5.11,,,,,,,,3.5,,,,,,2.5,,,,,2.5,,,,,,
1950-04-30,,3.5,,3.25,,,1.5,,,,,4.0,3.5,3.2,,3.0,2.0,,,,,,,,3.0,,4.0,5.11,,,,,,,,3.5,,,,,,2.5,,,,,2.5,,,,,,
1950-05-31,,3.5,,3.25,,,1.5,,,,,4.0,3.5,3.2,,3.0,2.0,,,,,,,,3.0,,4.0,5.11,,,,,,,,3.5,,,,,,2.5,,,,,2.5,,,,,,
1950-06-30,,3.5,,3.25,,,1.5,,,,,4.0,3.5,3.2,,2.5,2.0,,,,,,,,3.0,,4.0,5.11,,,,,,,,3.5,,,,,,2.5,,,,,2.5,,,,,,
1950-07-31,,3.5,,3.25,,,1.5,,,,,4.0,4.5,3.2,,2.5,2.0,,,,,,,,3.0,,4.0,5.11,,,,,,,,3.5,,,,,,2.5,,,,,2.5,,,,,,
1950-08-31,,3.5,,3.25,,,1.5,,,,,4.0,4.5,3.2,,2.5,2.0,,,,,,,,3.0,,4.0,5.11,,,,,,,,3.5,,,,,,2.5,,,,,2.5,,,,,,
1950-09-30,,3.5,,3.75,,,1.5,,,,,4.0,4.5,3.2,,2.5,2.0,,,,,,,,3.0,,4.0,5.11,,,,,,,,3.5,,,,,,2.5,,,,,2.5,,,,,,
1950-10-31,,3.5,,3.75,,,1.5,,,,,6.0,4.5,3.2,,2.5,2.0,,,,,,,,3.0,,4.0,5.11,,,,,,,,3.5,,,,,,2.5,,,,,2.5,,,,,,
1950-11-30,,3.5,,3.75,,,1.5,,,,,6.0,5.0,3.2,,2.5,2.0,,,,,,,,3.0,,4.0,5.11,,,,,,,,3.5,,,,,,2.5,,,,,2.5,,,,,,
1950-12-31,,3.5,,3.75,,,1.5,,,,,6.0,5.0,3.2,,2.5,2.0,,,,,,,,3.0,,4.0,5.11,,,,,,,,3.5,,,,,,2.5,,,,,3.0,,,,,,
1951-01-31,,3.5,,3.75,,,1.5,,,,,6.0,5.0,3.2,,2.5,2.0,,,,,,,,3.0,,4.0,5.11,,,,,,,,3.5,,,,,,2.5,,,,,3.0,,,,,,
1951-02-28,,3.5,,3.75,,,1.5,,,,,6.0,5.0,3.2,,2.5,2.0,,,,,,,,3.0,,4.0,5.11,,,,,,,,3.5,,,,,,2.5,,,,,3.0,,,,,,
1951-03-31,,3.5,,3.75,,,1.5,,,,,6.0,5.0,3.2,,2.5,2.0,,,,,,,,3.0,,4.0,5.11,,,,,,,,3.5,,,,,,2.5,,,,,3.0,,,,,,
1951-04-30,,3.5,,3.75,,,1.5,,,,,6.0,5.0,3.2,,2.5,2.0,,,,,,,,3.0,,4.0,5.11,,,,,,,,4.5,,,,,,2.5,,,,,3.0,,,,,,
1951-05-31,,3.5,,3.75,,,1.5,,,,,6.0,5.0,3.2,,2.5,2.0,,,,,,,,3.0,,4.0,5.11,,,,,,,,4.5,,,,,,2.5,,,,,3.0,,,,,,
1951-06-30,,3.5,,3.75,,,1.5,,,,,6.0,5.0,3.2,,2.5,2.0,,,,,,,,3.0,,4.0,5.11,,,,,,,,4.5,,,,,,2.5,,,,,3.0,,,,,,
1951-07-31,,3.5,,3.5,,,1.5,,,,,6.0,5.0,3.2,,2.5,2.0,,,,,,,,3.0,,4.0,5.11,,,,,,,,4.5,,,,,,2.5,,,,,3.0,,,,,,
1951-08-31,,3.5,,3.5,,,1.5,,,,,6.0,5.0,3.2,,2.5,2.0,,,,,,,,3.0,,4.0,5.11,,,,,,,,4.5,,,,,,2.5,,,,,3.0,,,,,,
1951-09-30,,3.5,,3.25,,,1.5,,,,,6.0,5.0,3.2,,2.5,2.0,,,,,,,,3.0,,4.0,5.11,,,,,,,,4.5,,,,,,2.5,,,,,3.0,,,,,,
1951-10-31,,3.5,,3.25,,,1.5,,,,,6.0,5.0,3.2,,3.0,2.0,,,,,,,,3.0,,4.0,5.84,,,,,,,,4.5,,,,,,2.5,,,,,3.0,,,,,,
1951-11-30,,3.5,,3.25,,,1.5,,,,,6.0,5.0,3.2,,4.0,2.5,,,,,,,,3.5,,4.0,5.84,,,,,,,,4.5,,,,,,2.5,,,,,3.0,,,,,,
1951-12-31,,5.0,,3.25,,,1.5,,,,,6.0,5.0,3.2,,4.0,2.5,,,,,,,,3.5,,4.0,5.84,,,,,,,,4.5,,,,,,2.5,,,,,3.0,,,,,,
1952-01-31,,5.0,,3.25,,,1.5,,,,,6.0,5.0,3.2,,4.0,2.5,,,,,,,,3.5,,4.0,5.84,,,,,,,,4.0,,,,,,2.5,,,,,3.0,,,,,,
1952-02-29,,5.0,,3.25,,,1.5,,,,,6.0,5.0,3.2,,4.0,2.5,,,,,,,,3.5,,4.0,5.84,,,,,,,,4.0,,,,,,2.5,,,,,3.0,,,,,,
1952-03-31,,5.0,,3.25,,,1.5,,,,,6.0,5.0,3.2,,4.0,4.0,,,,,,,,3.5,,4.0,5.84,,,,,,,,4.0,,,,,,2.5,,,,,3.0,,,,,,
1952-04-30,,5.0,,3.25,,,1.5,,,,,6.0,5.0,3.2,,4.0,4.0,,,,,,,,3.5,,4.0,5.84,,,,,,,,4.0,,,,,,2.5,,,,,3.0,,,,,,
1952-05-31,,5.0,,3.25,,,1.5,,,,,5.0,5.0,3.2,,4.0,4.0,,,,,,,,3.5,,4.0,5.84,,,,,,,,4.0,,,,,,2.5,,,,,3.0,,,,,,
1952-06-30,,5.0,,3.25,,,1.5,,,,,5.0,5.0,3.2,,4.0,4.0,,,,,,,,3.5,,4.0,5.84,,,,,,,,4.0,,,,,,2.5,,,,,3.0,,,,,,
1952-07-31,,6.0,,3.25,,,1.5,,,,,5.0,5.0,3.2,,4.0,4.0,,,,,,,,3.5,,4.0,5.84,,,,,,,,4.0,,,,,,2.5,,,,,3.0,,,,,,
1952-08-31,,6.0,,3.25,,,1.5,,,,,4.5,5.0,3.2,,4.0,4.0,,,,,,,,3.5,,4.0,5.84,,,,,,,,3.5,,,,,,2.5,,,,,3.0,,,,,,
1952-09-30,,6.0,,3.25,,,1.5,,,,,4.5,5.0,3.2,,4.0,4.0,,,,,,,,3.5,,4.0,5.84,,,,,,,,3.5,,,,,,2.5,,,,,3.0,,,,,,
1952-10-31,,6.0,,3.25,,,1.5,,,,,4.5,5.0,3.2,,4.0,4.0,,,,,,,,3.5,,4.0,5.84,,,,,,,,3.5,,,,,,2.5,,,,,3.0,,,,,,
1952-11-30,,6.0,,3.25,,,1.5,,,,,4.5,5.0,3.2,,4.0,4.0,,,,,,,,3.5,,4.0,5.84,,,,,,,,3.5,,,,,,2.5,,,,,3.0,,,,,,
1952-12-31,,6.0,,3.0,,,1.5,,,,,4.5,5.0,3.2,,4.0,4.0,,,,,,,,3.5,,4.0,5.84,,,,,,,,3.5,,,,,,2.5,,,,,3.0,,,,,,
1953-01-31,,5.5,,3.0,,,1.5,,,,,4.0,5.0,3.2,,4.0,4.0,,,,,,,,3.5,,4.0,5.84,,,,,,,,3.5,,,,,,2.5,,,,,3.0,,,,,,
1953-02-28,,5.5,,3.0,,,1.5,,,,,4.0,5.0,3.2,,4.0,4.0,,,,,,,,3.5,,4.0,5.84,,,,,,,,3.5,,,,,,2.5,,,,,3.0,,,,,,
1953-03-31,,5.0,,3.0,,,1.5,,,,,4.0,5.0,3.2,,4.0,4.0,,,,,,,,3.5,,4.0,5.84,,,,,,,,3.5,,,,,,2.5,,,,,3.0,,,,,,
1953-04-30,,5.0,,3.0,,,1.5,,,,,4.0,5.0,3.2,,4.0,4.0,,,,,,,,3.5,,4.0,5.84,,,,,,,,3.0,,,,,,2.5,,,,,3.0,,,,,,
1953-05-31,,5.0,,3.0,,,1.5,,,,,4.0,5.0,3.2,,4.0,4.0,,,,,,,,3.5,,4.0,5.84,,,,,,,,3.0,,,,,,2.5,,,,,3.0,,,,,,
1953-06-30,,5.0,,3.0,,,1.5,,,,,3.5,5.0,3.2,,4.0,4.0,,,,,,,,3.5,,4.0,5.84,,,,,,,,3.0,,,,,,2.5,,,,,3.0,,,,,,
1953-07-31,,5.0,,3.0,,,1.5,,,,,3.5,5.0,3.2,,4.0,4.0,,,,,,,,3.5,,4.0,5.84,,,,,,,,3.0,,,,,,2.5,,,,,3.0,,,,,,
1953-08-31,,5.0,,3.0,,,1.5,,,,,3.5,5.0,3.2,,4.0,4.0,,,,,,,,3.5,,4.0,5.84,,,,,,,,3.0,,,,,,2.5,,,,,3.0,,,,,,
1953-09-30,,4.0,,3.0,,,1.5,,,,,3.5,4.5,3.2,,4.0,3.5,,,,,,,,3.5,,4.0,5.84,,,,,,,,3.0,,,,,,2.5,,,,,3.0,,,,,,
1953-10-31,,4.0,,2.75,,,1.5,,,,,3.5,4.5,3.2,,4.0,3.5,,,,,,,,3.5,,4.0,5.84,,,,,,,,3.0,,,,,,2.5,,,,,3.0,,,,,,
1953-11-30,,4.0,,2.75,,,1.5,,,,,3.5,4.5,3.2,,4.0,3.5,,,,,,,,3.5,,4.0,5.84,,,,,,,,3.0,,,,,,2.5,,,,,2.75,,,,,,
1953-12-31,,4.0,,2.75,,,1.5,,,,,3.5,4.5,3.2,,4.0,3.5,,,,,,,,3.5,,4.0,5.84,,,,,,,,3.0,,,,,,2.5,,,,,2.75,,,,,,
1954-01-31,,4.0,,2.75,,,1.5,,,,,3.5,4.5,3.2,,4.0,3.5,,,,,,,,3.5,,4.0,5.84,,,,,,,,3.0,,,,,,2.5,,,,,2.75,,,,,,
1954-02-28,,4.0,,2.75,,,1.5,,,,,3.5,4.5,3.2,,3.25,3.5,,,,,,,,3.5,,4.0,5.84,,,,,,,,3.0,,,,,,2.5,,,,,2.75,,,,,,
1954-03-31,,4.0,,2.75,,,1.5,,,,,3.5,4.5,3.2,,3.25,3.5,,,,,,,,3.5,,4.0,5.84,,,,,,,,3.0,,,,,,2.5,,,,,2.75,,,,,,
1954-04-30,,4.0,,2.75,,,1.5,,,,,3.5,4.5,3.2,,3.25,3.5,,,,,,,,3.5,,4.0,5.84,,,,,,,,3.0,,,,,,2.5,,,,,2.75,,,,,,
1954-05-31,,4.0,,2.75,,,1.5,,,,,3.0,4.5,3.2,,3.25,3.0,,,,,,,,3.5,,4.0,5.84,,,,,,,,3.0,,,,,,2.5,,,,,2.75,,,,,,
1954-06-30,,3.5,,2.75,,,1.5,,,,,3.0,5.5,3.2,,3.25,3.0,,,,,,,,3.5,,4.0,5.84,,,,,,,,3.0,,,,,,2.5,,,,,2.75,,,,,,
1954-07-31,,3.5,,2.75,,,1.5,,,,,3.0,5.5,3.0,,3.25,3.0,,,,,,,,3.5,,4.0,5.84,,,,,,,,3.0,,,,,,2.5,,,,,2.75,,,,0.25,,
1954-08-31,,3.5,,2.75,,,1.5,,,,,3.0,5.5,3.0,,3.25,3.0,,,,,,,,3.5,,4.0,5.84,,,,,,,,3.0,,,,,,2.5,,,,,2.75,,,,1.44,,
1954-09-30,,3.5,,2.75,,,1.5,,,,,3.0,5.5,3.0,,3.5,3.0,,,,,,,,3.5,,4.0,5.84,,,,,,,,3.0,,,,,,2.5,,,,,2.75,,,,1.44,,
1954-10-31,,3.5,,2.75,,,1.5,,,,,3.0,5.5,3.0,,3.5,3.0,,,,,,,,3.5,,4.0,5.84,,,,,,,,3.0,,,,,,2.5,,,,,2.75,,,,1.13,,
1954-11-30,,3.5,,2.75,,,1.5,,,,,3.0,5.5,3.0,,3.5,3.0,,,,,,,,3.5,,4.0,5.84,,,,,,,,3.0,,,,,,2.5,,,,,2.75,,,,1.38,,
1954-12-31,,3.5,,2.75,,,1.5,,,,,3.0,5.5,3.0,,3.0,3.0,,,,,,,,3.5,,4.0,5.84,,,,,,,,3.0,,,,,,2.5,,,,,2.75,,,,1.44,,
1955-01-31,,3.5,,2.75,,,1.5,,,,,3.0,5.5,3.0,,3.0,3.5,,,,,,,,3.5,,4.0,5.84,,,,,,,,3.0,,,,,,2.5,,,,,2.75,,,,1.44,,
1955-02-28,,3.5,,2.75,,,1.5,,,,,3.0,5.5,3.0,,3.0,4.5,,,,,,,,3.5,,4.0,5.84,,,,,,,,3.0,,,,,,2.5,,,,,2.75,,,,1.44,,
1955-03-31,,3.5,,2.75,,,1.5,,,,,3.0,5.5,3.0,,3.0,4.5,,,,,,,,3.5,,4.0,5.84,,,,,,,,3.0,,,,,,2.5,,,,,2.75,,,,1.44,,
1955-04-30,,3.5,,2.75,,,1.5,,,,,3.0,5.5,3.0,,3.0,4.5,,,,,,,,3.5,,4.0,5.84,,,,,,,,3.0,,,,,,2.5,,,,,3.75,,,,1.69,,
1955-05-31,,4.5,,2.75,,,1.5,,,,,3.0,5.5,3.0,,3.0,4.5,,,,,,,,3.5,,4.0,5.84,,,,,,,,3.0,,,,,,2.5,,,,,3.75,,,,1.69,,
1955-06-30,,4.5,,2.75,,,1.5,,,,,3.0,5.5,3.0,,3.0,4.5,,,,,,,,3.5,,4.0,5.84,,,,,,,,3.0,,,,,,2.5,,,,,3.75,,,,1.69,,
1955-07-31,,4.5,,2.75,,,1.5,,,,,3.0,5.5,3.0,,3.0,4.5,,,,,,,,3.5,,4.0,5.84,,,,,,,,3.0,,,,,,2.5,,,,,3.75,,,,1.75,,
1955-08-31,,4.5,,3.0,,,1.5,,,,,3.5,5.5,3.0,,3.0,4.5,,,,,,,,3.5,,4.0,7.3,,,,,,,,3.0,,,,,,2.5,,,,,3.75,,,,2.0,,
1955-09-30,,4.5,,3.0,,,1.5,,,,,3.5,5.5,3.0,,3.0,4.5,,,,,,,,3.5,,4.0,7.3,,,,,,,,3.0,,,,,,2.5,,,,,3.75,,,,2.19,,
1955-10-31,,4.5,,3.0,,,1.5,,,,,3.5,5.5,3.0,,3.0,4.5,,,,,,,,3.5,,4.0,7.3,,,,,,,,3.0,,,,,,2.5,,,,,3.75,,,,2.25,,
1955-11-30,,5.0,,3.0,,,1.5,,,,,3.5,5.5,3.0,,3.0,4.5,,,,,,,,3.5,,4.0,7.3,,,,,,,,3.0,,,,,,2.5,,,,,3.75,,,,2.44,,
1955-12-31,,5.0,,3.0,,,1.5,,,,,3.5,5.5,3.0,,3.0,4.5,,,,,,,,3.5,,4.0,7.3,,,,,,,,3.0,,,,,,2.5,,,,,3.75,,,,2.5,,
1956-01-31,,5.0,,3.0,,,1.5,,,,,3.5,5.5,3.0,,3.0,4.5,,,,,,,,3.5,,4.0,7.3,,,,,,,,3.0,,,,,,2.5,,,,,3.75,,,,2.5,,
1956-02-29,,5.0,,3.0,,,1.5,,,,,3.5,5.5,3.0,,3.0,5.5,,,,,,,,3.5,,4.0,7.3,,,,,,,,3.5,,,,,,2.5,,,,,3.75,,,,2.5,,
1956-03-31,,5.0,,3.0,,,1.5,,,,,4.5,5.5,3.0,,3.0,5.5,,,,,,,,3.5,,4.0,7.3,,,,,,,,3.5,,,,,,2.5,,,,,3.75,,,,2.5,,
1956-04-30,,5.0,,3.0,,,1.5,,,,,4.5,5.5,3.0,,3.0,5.5,,,,,,,,3.5,,4.0,7.3,,,,,,,,3.5,,,,,,2.5,,,,,3.75,,,,2.75,,
1956-05-31,,5.0,,3.0,,,1.5,,,,,5.5,5.5,3.0,,3.0,5.5,11.0,,,,,,,3.5,,4.0,7.3,,,,,,,,3.5,,,,,,2.5,,,,,3.75,,,,2.75,,
1956-06-30,,5.0,,3.0,,,1.5,,,,,5.5,5.5,3.0,,3.0,5.5,11.0,,,,,,,3.5,,4.0,7.3,,,,,,,,3.5,,,,,,2.5,,,,,3.75,,,,2.75,,
1956-07-31,,5.0,,3.0,,,1.5,,,,,5.5,5.5,3.0,,3.0,5.5,11.0,,,,,,,3.5,,4.0,7.3,,,,,,,,3.5,,,,,,2.5,,,,,3.75,,,,2.69,,
1956-08-31,,5.0,,3.0,,,1.5,,,,,5.5,5.5,3.0,,3.0,5.5,11.0,,,,,,,3.5,,4.0,7.3,,,,,,,,3.75,,,,,,2.5,,,,,3.75,,,,3.0,,
1956-09-30,,5.0,,3.0,,,1.5,,,,,5.0,5.5,3.4,,3.0,5.5,11.0,,,,,,,3.5,,4.0,7.3,,,,,,,,3.75,,,,,,2.5,,,,,3.75,,,,3.0,,
1956-10-31,,5.0,,3.0,,,1.5,,,,,5.0,5.5,3.4,,3.0,5.5,11.0,,,,,,,3.5,,4.0,7.3,,,,,,,,4.25,,,,,,2.5,,,,,3.75,,,,3.0,,
1956-11-30,,5.0,,3.0,,,1.5,,,,,5.0,5.5,3.4,,3.0,5.5,11.0,,,,,,,3.5,,4.0,7.3,,,,,,,,4.25,,,,,,2.5,,,,,4.0,,,,3.0,,
1956-12-31,,5.0,,3.5,,,1.5,,,,,5.0,5.5,3.4,,3.0,5.5,11.0,,,,,,,3.5,,4.0,7.3,,,,,,,,4.25,,,,,,2.5,,,,,4.0,,,,3.0,,
1957-01-31,,5.0,,3.5,,,1.5,,,,,4.5,5.5,3.4,,3.0,5.5,11.0,,,,,,,3.5,,4.0,7.3,,,,,,,,4.25,,,,,,2.5,,,,,4.0,,,,3.0,,
1957-02-28,,5.0,,3.5,,,1.5,,,,,4.5,5.5,3.4,,3.0,5.0,11.0,,,,,,,3.5,,4.0,7.3,,,,,,,,4.25,,,,,,2.5,,,,,4.0,,,,3.0,,
1957-03-31,,5.0,,3.5,,,1.5,,,,,4.5,5.5,3.4,,3.0,5.0,11.0,,,,,,,3.5,,4.0,7.67,,,,,,,,4.25,,,,,,2.5,,,,,4.0,,,,2.94,,
1957-04-30,,5.0,,3.5,,,1.5,,,,,4.5,5.5,3.4,,4.0,5.0,11.0,,,,,,,3.5,,4.0,7.67,,,,,,,,4.25,,,,,,2.5,,,,,4.0,,,,3.0,,
1957-05-31,,5.0,,3.5,,,2.5,,,,,4.5,5.5,3.4,,4.0,5.0,11.0,,,,,,,4.0,,4.0,8.4,,,,,,,,4.25,,,,,,2.5,,,,,4.0,,,,3.0,,
1957-06-30,,5.0,,3.5,,,2.5,,,,,4.5,5.5,3.4,,4.0,5.0,11.0,,,,,,,4.0,,4.0,8.4,,,,,,,,4.25,,,,,,2.5,,,,,4.0,,,,3.0,,
1957-07-31,,5.0,,4.5,,,2.5,,,,,4.5,5.5,4.0,,4.0,5.0,11.0,,,,,,,4.0,,4.0,8.4,,,,,,,,4.75,,,,,,2.5,,,,,5.0,,,,2.88,,
1957-08-31,,5.0,,4.5,,,2.5,,,,,4.5,5.5,4.0,,5.0,5.0,11.0,,,,,,,4.0,,4.0,8.4,,,,,,,,5.5,,,,,,2.5,,,,,5.0,,,,3.5,,
1957-09-30,,5.0,,4.5,,,2.5,,,,,4.0,5.5,4.0,,5.0,7.0,11.0,,,,,,,4.0,,4.0,8.4,,,,,,,,5.5,,,,,,2.5,,,,,5.0,,,,3.5,,
1957-10-31,,5.0,,4.5,,,2.5,,,,,4.0,5.5,4.0,,5.0,7.0,11.0,,,,,,,4.0,,4.0,8.4,,,,,,,,5.5,,,,,,2.5,,,,,5.0,,,,3.5,,
1957-11-30,,5.0,,4.5,,,2.5,,,,,4.0,5.5,4.0,,5.0,7.0,11.0,,,,,,,4.0,,4.0,8.4,,,,,,,,5.5,,,,,,2.5,,,,,5.0,,,,3.0,,
1957-12-31,,5.0,,4.5,,,2.5,,,,,4.0,5.5,4.0,,5.0,7.0,11.0,,,,,,,4.0,,4.0,8.4,,,,,,,,5.5,,,,,,2.5,,,,,5.0,,,,3.0,,
1958-01-31,,5.0,,4.5,,,2.5,,,,,3.5,5.5,4.0,,5.0,7.0,11.0,,,,,,,4.0,,4.0,8.4,,,,,,,,5.0,,,,,,2.5,,,,,5.0,,,,1.5,,
1958-02-28,,5.0,,4.5,,,2.5,,,,,3.5,5.5,4.0,,5.0,7.0,11.0,,,,,,,4.0,,4.0,8.4,,,,,,,,5.0,,,,,,2.5,,,,,5.0,,,,0.5,,
1958-03-31,,5.0,,4.25,,,2.5,,,,,3.5,5.5,4.0,,5.0,6.0,11.0,,,,,,,4.0,,4.0,8.4,,,,,,,,4.5,,,,,,2.5,,,,,5.0,,,,0.5,,
1958-04-30,,5.0,,4.25,,,2.5,,,,,3.5,5.0,4.0,,5.0,6.0,11.0,,,,,,,4.0,,4.0,8.4,,,,,,,,4.5,,,,,,2.5,,,,,5.0,,,,0.25,,
1958-05-31,,5.0,,4.25,,,2.5,,,,,3.5,5.0,4.0,,5.0,5.5,11.0,,,,,,,4.0,,4.0,8.4,,,,,,,,4.5,,,,,,2.5,,,,,4.5,,,,0.13,,
1958-06-30,,5.0,,4.0,,,2.5,,,,,3.0,5.0,4.0,,5.0,5.0,11.0,,,,,,,4.0,,3.5,7.67,,,,,,,,4.0,,,,,,2.5,,,,,4.5,,,,0.5,,
1958-07-31,,5.0,,3.75,,,2.5,,,,,3.0,5.0,4.0,,5.0,5.0,11.0,,,,,,,4.0,,3.5,7.67,,,,,,,,4.0,,,,,,2.5,,,,,4.5,,,,0.38,,
1958-08-31,,5.0,,3.5,,,2.5,,,,,3.0,4.5,4.0,,5.0,4.5,11.0,,,,,,,4.0,,3.5,7.67,,,,,,,,4.0,,,,,,2.5,,,,,4.5,,,,1.75,,
1958-09-30,,5.0,,3.5,,,2.5,,,,,3.0,4.5,4.0,,5.0,4.5,11.0,,,,,,,4.0,,3.5,7.3,,,,,,,,4.0,,,,,,2.5,,,,,4.5,,,,1.5,,
1958-10-31,,5.0,,3.5,,,2.5,,,,,3.0,4.5,4.0,,4.5,4.5,11.0,,,,,,,4.0,,3.5,7.3,,,,,,,,4.0,,,,,,2.5,,,,,4.5,,,,2.0,,
1958-11-30,,5.0,,3.5,,,2.5,,,,,3.0,4.5,4.0,,4.5,4.0,11.0,,,,,,,4.0,,3.5,7.3,,,,,,,,3.5,,,,,,2.5,,,,,4.5,,,,2.5,,
1958-12-31,,5.0,,3.5,,,2.5,,,,,3.0,4.5,4.0,,4.5,4.0,11.0,,,,,,,4.0,,3.5,7.3,,,,,,,,3.5,,,,,,2.5,,,,,4.5,,,,2.38,,
1959-01-31,,5.0,,3.25,,,2.5,,,,,2.75,4.5,4.0,,4.5,4.0,11.0,,,,,,,4.0,,3.5,7.3,,,,,,,,3.25,,,,,,2.5,,,,,4.5,,,,2.5,,
1959-02-28,,5.0,,3.25,,,2.0,,,,,2.75,4.5,4.0,,4.25,4.0,11.0,,,,,,,4.0,,3.5,6.94,,,,,,,,3.25,,,,,,2.5,,,,,4.5,,,,2.5,,
1959-03-31,,5.0,,3.25,,,2.0,,,,,2.75,4.5,4.0,,4.25,4.0,11.0,,,,,,,4.0,,3.5,6.94,,,,,,,,3.25,,,,,,2.5,,,,,4.5,,,,3.0,,
1959-04-30,,4.5,,3.25,,,2.0,,,,,2.75,4.5,4.0,,4.0,4.0,10.0,,,,,,,4.0,,3.5,6.94,,,,,,,,3.25,,,,,,2.5,,,,,4.5,,,,3.0,,
1959-05-31,,4.5,,3.25,,,2.0,,,,,2.75,4.5,4.0,,4.0,4.0,10.0,,,,,,,4.0,,3.5,6.94,,,,,,,,3.25,,,,,,2.5,,,,,4.5,,,,3.25,,
1959-06-30,,4.5,,3.25,,,2.0,,,,,2.75,4.5,4.0,,4.0,4.0,10.0,,,,,,,4.0,,3.5,6.94,,,,,,,,3.25,,,,,,2.5,,,,,4.5,,,,3.0,,
1959-07-31,,4.5,,3.25,,,2.0,,,,,2.75,4.5,4.0,,4.0,4.0,10.0,,,,,,,4.0,,3.5,6.94,,,,,,,,3.25,,,,,,2.5,,,,,4.5,,,,3.5,,
1959-08-31,,4.5,,3.25,,,2.0,,,,,2.75,4.5,5.0,,4.0,4.0,10.0,,,,,,,4.0,,3.5,6.94,,,,,,,,3.25,,,,,,2.5,,,,,4.5,,,,3.5,,
1959-09-30,,4.5,,3.25,,,2.0,,,,,3.0,5.0,5.0,,4.0,4.0,10.0,,,,,,,4.0,,3.5,6.94,,,,,,,,3.25,,,,,,2.5,,,,,4.5,,,,3.0,,
1959-10-31,,4.5,,3.25,,,2.0,,,,,4.0,5.0,5.0,,4.0,4.0,9.0,,,,,,,4.0,,3.5,6.94,,,,,,,,3.25,,,,,,2.5,,,,,4.5,,,,4.0,,
1959-11-30,,4.5,,3.25,,,2.0,,,,,4.0,5.0,5.0,,4.0,4.0,9.0,,,,,,,4.0,,3.5,6.94,,,,,,,,4.0,,,,,,2.5,,,,,4.5,,,,4.0,,
1959-12-31,,4.5,,4.0,,,2.0,,,,,4.0,5.0,5.0,,4.0,4.0,9.0,,,,,,,4.0,,3.5,7.3,,,,,,,,4.0,,,,,,2.5,,,,,4.5,,,,4.0,,
1960-01-31,,4.5,,4.0,,,2.0,,,,,4.0,5.5,5.0,,4.0,5.0,9.0,,,,,,,4.0,,3.5,7.3,,,,,,,,4.0,,,,,,2.5,,,,,5.0,,,,4.0,,
1960-02-29,,4.5,,4.0,,,2.0,,,,,4.0,5.5,5.0,,4.0,5.0,9.0,,,,,,,4.0,,3.5,7.3,,,,,,,,4.0,,,,,,2.5,,,,,5.0,,,,4.0,,
1960-03-31,,5.0,,4.0,,,2.0,,,,,4.0,5.5,5.0,,4.0,5.0,9.0,,,,,,,4.0,,3.5,7.3,,,,,,,,4.0,,,,,,2.5,,,,,5.0,,,,4.0,,
1960-04-30,,5.0,,4.0,,,2.0,,,,,4.0,5.5,4.6,,4.0,5.0,7.0,,,,,,,4.0,,3.5,7.3,,,,,,,,4.0,,,,,,2.5,,,,,5.0,,,,4.0,,
1960-05-31,,5.0,,4.0,,,2.0,,,,,4.0,5.5,4.6,,4.0,5.0,7.0,,,,,,,4.0,,3.5,7.3,,,,,,,,4.0,,,,,,2.5,,,,,5.0,,,,3.5,,
1960-06-30,,5.0,,4.0,,,2.0,,,,,5.0,5.5,4.6,,4.0,6.0,7.0,,,,,,,4.0,,3.5,7.3,,,,,,,,4.0,,,,,,2.5,,,,,5.0,,,,3.5,,
1960-07-31,,5.0,,4.0,,3.17,2.0,,,,,5.0,5.5,4.6,,4.0,6.0,7.0,,,,,,,4.0,,3.5,7.3,,,,,,,,4.0,,,,,,2.5,,,,,5.0,,,,3.25,,
1960-08-31,,5.0,,5.0,,2.5,2.0,,,,,5.0,5.5,4.6,,4.0,6.0,7.0,,,,,,,4.0,,3.5,6.94,,,,,,,,4.0,,,,,,2.5,,,,,5.0,,,,3.0,,
1960-09-30,,5.0,,5.0,,1.95,2.0,,,,,5.0,5.5,4.6,,4.0,6.0,7.0,,,,,,,4.0,,3.5,6.94,,,,,,,,4.0,,,,,,2.5,,,,,5.0,,,,3.0,,
1960-10-31,,5.0,,5.0,,3.28,2.0,,,,,5.0,5.5,4.6,,3.5,5.5,7.0,,,,,,,4.0,,3.5,6.94,,,,,,,,4.0,,,,,,2.5,,,,,5.0,,,,2.75,,
1960-11-30,,5.0,,5.0,,4.02,2.0,,,,,4.0,5.5,4.6,,3.5,5.5,6.0,,,,,,,4.0,,3.5,6.94,,,,,,,,4.0,,,,,,2.5,,,,,5.0,,,,0.25,,
1960-12-31,,5.0,,5.0,,3.5,2.0,,,,,4.0,5.5,4.6,,3.5,5.0,6.0,,,,,,,4.0,,3.5,6.94,,,,,,,,4.0,,,,,,2.5,,,,,5.0,,,,3.0,,
1961-01-31,,5.0,,5.0,,3.29,2.0,,,,,3.5,5.5,4.6,,3.5,5.0,6.0,,,,,,,4.0,,3.5,6.57,,,,,,,,4.0,,,,,,2.5,,,,,5.0,,,,2.25,,
1961-02-28,,5.0,,5.0,,3.36,2.0,,,,,3.5,5.5,4.6,,3.5,5.0,6.0,,,,,,,4.0,,3.5,6.57,,,,,,,,4.0,,,,,,2.5,,,,,5.0,,,,2.0,,
1961-03-31,,5.0,,5.0,,3.46,2.0,,,,,3.5,5.5,4.6,,3.5,5.0,6.0,,,,,,,4.0,,3.5,6.57,,,,,,,,4.0,,,,,,2.5,,,,,5.0,,,,2.0,,
1961-04-30,,5.0,,5.0,,3.53,2.0,,,,,3.5,5.5,4.6,,3.5,5.0,6.0,,,,,,,4.0,,3.5,6.57,,,,,,,,4.0,,,,,,2.5,,,,,5.0,,,,0.5,,
1961-05-31,,5.0,,5.0,,3.42,2.0,,,,,3.0,6.5,4.6,,3.5,5.0,6.0,,,,,,,4.0,,3.5,6.57,,,,,,,,4.0,,,,,,2.5,,,,,5.0,,,,1.0,,
1961-06-30,,5.0,,5.0,,2.82,2.0,,,,,3.0,6.5,4.0,,3.5,5.0,6.0,,,,,,,4.0,,3.5,6.57,,,,,,,,4.0,,,,,,2.5,,,,,5.0,,,,0.5,,
1961-07-31,,5.0,,5.0,,2.8,2.0,,,,,3.0,6.5,4.0,,3.5,7.0,6.0,,,,,,,4.0,,3.5,6.94,,,,,,,,4.0,,,,,,2.5,,,,,5.0,,,,2.5,,
1961-08-31,,5.0,,4.75,,2.51,2.0,,,,,3.0,6.5,4.0,,3.5,7.0,6.0,,,,,,,4.0,,3.5,6.94,,,,,,,,4.0,,,,,,2.5,,,,,5.0,,,,1.75,,
1961-09-30,,5.0,,4.75,,2.84,2.0,,,,,3.0,6.5,4.0,,3.5,7.0,6.0,,,,,,,4.0,,3.5,7.3,,,,,,,,4.0,,,,,,2.5,,,,,5.0,,,,1.5,,
1961-10-31,,5.0,,4.75,,2.75,2.0,,,,,3.0,6.5,4.0,,3.5,6.5,6.0,,,,,,,4.0,,3.5,7.3,,,,,,,,4.0,,,,,,2.5,,,,,5.0,,,,2.0,,
1961-11-30,,5.0,,4.75,,2.75,2.0,,,,,3.0,6.5,4.0,,3.5,6.0,6.0,,,,,,,4.0,,3.5,7.3,,,,,,,,4.0,,,,,,2.5,,,,,5.0,,,,1.75,,
1961-12-31,,5.0,,4.5,,3.24,2.0,,,,,3.0,6.5,4.0,,3.5,6.0,6.0,,,,,,,4.0,,3.5,7.3,,,,,,,,4.0,,,,,,2.5,,,,,5.0,,,,2.5,,
1962-01-31,,5.0,,4.25,,3.35,2.0,,,,,3.0,6.5,4.0,,3.5,6.0,6.0,,,,,,,4.0,,3.5,7.3,,,,,,,,4.0,,,,,,2.5,,,,,5.0,,,,1.5,,
1962-02-28,,5.0,,4.25,,3.42,2.0,,,,,3.0,6.5,4.0,,3.5,6.0,6.0,,,,,,,4.0,,3.5,7.3,,,,,,,,4.0,,,,,,2.5,,,,,5.0,,,,2.75,,
1962-03-31,,5.0,,4.0,,3.37,2.0,,,,,3.0,6.5,4.0,,3.5,5.0,6.0,,,,,,,4.0,,3.5,7.3,,,,,,,,4.0,,,,,,2.5,,,,,5.0,,,,2.75,,
1962-04-30,,5.0,,4.0,,3.32,2.0,,,,,3.0,6.5,4.0,,3.5,4.5,6.0,,,,,,,4.0,,3.5,7.3,,,,,,,,4.5,,,,,,2.5,,,,,4.5,,,,2.5,,
1962-05-31,,5.0,,4.0,,3.77,2.0,,,,,3.0,6.5,4.0,,3.5,4.5,6.0,,,,,,,4.0,,3.5,7.3,,,,,,,,4.5,,,,,,2.5,,,,,4.5,,,,2.75,,
1962-06-30,,5.0,,4.0,,6.0,2.0,,,,,3.0,6.5,4.0,,3.5,4.5,6.0,,,,,,,4.0,,3.5,7.3,,,,,,,,4.5,,,,,,2.5,,,,,4.0,,,,2.75,,
1962-07-31,,5.0,,4.0,,6.0,2.0,,,,,3.0,6.5,4.0,,3.5,4.5,6.0,,,,,,,4.0,,3.5,7.3,,,,,,,,4.5,,,,,,2.5,,,,,4.0,,,,2.75,,
1962-08-31,,5.0,,3.75,,6.0,2.0,,,,,3.0,6.5,4.0,,3.5,4.5,6.0,,,,,,,4.0,,3.5,7.3,,,,,,,,4.5,,,,,,2.5,,,,,4.0,,,,3.0,,
1962-09-30,,5.0,,3.75,,5.5,2.0,,,,,3.0,6.5,4.0,,3.5,4.5,6.0,,,,,,,4.0,,3.5,7.3,,,,,,,,4.5,,,,,,2.5,,,,,4.0,,,,2.75,,
1962-10-31,,5.0,,3.75,,5.0,2.0,,,,,3.0,6.5,4.0,,3.5,4.5,6.0,,,,,,,4.0,,3.5,6.94,,,,,,,,4.5,,,,,,2.5,,,,,4.0,,,,3.0,,
1962-11-30,,5.0,,3.75,,4.0,2.0,,,,,3.0,6.5,4.0,,3.5,4.5,6.0,,,,,,,4.0,,3.5,6.57,,,,,,,,4.5,,,,,,2.5,,,,,4.0,,,,2.88,,
1962-12-31,,5.0,,3.5,,4.0,2.0,,,,,3.0,6.5,4.0,,3.5,4.5,6.0,,,,,,,4.0,,3.5,6.57,,,,,,,,4.5,,,,,,2.5,,,,,4.0,,,,3.0,,
1963-01-31,,5.0,,3.5,,4.0,2.0,,,,,3.0,6.5,4.0,,3.5,4.0,6.0,,,,,,,4.5,,3.5,6.57,,,,,,,,4.0,,,,,,2.5,,,,,3.5,,,,3.0,,
1963-02-28,,5.0,,3.5,,4.0,2.0,,,,,3.0,6.5,4.0,,3.5,4.0,6.0,,,,,,,4.5,,3.5,6.57,,,,,,,,4.0,,,,,,2.5,,,,,3.5,,,,3.0,,
1963-03-31,,5.0,,3.5,,4.0,2.0,,,,,3.0,6.5,4.0,,3.5,4.0,6.0,,,,,,,4.5,,3.5,6.21,,,,,,,,4.0,,,,,,2.5,,,,,3.5,,,,3.0,,
1963-04-30,,5.0,,3.5,,4.0,2.0,,,,,3.0,6.5,4.0,,3.5,4.0,5.5,,,,,,,4.5,,3.5,5.84,,,,,,,,4.0,,,,,,2.5,,,,,3.5,,,,3.0,,
1963-05-31,,5.0,,3.5,,3.5,2.0,,,,,3.0,6.5,4.0,,3.5,4.0,5.5,,,,,,,4.5,,3.5,5.84,,,,,,,,4.0,,,,,,2.5,,,,,3.5,,,,3.0,,
1963-06-30,,4.5,,3.5,,3.5,2.0,,,,,3.0,6.5,4.0,,3.5,4.0,5.5,,,,,,,4.5,,3.5,5.84,,,,,,,,4.0,,,,,,2.5,,,,,4.0,,,,3.0,,
1963-07-31,,4.5,,4.0,,3.5,2.0,,,,,3.0,6.5,4.0,,3.5,4.0,5.5,,,,,,,4.5,,3.5,5.84,,,,,,,,4.0,,,,,,2.5,,,,,4.0,,,,3.5,,
1963-08-31,,4.5,,4.0,,4.0,2.0,,,,,3.0,6.0,4.0,,3.5,4.0,5.5,,,,,,,4.5,,3.5,5.84,,,,,,,,4.0,,,,,,2.5,,,,,4.0,,,,3.5,,
1963-09-30,,4.5,,4.0,,4.0,2.0,,,,,3.0,6.0,4.0,,3.5,4.0,5.5,,,,,,,4.5,,3.5,5.84,,,,,,,,4.0,,,,,,2.5,,,,,4.0,,,,3.5,,
1963-10-31,,4.5,,4.25,,4.0,2.0,,,,,3.0,6.0,4.0,,3.5,4.0,5.5,,,,,,,4.5,,3.5,5.84,,,,,,,,4.0,,,,,,2.5,,,,,4.0,,,,3.5,,
1963-11-30,,4.5,,4.25,,4.0,2.0,,,,,3.0,5.5,4.0,,4.0,4.0,5.5,,,,,,,4.5,,3.5,5.84,,,,,,,,4.0,,,,,,2.5,,,,,4.0,,,,3.5,,
1963-12-31,,4.5,,4.25,,4.0,2.0,,,,,3.0,5.5,4.0,,4.0,4.0,5.5,,,,,,,4.5,,3.5,5.84,,,,,,,,4.0,,,,,,2.5,,,,,4.0,,,,3.25,,
1964-01-31,,4.5,,4.25,,4.0,2.0,,,,,3.0,5.5,4.0,,4.0,4.0,5.5,,,,,,,4.5,,3.5,5.84,,,,,,,,4.5,,,,,,2.5,,,,,4.5,,,,3.5,,
1964-02-29,,4.5,,4.25,,4.0,2.0,,,,,3.0,5.5,4.0,,4.0,5.0,5.5,,,,,,,4.5,,3.5,5.84,,,,,,,,4.5,,,,,,2.5,,,,,4.5,,,,3.5,,
1964-03-31,,4.5,,4.25,,4.0,2.0,,,,,3.0,5.5,4.0,,4.0,5.0,5.5,,,,,,,4.5,,3.5,6.57,,,,,,,,4.5,,,,,,2.5,,,,,4.5,,,,3.5,,
1964-04-30,,4.5,,4.25,,4.0,2.0,,,,,3.0,5.5,4.0,,4.0,5.0,5.5,,,,,,,4.5,,3.5,6.57,,,,,,,,4.5,,,,,,2.5,,,,,4.5,,,,3.5,,
1964-05-31,,4.5,,4.25,,4.0,2.0,,,,,3.0,5.5,4.0,,4.0,5.0,5.5,,,,,,,4.5,,3.5,6.57,,,,,,,,4.5,,,,,,2.5,,,,,4.5,,,,3.5,,
1964-06-30,,4.5,,4.25,,4.0,2.0,,,,,3.0,6.5,4.0,,4.0,5.0,5.5,,,,,,,4.5,,3.5,6.57,,,,,,,,5.0,,,,,,2.5,,,,,4.5,,,,3.5,,
1964-07-31,,4.5,,4.75,,4.0,2.5,,,,,3.0,6.5,4.0,,4.0,5.0,5.5,,,,,,,4.5,,3.5,6.57,,,,,,,,5.0,,,,,,2.5,,,,,4.5,,,,3.5,,
1964-08-31,,4.5,,4.75,,4.0,2.5,,,,,3.0,6.5,4.0,,4.0,5.0,5.5,,,,,,,4.5,,3.5,6.57,,,,,,,,5.0,,,,,,2.5,,,,,4.5,,,,3.5,,
1964-09-30,,4.5,,4.75,,4.0,2.5,,,,,3.0,6.5,4.0,,4.0,5.0,5.5,,,,,,,5.0,,3.5,6.57,,,,,,,,5.0,,,,,,2.5,,,,,4.5,,,,2.75,,
1964-10-31,,4.5,,4.75,,4.0,2.5,,,,,3.0,6.5,4.0,,4.0,5.0,5.5,,,,,,,5.0,,3.5,6.57,,,,,,,,5.0,,,,,,2.5,,,,,4.5,,,,3.5,,
1964-11-30,,4.5,,4.75,,4.25,2.5,,,,,3.0,6.5,4.0,,4.0,7.0,5.5,,,,,,,5.0,,3.5,6.57,,,,,,,,5.0,,,,,,2.5,,,,,5.0,,,,4.0,,
1964-12-31,,4.5,,4.75,,4.25,2.5,,,,,3.0,6.5,4.0,,4.0,7.0,5.5,,,,,,,5.0,,3.5,6.57,,,,,,,,5.0,,,,,,2.5,,,,,5.0,,,,4.0,,
1965-01-31,,4.5,,4.75,,4.25,2.5,,,,,3.5,6.5,4.0,,4.0,7.0,5.5,,,,,,,5.0,,3.5,6.21,,,,,,,,5.0,,,,,,2.5,,,,,5.0,,,,4.0,,
1965-02-28,,4.5,,4.75,,4.25,2.5,,,,,3.5,6.5,4.0,,4.0,7.0,5.5,,,,,,,6.0,,3.5,6.21,,,,,,,,5.0,,,,,,2.5,,,,,5.0,,,,4.0,,
1965-03-31,,4.5,,4.75,,4.25,2.5,,,,,3.5,6.5,4.0,,4.0,7.0,5.5,,,,,,,6.0,,3.5,6.21,,,,,,,,5.0,,,,,,2.5,,,,,5.0,,,,4.0,,
1965-04-30,,4.5,,4.75,,4.25,2.5,,,,,3.5,6.5,4.0,,3.5,7.0,5.5,,,,,,,6.0,,3.5,5.84,,,,,,,,5.0,,,,,,2.5,,,,,5.5,,,,4.13,,
1965-05-31,,4.5,,4.75,,4.25,2.5,,,,,3.5,6.5,4.0,,3.5,7.0,5.5,,,,,,,6.0,,3.5,5.84,,,,,,,,5.0,,,,,,2.5,,,,,5.5,,,,4.13,,
1965-06-30,,4.5,,4.75,,4.25,2.5,,,,,3.5,6.5,4.0,,3.5,6.0,5.5,,,,,,,6.0,,3.5,5.48,,,,,,,,5.0,,,,,,2.5,,,,,5.5,,,,4.13,,
1965-07-31,,4.5,,4.75,,4.25,2.5,,,,,3.5,6.5,4.0,,3.5,6.0,5.5,,,,,,,6.0,,3.5,5.48,,,,,,,,5.0,,,,,,2.5,,,,,5.5,,,,4.13,,
1965-08-31,,4.5,,4.75,,4.25,2.5,,,,,4.0,6.5,4.0,,3.5,6.0,5.5,,,,,,,6.0,,3.5,5.48,,,,,,,,5.0,,,,,,3.0,,,,,5.5,,,,4.0,,
1965-09-30,,4.5,,4.75,,4.25,2.5,,,,,4.0,6.5,4.0,,3.5,6.0,5.5,,,,,,,6.0,,3.5,5.48,,,,,,,,5.0,,,,,,3.0,,,,,5.5,,,,4.13,,
1965-10-31,,4.5,,4.75,,4.25,2.5,,,,,4.0,6.5,4.0,,3.5,6.0,5.5,,,,,,,6.0,,3.5,5.48,,,,,,,,5.0,,,,,,3.0,,,,,5.5,,,,4.13,,
1965-11-30,,4.5,,4.75,,4.25,2.5,,,,,4.0,6.5,4.0,,3.5,6.0,5.5,,,,,,,6.0,,3.5,5.48,,,,,,,,5.0,,,,,,3.0,,,,,5.5,,,,4.13,,
1965-12-31,,4.5,,4.75,,4.75,2.5,,,,,4.0,6.5,4.0,,3.5,6.0,5.5,,,,,,,6.0,,3.5,5.48,,,,,,,,5.0,,,,,,3.0,,,,,5.5,,,,4.63,,
1966-01-31,,4.5,,4.75,,4.75,2.5,,,,,4.0,6.5,4.0,,3.5,6.0,5.5,,,,,,,6.0,,3.5,5.48,,,,,,,,5.0,,,,,,3.0,,,,,5.5,,,,4.5,,
1966-02-28,,4.5,,4.75,,4.75,2.5,,,,,4.0,6.5,4.0,,3.5,6.0,5.5,,,,,,,6.0,,3.5,5.48,,,,,,,,5.0,,,,,,3.0,,,,,5.5,,,,4.63,,
1966-03-31,,4.5,,4.75,,5.25,2.5,,,,,4.0,6.5,4.0,,3.5,6.0,5.5,,,,,,,6.0,,3.5,5.48,,,,,,,,5.0,,,,,,3.0,,,,,5.5,,,,4.75,,
1966-04-30,,4.5,,4.75,,5.25,2.5,,,,,4.0,6.5,4.0,,3.5,6.0,5.5,,,,,,,6.0,,3.5,5.48,,,,,,,,5.0,,,,,,3.0,,,,,5.5,,,,4.63,,
1966-05-31,,4.5,,4.75,,5.25,2.5,,,,,5.0,6.5,4.0,,3.5,6.0,5.5,,,,,,,6.0,,3.5,5.48,,,,,,,,5.5,,,,,,3.0,,,,,5.5,,,,4.75,,
1966-06-30,,4.5,,5.25,,5.25,2.5,,,,,5.0,6.5,4.0,,3.5,6.0,5.5,,,,,,,6.0,,3.5,5.48,,,,,,,,5.5,,,,,,3.0,,,,,6.0,,,,5.5,,
1966-07-31,,4.5,,5.25,,5.25,3.5,,,,,5.0,6.5,4.0,,3.5,7.0,5.5,,,,,,,6.0,,3.5,5.48,,,,,,,,5.5,,,,,,3.0,,,,,6.0,,,,5.75,,
1966-08-31,,4.5,,5.25,,5.25,3.5,,,,,5.0,6.5,4.0,,3.5,7.0,5.5,,,,,,,6.0,,3.5,5.48,,,,,,,,5.5,,,,,,3.0,,,,,6.0,,,,4.5,,
1966-09-30,,4.5,,5.25,,5.25,3.5,,,,,5.0,6.5,4.0,,3.5,7.0,5.5,,,,,,,6.0,,3.5,5.48,,,,,,,,5.5,,,,,,3.0,,,,,6.0,,,,5.75,,
1966-10-31,,4.5,,5.25,,5.25,3.5,,,,,5.0,6.5,4.0,,3.5,7.0,5.5,,,,,,,6.0,,3.5,5.48,,,,,,,,5.5,,,,,,3.0,,,,,6.0,,,,5.75,,
1966-11-30,,4.5,,5.25,,5.25,3.5,,,,,5.0,6.5,4.0,,3.5,7.0,5.5,,,,,,,6.0,,3.5,5.48,,,,,,,,5.5,,,,,,3.0,,,,,6.0,,,,5.75,,
1966-12-31,,4.5,,5.25,,5.25,3.5,,,,,5.0,6.5,4.0,,3.5,7.0,5.5,,,,,,,6.0,,3.5,5.48,,,,,,,,5.5,,,,,,3.0,,,,,6.0,,,,5.0,,
1967-01-31,,4.5,,5.25,,5.0,3.5,,,,,4.5,6.5,4.0,,3.5,6.5,5.5,,,,,,,6.0,,3.5,5.48,,,,,,,,5.5,,,,,,3.0,,,,,6.0,,,,4.0,,
1967-02-28,,4.5,,5.0,,5.0,3.5,,,,,4.0,6.5,4.0,,3.5,6.5,5.5,,,,,,,6.0,,3.5,5.48,,,,,,,,5.5,,,,,,3.0,,,,,5.5,,,,4.75,,
1967-03-31,,4.5,,4.75,,5.0,3.5,,,,,4.0,6.5,4.0,,3.5,6.0,5.5,,,,,,,6.0,,3.5,5.48,,,,,,,,5.0,,,,,,3.0,,,,,5.0,,,,4.5,,
1967-04-30,,4.25,,4.75,,4.5,3.5,,,,,3.5,6.5,4.0,,3.5,6.0,5.5,,,,,,,6.0,,3.5,5.48,,,,,,,,5.0,,,,,,3.0,,,,,5.0,,,,4.0,,
1967-05-31,,4.25,,4.5,,4.5,3.5,,,,,3.0,6.5,4.0,,3.5,5.5,5.5,,,,,,,6.0,,3.5,5.48,,,,,,,,5.0,,,,,,3.0,,,,,5.0,,,,4.13,,
1967-06-30,,4.25,,4.5,,4.5,3.5,,,,,3.0,6.5,4.0,,3.5,5.5,5.5,,,,,,,6.0,,3.5,5.48,,,,,,,,5.0,,,,,,3.0,,,,,5.0,,,,3.5,,
1967-07-31,,4.25,,4.5,,4.5,3.0,,,,,3.0,6.5,4.0,,3.5,5.5,4.5,,,,,,,6.0,,3.5,5.48,,,,,,,,5.0,,,,,,3.0,,,,,5.0,,,,3.75,,
1967-08-31,,4.25,,4.5,,4.5,3.0,,,,,3.0,6.5,4.0,,3.5,5.5,4.5,,,,,,,6.0,,3.5,5.48,,,,,,,,5.0,,,,,,3.0,,,,,5.0,,,,4.0,,
1967-09-30,,4.25,,4.25,,5.0,3.0,,,,,3.0,6.5,4.0,,3.5,5.5,4.5,,,,,,,6.0,,3.5,5.84,,,,,,,,5.0,,,,,,3.0,,,,,5.0,,,,3.75,,
1967-10-31,,3.75,,4.0,,5.0,3.0,,,,,3.0,6.5,4.0,,3.5,6.0,4.5,,,,,,,6.0,,3.5,5.84,,,,,,,,5.0,,,,,,3.0,,,,,5.0,,,,4.13,,
1967-11-30,,3.75,,4.0,,6.0,3.0,,,,,3.0,6.5,4.5,,3.5,8.0,4.5,,,,,,,6.0,,3.5,5.84,,,,,,,,5.0,,,,,,3.0,,,,,5.0,,,,4.5,,
1967-12-31,,3.75,,4.0,,6.0,3.0,,,,,3.0,7.5,4.5,,3.5,8.0,4.5,,,,,,,6.0,,3.5,5.84,,,,,,,,5.0,,,,,,3.0,,,,,6.0,,,,4.5,,
1968-01-31,,3.75,,4.0,,7.0,3.0,,,,,3.0,7.5,4.5,,3.5,8.0,4.5,,,,,,,6.0,,3.5,6.21,,,,,,,,5.0,,,,,,3.0,,,,,6.0,,,,4.75,,
1968-02-29,,3.75,,4.0,,7.0,3.0,,,,,3.0,7.5,4.5,,3.5,8.0,4.5,,,,,,,6.0,,3.5,6.21,,,,,,,,5.0,,,,,,3.0,,,,,5.5,,,,4.75,,
1968-03-31,,3.75,,3.75,,7.5,3.0,,,,,3.0,7.0,4.5,,3.5,7.5,4.5,,,,,,,5.0,,3.5,6.21,,,,,,,,5.0,,,,,,3.0,,,,,5.5,,,,5.25,,
1968-04-30,,3.75,,3.75,,7.5,3.0,,,,,3.0,7.0,4.5,,3.5,7.5,4.5,,,,,,,5.0,,3.5,6.21,,,,,,,,5.0,,,,,,3.0,,,,,5.5,,,,6.25,,
1968-05-31,,3.75,,3.75,,7.5,3.0,,,,,3.0,7.0,4.5,,3.5,7.5,4.5,,,,,,,5.0,,3.5,6.21,,,,,,,,5.0,,,,,,3.0,,,,,5.5,,,,6.13,,
1968-06-30,,3.75,,3.75,,7.5,3.0,,,,,3.0,6.5,4.5,,3.5,7.5,5.0,,,,,,,5.0,,3.5,6.21,,,,,,,,5.0,,,,,,3.0,,,,,5.5,,,,5.5,,
1968-07-31,,3.75,,3.75,,6.5,3.0,,,,,3.0,6.5,4.5,,5.0,7.5,5.0,,,,,,,5.0,,3.5,6.21,,,,,,,,5.0,,,,,,3.0,,,,,5.5,,,,6.0,,
1968-08-31,,3.75,,3.75,,6.5,3.0,,,,,3.0,6.0,4.5,,5.0,7.5,5.0,,,,,,,5.0,,3.5,5.84,,,,,,,,5.0,,,,,,3.0,,,,,5.5,,,,5.75,,
1968-09-30,,3.75,,3.75,,6.0,3.0,,,,,3.0,6.0,4.5,,5.0,7.0,5.0,,,,,,,5.0,,3.5,5.84,,,,,,,,5.0,,,,,,3.0,,,,,5.5,,,,5.5,,
1968-10-31,,3.75,,3.75,,6.0,3.0,,,,,3.0,6.0,4.5,,5.0,7.0,5.0,,,,,,,5.0,,3.5,5.84,,,,,,,,5.0,,,,,,3.0,,,,,5.0,,,,6.0,,
1968-11-30,,3.75,,3.75,,6.0,3.0,,,,,3.0,6.0,4.5,,6.0,7.0,5.0,,,,,,,5.0,,3.5,5.84,,,,,,,,5.0,,,,,,3.0,,,,,5.0,,,,6.0,,
1968-12-31,,3.75,,4.5,,6.5,3.0,,,,,3.0,6.0,4.5,,6.0,7.0,5.0,,,,,,,5.0,,3.5,5.84,,,,,,,,5.5,,,,,,3.0,,,,,5.0,,,,4.0,,
1969-01-31,,3.75,,4.5,,6.5,3.0,,,,,3.0,6.0,4.5,,6.0,7.0,5.0,,,,,,,5.0,,3.5,5.84,,,,,,,,5.5,,,,,,3.0,,,,,5.0,,,,6.38,,
1969-02-28,,3.75,,4.5,,6.5,3.0,,,,,3.0,6.0,4.5,,6.0,8.0,5.5,,,,,,,5.0,,3.5,5.84,,,,,,,,5.5,,,,,,3.0,,,,,6.0,,,,7.0,,
1969-03-31,,3.75,,5.0,,7.0,3.0,,,,,3.0,7.0,4.5,,6.0,8.0,5.5,,,,,,,5.0,,3.5,5.84,,,,,,,,5.5,,,,,,3.0,,,,,6.0,,,,6.25,,
1969-04-30,,3.75,,5.5,,7.0,3.0,,,,,4.0,7.0,4.5,,6.0,8.0,5.5,,,,,,,5.0,,3.5,5.84,,,,,,,,6.0,,,,,,3.0,,,,,6.0,,,,8.0,,
1969-05-31,,3.75,,6.0,,7.0,3.0,,,,,4.0,9.0,4.5,,6.0,8.0,5.5,,,,,,,5.0,,3.5,5.84,,,,,,,,6.0,,,,,,3.0,,,,,6.0,,,,9.38,,
1969-06-30,,3.75,,6.0,,7.5,3.0,,,,,5.0,9.0,4.5,,7.0,8.0,5.5,,,,,,,5.0,,3.5,5.84,,,,,,,,6.0,,,,,,3.0,,,,,6.0,,,,7.5,,
1969-07-31,,3.75,,7.0,,8.0,3.0,,,,,5.0,9.0,5.5,,7.0,8.0,6.0,,,,,,,5.0,,3.5,5.84,,,,,,,,6.0,,,,,,3.0,,,,,7.0,,,,8.75,,
1969-08-31,,3.75,,7.0,,8.0,3.0,,,,,5.0,9.0,5.5,,7.0,8.0,6.0,,,,,,,5.0,,4.0,5.84,,,,,,,,7.0,,,,,,3.0,,,,,7.0,,,,9.75,,
1969-09-30,,4.75,,7.5,,8.0,3.75,,,,,6.0,9.0,5.5,,7.0,8.0,6.5,,,,,,,5.0,,4.0,6.25,,,,,,,,7.0,,,,,,3.0,,,,,7.0,,,,8.5,,
1969-10-31,,4.75,,7.5,,8.0,3.75,,,,,6.0,9.0,5.5,,8.0,8.0,6.5,,,,,,,5.0,,4.0,6.25,,,,,,,,7.0,,,,,,3.0,,,,,7.0,,,,9.0,,
1969-11-30,,4.75,,7.5,,8.0,3.75,,,,,6.0,9.0,5.5,,8.0,8.0,6.5,,,,,,,5.0,,4.0,6.25,,,,,,,,7.0,,,,,,3.0,,,,,7.0,,,,9.25,,
1969-12-31,,4.75,,7.5,,8.0,3.75,,,,,6.0,9.0,5.5,,8.0,8.0,6.5,,,,,,,5.0,,4.0,6.25,,,,,,,,7.0,,,,,,3.0,,,,,7.0,,,,5.0,,
1970-01-31,,4.75,,7.5,,8.0,3.75,,,,,6.0,9.0,5.5,,8.0,8.0,6.5,,,,,,,5.0,,4.0,6.25,,,,,,,,7.0,,,,,,3.0,,,,,7.0,,,,9.38,,
1970-02-28,,4.75,,7.5,,8.0,3.75,,,,,6.0,9.0,5.5,,8.0,8.0,6.5,,,,,,,5.0,,4.0,6.25,,,,,,,,7.0,,,,,,3.0,,,,,7.0,,,,8.5,,
1970-03-31,,4.75,,7.5,,8.0,3.75,,,,,7.5,9.0,6.5,,8.0,7.5,6.5,,,,,,,5.0,,5.5,6.25,,,,,,,,7.0,,,,,,3.0,,,,,7.0,,,,7.5,,
1970-04-30,,4.75,,7.5,,8.0,3.75,,,,,7.5,9.0,6.5,,8.0,7.0,6.5,,,,,,,5.0,,5.5,6.25,,,,,,,,7.0,,,,,,3.5,,,,,7.0,,,,8.5,,
1970-05-31,,4.75,,7.5,,7.5,3.75,,,,,7.5,9.0,6.5,,8.0,7.0,6.5,,,,,,,5.0,,5.5,6.25,,,,,,,,7.0,,,,,,3.5,,,,,7.0,,,,7.88,,
1970-06-30,,4.75,,7.5,,7.0,3.75,,,,,7.5,9.0,6.5,,8.0,7.0,6.5,,,,,,,5.0,,5.5,6.25,,,,,,,,7.0,,,,,,3.5,,,,,7.0,,,,5.75,,
1970-07-31,,4.75,,7.5,,7.0,3.75,,,,,7.0,9.0,6.5,,8.0,7.0,6.5,,,,,,,5.0,,5.5,6.25,,,,,,,,7.0,,,,,,3.5,,,,,7.0,,,,6.75,,
1970-08-31,,4.75,,7.5,,7.0,3.75,,,,,7.0,9.0,6.5,,7.5,7.0,6.5,,,,,,,5.0,,5.5,6.25,,,,,,,,7.0,,,,,,3.5,,,,,7.0,,,,6.5,,
1970-09-30,,4.75,,7.5,,6.5,3.75,,,,,7.0,9.0,6.5,,7.5,7.0,6.5,,,,,,,5.0,,5.5,6.25,,,,,,,,7.0,,,,,,3.5,,,,,7.0,,,,5.0,,
1970-10-31,,4.75,,7.0,,6.5,3.75,,,,,7.0,9.0,6.5,,7.0,7.0,6.5,,,,,,,5.0,,5.5,6.0,,,,,,,,7.0,,,,,,3.5,,,,,7.0,,,,6.13,,
1970-11-30,,4.75,,7.0,,6.0,3.75,,,,,6.5,9.0,6.5,,7.0,7.0,6.5,,,,,,,5.0,,5.5,6.0,,,,,,,,7.0,,,,,,3.5,,,,,7.0,,,,5.5,,
1970-12-31,,5.0,,6.5,,6.0,3.75,,,,,6.0,9.0,6.5,,7.0,7.0,6.5,,,,,,,5.0,,5.5,6.0,,,,,,,,7.0,,,,,,3.5,,,,,7.0,,,,3.0,,
1971-01-31,,5.0,,6.5,,6.0,3.75,,,,,6.0,8.0,6.25,,6.5,7.0,6.5,,,,,,,6.0,,5.5,5.75,,,,,,,,7.0,,,,,,3.5,,,,,7.0,,,,4.0,,
1971-02-28,,5.0,,6.5,,5.25,3.75,,,,,6.0,8.0,6.25,,6.5,7.0,6.5,,,,,,,6.0,,5.5,5.75,,,,,,,,7.0,,,,,,3.75,,,,,7.0,,,,3.38,,
1971-03-31,,5.0,,6.0,,5.25,3.75,,,,,6.0,8.0,6.25,,6.5,7.0,6.5,,,,,,,6.0,,5.5,5.75,,,,,,,,7.0,,,,,,3.75,,,,,6.5,,,,4.5,,
1971-04-30,,5.0,,6.0,,5.25,3.75,,,,,5.0,7.5,6.0,,6.5,6.0,6.5,,,,,,,6.0,,5.0,5.75,,,,,,,,6.5,,,,,,3.75,,,,,6.0,,,,4.25,,
1971-05-31,,5.0,,6.0,,5.25,3.75,,,,,5.0,7.5,6.0,,6.75,6.0,6.5,,,,,,,6.0,,5.0,5.5,,,,,,,,6.5,,,,,,3.75,,,,,6.0,,,,4.88,,
1971-06-30,,5.0,,6.0,,5.25,3.75,,,,,5.0,7.5,6.0,,6.75,6.0,6.5,,,,,,,6.0,,5.0,5.5,,,,,,,,6.5,,,,,,3.75,,,,,6.0,,,,4.75,,
1971-07-31,,5.0,,6.0,,5.25,3.75,,,,,5.0,7.5,6.0,,6.75,6.0,6.5,,,,,,,6.0,,5.0,5.25,,,,,,,,6.5,,,,,,3.75,,,,,6.0,,,,5.5,,
1971-08-31,,5.0,,6.0,,5.25,3.75,,,,,5.0,7.5,6.0,,6.75,6.0,6.5,,,,,,,6.0,,5.0,5.25,,,,,,,,6.0,,,,,,3.75,,,,,6.0,,,,5.75,,
1971-09-30,,5.0,,5.5,,5.25,3.75,,,,,5.0,7.5,6.0,,6.75,5.0,6.5,,,,,,,6.0,,5.0,5.25,,,,,,,,5.5,,,,,,3.75,,,,,5.5,,,,5.38,,
1971-10-31,,5.0,,5.5,,4.75,3.75,,,,,4.5,7.5,5.0,,6.5,5.0,6.5,,,,,,,6.0,,4.5,5.25,,,,,,,,5.5,,,,,,3.75,,,,,5.5,,,,5.13,,
1971-11-30,,5.0,,5.5,,4.75,3.75,,,,,4.5,7.5,5.0,,6.5,5.0,6.5,,,,,,,6.0,,4.5,5.25,,,,,,,,5.5,,,,,,3.75,,,,,5.0,,,,4.25,,
1971-12-31,,5.0,,5.5,,4.75,3.75,,,,,4.0,7.5,5.0,,6.5,5.0,6.5,,,,,,,6.0,,4.5,4.75,,,,,,,,5.5,,,,,,3.75,,,,,5.0,,,,3.0,,
1972-01-31,,5.0,,5.0,,4.75,3.75,,,,,4.0,7.0,5.0,,6.0,5.0,6.5,,,,,,,6.0,,4.5,4.75,,,,,,,,5.0,,,,,,3.75,,,,,5.0,,,,3.13,,
1972-02-29,,5.0,,4.5,,4.75,3.75,,,,,3.0,7.0,5.0,,6.0,5.0,6.5,,,,,,,6.0,,4.5,4.75,,,,,,,,5.0,,,,,,3.75,,,,,5.0,,,,3.25,,
1972-03-31,,5.0,,4.0,,4.75,3.75,,,,,3.0,7.0,5.0,,6.0,5.0,6.5,,,,,,,6.0,,4.5,4.75,,,,,,,,4.5,,,,,,3.75,,,,,5.0,,,,4.0,,
1972-04-30,,5.0,,4.0,,4.75,3.75,,,,,3.0,7.0,5.0,,5.75,5.0,6.5,,,,,,,6.0,,4.0,4.75,,,,,,,,4.5,,,,,,3.75,,,,,5.0,,,,4.31,,
1972-05-31,,5.0,,4.0,,4.75,3.75,,,,,3.0,7.0,5.0,,5.75,5.0,6.5,,,,,,,6.0,,4.0,4.75,,,,,,,,4.5,,,,,,3.75,,,,,5.0,,,,4.75,,
1972-06-30,,5.0,,4.0,,4.75,3.75,,,,,3.0,8.0,5.0,,5.75,6.0,6.5,,,,,,,6.0,,4.0,4.25,,,,,,,,4.5,,,,,,3.75,,,,,5.0,,,,4.5,,
1972-07-31,,5.0,,4.0,,4.75,3.75,,,,,3.0,8.0,5.0,,5.75,6.0,6.5,,,,,,,6.0,,4.0,4.25,,,,,,,,4.5,,,,,,3.75,,,,,5.0,,,,4.5,,
1972-08-31,,5.0,,4.0,,4.75,3.75,,,,,3.0,8.0,5.0,,5.75,6.0,6.5,,,,,,,6.0,,4.0,4.25,,,,,,,,4.5,,,,,,3.75,,,,,5.0,,,,5.13,,
1972-09-30,,5.0,,4.0,,4.75,3.75,,,,,3.0,8.0,5.0,,5.75,6.0,6.5,,,,,,,6.0,,4.0,4.25,,,,,,,,3.5,,,,,,3.75,,,,,5.0,,,,4.88,,
1972-10-31,,5.0,,4.0,,4.75,3.75,,,,,3.5,7.0,5.0,,5.75,7.5,6.5,,,,,,,6.0,,4.0,4.25,,,,,,,,3.5,,,,,,3.75,,,,,5.0,,,,4.88,,
1972-11-30,,5.5,,4.5,,4.75,3.75,,,,,4.0,7.0,5.0,,7.5,7.5,6.5,,,,,,,6.0,,4.0,4.25,,,,,,,,4.5,,,,,,3.75,,,,,5.0,,,,5.19,,
1972-12-31,,5.5,,5.0,,4.75,3.75,,,,,4.5,7.0,5.0,,7.5,9.0,6.5,,,,,,,6.0,,4.0,4.25,,,,,,,,4.5,,,,,,4.0,,,,,5.0,,,,5.5,,
1973-01-31,,5.5,,5.0,,4.75,4.5,,,,,5.0,7.0,5.0,,7.5,8.75,6.5,,,,,,,6.0,,4.0,4.25,,,,,,,,4.5,,,,,,4.0,,,,,5.0,,,,6.5,,
1973-02-28,,5.5,,5.0,,4.75,4.5,,,,,5.0,7.0,5.0,,7.5,8.75,6.5,,,,,,,6.0,,4.0,4.25,,,,,,,,4.5,,,,,,4.0,,,,,5.0,,,,7.5,,
1973-03-31,,5.5,,5.0,,4.75,4.5,,,,,5.0,7.0,5.0,,7.5,8.5,6.5,,,,,,,6.0,,4.0,4.25,,,,,,,,4.5,,,,,,4.0,,,,,5.0,,,,7.38,,
1973-04-30,,5.5,,5.0,,5.25,4.5,,,,,5.0,7.0,5.0,,7.5,8.25,6.5,,,,,,,6.0,,4.0,5.0,,,,,,,,4.5,,,,,,4.0,,,,,5.0,,,,7.63,,
1973-05-31,,5.5,,5.5,,5.75,4.5,,,,,6.0,7.0,5.0,,7.5,7.75,7.5,,,,,,,7.0,,4.0,5.5,,,,,,,,4.5,,,,,,4.0,,,,,5.0,,,,8.13,,
1973-06-30,,5.5,,5.5,,6.25,4.5,,,,,7.0,7.0,5.0,,7.5,7.5,7.5,,,,,,,7.0,,4.0,5.5,,,,,,,,5.5,,,,,,4.0,,,,,5.0,,,,8.88,,
1973-07-31,,5.5,,6.0,,6.25,4.5,,,,,7.0,8.0,6.0,,8.625,11.5,9.0,,,,,,,7.0,,4.0,6.0,,,,,,,,6.5,,,,,,4.0,,,,,5.0,,,,11.22,,
1973-08-31,,5.5,,6.5,,6.75,4.5,,,,,7.0,8.0,6.0,,8.875,11.5,9.0,,,,,,,7.0,,4.0,7.0,,,,,,,,7.5,,,,,,4.0,,,,,5.0,,,,11.22,,
1973-09-30,,5.5,,6.5,,7.25,4.5,,,,,7.0,8.0,6.0,,9.8125,11.5,9.0,,,,,,,7.0,,6.5,7.0,,,,,,,,7.5,,,,,,4.0,,,,,5.0,,,,10.82,,
1973-10-31,,5.5,,7.0,,7.25,4.5,,,,,7.0,8.0,6.0,,10.875,11.25,9.0,,,,,,,7.0,,6.5,7.0,,,,,,,,8.0,,,,,,4.0,,,,,5.0,,,,10.61,,
1973-11-30,,5.5,,7.75,,7.25,4.5,,,,,7.0,8.0,6.0,,10.8125,13.0,9.0,,,,,,,7.0,,6.5,7.0,,,,,,,,8.0,,,,,,4.0,,,,,5.0,,,,10.34,,
1973-12-31,,5.5,,7.75,,7.25,4.5,,,,,7.0,9.0,6.0,,10.6875,13.0,9.0,,,,,,,7.0,,6.5,9.0,,,,,,,,9.0,,,,,,5.0,,,,,5.0,,,,9.83,,
1974-01-31,,5.5,,7.75,,7.25,5.5,,,,,7.0,10.0,6.0,,11.5,12.75,9.0,,,,,,,7.0,,6.5,9.0,,,,,,,,9.0,,,,,,5.0,,,,,5.0,,,,9.31,,
1974-02-28,,5.5,,8.75,,7.25,5.5,,,,,7.0,10.0,6.0,,10.75,12.5,11.0,,,,,,,7.0,,6.5,9.0,,,,,,,,9.0,,,,,,5.0,,,,,5.0,,,,8.87,,
1974-03-31,,5.5,,8.75,,7.25,5.5,,,,,7.0,10.0,6.0,,10.5,12.5,11.0,,,,,,,7.0,,9.0,9.0,,,,,,,,9.0,,,,,,5.0,,,,,5.0,,,,9.95,,
1974-04-30,,5.5,,8.75,,8.25,5.5,,,,,7.0,10.0,6.0,,10.625,12.0,11.0,,,,,,,7.0,,9.0,9.0,,,,,,,,9.0,,,,,,5.0,,,,,6.0,,,,11.0,,
1974-05-31,,6.5,,8.75,,8.75,5.5,,,,,7.0,10.0,6.0,,10.625,11.75,11.0,,,,,,,7.0,,9.0,9.0,,,,,,,,9.0,,,,,,5.0,,,,,6.0,,,,11.64,,
1974-06-30,,6.5,,8.75,,8.75,5.5,,,,,7.0,10.0,6.0,,11.875,11.75,11.0,,,,,,,7.0,,9.0,9.0,,,,,,,,9.0,,,,,,5.0,,,,,6.0,,,,13.31,,
1974-07-31,,6.5,,8.75,,9.25,5.5,,,,,7.0,10.0,6.0,,11.75,11.75,11.0,,,,,,,9.0,,9.0,9.0,,,,,,,,9.0,,,,,,5.0,,,,,6.0,,,,12.06,,
1974-08-31,,6.5,,8.75,,9.25,5.5,,,,,7.0,10.0,7.0,,11.75,11.75,11.0,,,,,,,9.0,,9.0,9.0,,,,,,,,9.0,,,,,,5.0,,,,,7.0,,,,11.6,,
1974-09-30,,6.5,,8.75,,9.25,5.5,,,,,7.0,10.0,7.0,,11.75,11.5,8.0,,,,,,,9.0,,9.0,9.0,,,,,,,,9.0,,,,,,5.0,,,,,7.0,,,,11.11,,
1974-10-31,,6.5,,8.75,,9.25,5.5,,,,,6.5,10.0,7.0,,11.5,11.5,8.0,,,,,,,9.0,,9.0,9.0,,,,,,,,8.0,,,,,,5.0,,,,,7.0,,,,9.66,,
1974-11-30,,6.5,,8.75,,8.75,5.5,,,,,6.5,10.0,7.0,,11.0,11.5,8.0,,,,,,,9.0,,9.0,9.0,,,,,,,,8.0,,,,,,5.0,,,,,7.0,,,,9.47,,
1974-12-31,,6.5,,8.75,,8.75,5.5,,,,,6.0,10.0,7.0,,10.75,11.5,8.0,,,,,,,9.0,,8.0,9.0,,,,,,,,8.0,,,,,,7.5,,,,,7.0,,,,3.87,,
1975-01-31,,6.5,,8.25,,8.25,5.5,,,,,6.0,9.0,7.0,,10.0,11.0,8.0,,,,,,,9.0,,8.0,9.0,,,,,,,,8.0,,,,,,7.5,,,,,7.0,,,,6.76,,
1975-02-28,,6.5,,8.25,,8.25,5.5,,,,,5.5,9.0,7.0,,9.625,10.5,8.0,,,,,,,9.0,,8.0,9.0,,,,,,,,8.0,,,,,,7.5,,,,,7.0,,,,6.07,,
1975-03-31,,6.5,,7.5,,8.25,5.0,,,,,5.0,9.0,7.0,,9.5,10.0,8.0,,,,,,,9.0,,8.0,9.0,,,,,,,,7.0,,,,,,7.5,,,,,7.0,,,,5.39,,
1975-04-30,,6.0,,7.0,,8.25,5.0,,,,,5.0,8.0,7.0,,7.875,9.75,8.0,,,,,,,9.0,,8.0,8.5,,,,,,,,7.0,,,,,,7.5,,,,,7.0,,,,7.03,,
1975-05-31,,6.0,,6.5,,8.25,4.5,,,,,4.5,8.0,7.0,,7.25,10.0,8.0,,,,,,,9.0,,7.0,8.5,,,,,,,,7.0,,,,,,7.5,,,,,7.0,,,,5.23,,
1975-06-30,,6.0,,6.5,,8.25,4.5,,,,,4.5,8.0,7.0,,7.0,10.0,8.0,,,,,,,9.0,,7.0,8.0,,,,,,,,7.0,,,,,,7.5,,,,,7.0,,,,5.97,,
1975-07-31,,6.0,,6.5,,8.25,4.5,,,,,4.5,8.0,7.0,,7.0,11.0,8.0,,,,,,,9.0,,7.0,8.0,,,,,,,,7.0,,,,,,7.5,,,,,7.0,,,,6.23,,
1975-08-31,,6.0,,6.0,,8.25,4.0,,,,,4.0,7.5,7.0,,7.0,11.0,8.0,,,,,,,9.0,,7.0,7.5,,,,,,,,6.5,,,,,,7.5,,,,,6.0,,,,6.13,,
1975-09-30,,6.0,,6.0,,9.0,3.5,,,,,3.5,7.5,7.0,,7.0,11.0,8.0,,,,,,,9.0,,6.0,7.5,,,,,,,,5.5,,,,,,7.5,,,,,6.0,,,,6.22,,
1975-10-31,,6.0,,6.0,,9.0,3.0,,,,,3.5,7.5,7.0,,6.75,12.0,10.0,,,,,,,9.0,,6.0,6.5,,,,,,,,5.5,,,,,,7.5,,,,,6.0,,,,5.65,,
1975-11-30,,6.0,,6.0,,9.0,3.0,,,,,3.5,7.5,7.0,,6.5,11.75,10.0,,,,,,,9.0,,6.0,6.5,,,,,,,,5.5,,,,,,7.5,,,,,6.0,,,,5.29,,
1975-12-31,,6.0,,6.0,,9.0,3.0,,,,,3.5,7.5,7.0,,6.25,11.25,10.0,,,,,,,9.0,,6.0,6.5,,,,,,,,5.5,,,,,,6.5,,,,,6.0,,,,5.37,,
1976-01-31,,5.0,,6.0,,9.0,2.5,,,,,3.5,7.5,7.0,,6.5,10.5,10.0,,,,,,,9.0,,6.0,6.5,,,,,,,,5.5,,,,,,6.5,,,,,5.5,,,,4.84,,
1976-02-29,,5.0,,6.0,,9.0,2.5,,,,,3.5,7.5,7.0,,7.625,9.5,10.0,,,,,,,9.0,,8.0,6.5,,,,,,,,4.5,,,,,,6.5,,,,,5.5,,,,4.89,,
1976-03-31,,5.0,,7.0,,9.5,2.5,,,,,3.5,8.5,7.0,,7.375,9.0,10.0,,,,,,,9.0,,12.0,6.5,,,,,,,,4.5,,,,,,6.5,,,,,5.5,,,,5.07,,
1976-04-30,,5.0,5.02,7.0,,9.5,2.5,,,,,3.5,8.5,7.0,,7.375,10.5,10.0,,,,,,,9.0,,12.0,6.5,,,,,,,,4.5,,,,,,6.5,,,,,5.5,,,,5.1,,
1976-05-31,,5.0,8.33,7.0,,9.5,2.5,,,,,3.5,8.5,7.0,,7.5,11.5,10.0,,,,,,,9.0,,12.0,6.5,,,,,,,,4.5,,,,,,6.5,,,,,5.5,,,,5.67,,
1976-06-30,,4.0,4.97,7.0,,9.5,2.0,,,,,3.5,8.5,7.0,,7.5,11.5,10.0,,,,,,,9.0,,12.0,6.5,,,,,,,,5.5,,,,,,6.5,,,,,6.0,,,,5.71,,
1976-07-31,,4.0,8.27,8.0,,9.5,2.0,,,,,3.5,8.5,7.0,,8.375,11.5,10.0,,,,,,,9.0,,12.0,6.5,,,,,,,,5.5,,,,,,6.5,,,,,6.0,,,,5.32,,
1976-08-31,,4.0,7.72,9.0,,9.5,2.0,,,,,3.5,8.5,7.0,,9.25,11.5,10.0,,,,,,,9.0,,12.0,6.5,,,,,,,,8.0,,,,,,6.5,,,,,6.0,,,,5.31,,
1976-09-30,,4.0,7.91,9.0,,9.5,2.0,,,,,3.5,8.5,7.0,,9.25,13.0,10.0,,,,,,,9.0,,12.0,6.5,,,,,,,,8.0,,,,,,6.5,,,,,6.0,,,,5.31,,
1976-10-31,,4.0,7.47,9.0,,9.5,2.0,,,,,3.5,11.0,7.0,,9.25,15.0,10.0,,,,,,,9.0,,15.0,6.5,,,,,,,,8.0,,,,,,6.5,,,,,8.0,,,,5.02,,
1976-11-30,,4.0,4.59,9.0,,9.0,2.0,,,,,3.5,11.0,7.0,,10.25,14.75,10.0,,,,,,,9.0,,15.0,6.5,,,,,,,,7.0,,,,,,6.5,,,,,8.0,,,,4.69,,
1976-12-31,,4.0,7.2,9.0,,8.5,2.0,,,,,3.5,11.0,7.0,,10.25,14.25,10.0,,,,,,,9.0,,15.0,6.5,,,,,,,,7.0,,,,,,6.5,,,,,8.0,,,,4.17,,
1977-01-31,,4.0,8.73,8.0,,8.5,2.0,,,,,3.5,10.0,7.0,,9.875,12.25,11.0,,,,,,,9.0,,15.0,6.5,,,,,,,,6.0,,,,,,6.5,,,,,8.0,,,,4.65,,
1977-02-28,,4.0,8.34,7.0,,8.0,2.0,,,,,3.5,10.0,7.0,,9.75,12.0,11.0,,,,,,,9.0,,15.0,6.5,,,,,,,,6.0,,,,,,6.5,,,,,8.0,,,,4.73,,
1977-03-31,,4.0,9.0,7.0,,8.0,2.0,,,,,3.5,9.0,7.0,,9.5,9.5,11.0,,,,,,,9.0,,15.0,6.0,,,,,,,,6.0,,,,,,8.0,,,,,8.0,,,,4.72,,
1977-04-30,,4.0,8.13,7.0,,8.0,2.0,,,,,3.5,9.0,7.0,,9.125,8.75,11.0,,,,,,,9.0,,15.0,5.0,,,,,,,,5.0,,,,,,8.0,,,,,8.0,,,,5.12,,
1977-05-31,,4.0,9.28,6.5,,7.5,2.0,,,,,3.5,9.0,7.0,,9.0,8.0,11.0,,,,,,,9.0,,15.0,5.0,,,,,,,,4.0,,,,,,8.0,,,,,8.0,,,,5.47,,
1977-06-30,,5.5,12.47,6.0,,7.5,2.0,,,,,3.5,9.0,7.0,,8.875,8.0,11.0,,,,,,,9.0,,13.0,5.0,,,,,,,,4.0,,,,,,8.0,,,,,8.0,,,,5.64,,
1977-07-31,,5.5,10.34,6.0,,7.5,1.5,,,,,3.5,9.0,8.0,,8.5,8.0,11.0,,,,,,,9.0,,13.0,5.0,,,,,,,,4.0,,,,,,8.0,,,,,8.0,,,,5.86,,
1977-08-31,,5.5,12.34,6.0,,7.5,1.5,,,,,3.5,9.0,8.0,,8.25,7.0,11.0,,,,,,,9.0,,11.5,5.0,,,,,,,,4.0,,,,,,13.0,,,,,8.0,,,,6.03,,
1977-09-30,,5.5,10.5,6.0,,7.5,1.5,,,,,3.5,9.0,18.55,,8.125,6.0,11.0,,,,,,,9.0,,11.5,4.25,,,,,,,,4.0,,,,,,13.0,,,,,8.0,,,,6.46,,
1977-10-31,,5.5,9.87,6.0,,7.5,1.5,,,,,3.5,9.0,19.188,,8.125,5.0,11.0,,,,,,,9.0,,11.5,4.25,,,,,,,,4.0,,,,,,13.0,,,,,8.0,,,,6.6,,
1977-11-30,,5.5,9.76,6.0,,7.5,1.5,,,,,3.5,9.0,9.063,,8.5,7.0,11.0,,,,,,,9.0,,11.5,4.25,,,,,,,,5.0,,,,,,13.0,,,,,8.0,,,,6.56,,
1977-12-31,,5.5,7.91,9.0,,7.5,1.5,,,,,3.0,9.0,6.563,,8.875,7.0,11.0,,,,,,,9.0,,11.5,4.25,,,,,,,,5.0,,,,,,13.0,,,,,8.0,,,,6.53,,
1978-01-31,,5.5,10.61,7.5,,7.5,1.5,,,,,3.0,9.0,2.0,,8.75,6.5,11.0,,,,,,,9.0,,11.5,4.25,,,,,,,,5.0,,,,,,13.0,,,,,8.0,,,,6.79,,
1978-02-28,,5.5,8.6,6.5,,7.5,1.0,,,,,3.0,9.0,0.063,,8.75,6.5,11.0,,,,,,,9.0,,11.5,4.25,,,,,,,,5.0,,,,,,13.0,,,,,7.5,,,,6.83,,
1978-03-31,,5.5,8.14,5.5,,8.0,1.0,,,,,3.0,9.0,2.0,,8.75,6.5,11.0,,,,,,,9.0,,11.5,3.5,,,,,,,,5.0,,,,,,13.0,,,,,7.5,,,,6.97,,
1978-04-30,,5.5,8.05,5.5,,8.5,1.0,,,,,3.0,9.0,11.563,,8.375,7.5,11.0,,,,,,,9.0,,11.5,3.5,,,,,,,,4.5,,,,,,13.0,,,,,7.0,,,,7.25,,
1978-05-31,,5.5,9.79,5.5,,8.5,1.0,,,,,3.0,9.0,17.875,,8.125,9.0,11.0,,,,,,,9.0,,11.5,3.5,,,,,,,,4.5,,,,,,18.0,,,,,7.0,,,,7.43,,
1978-06-30,,4.5,10.29,5.5,,8.5,1.0,,,,,3.0,9.0,19.875,,7.75,10.0,14.0,,,,,,,9.0,,11.5,3.5,,,,,,,,4.5,,,,,,18.0,,,,,7.0,,,,8.01,,
1978-07-31,,4.5,9.68,6.0,,9.0,1.0,,,,,3.0,8.0,29.688,,7.375,10.0,14.0,,,,,,,9.0,,11.5,3.5,,,,,,,,5.0,,,,,,18.0,,,,,6.5,,,,8.0,,
1978-08-31,,4.5,10.99,6.0,,9.0,1.0,,,,,3.0,8.0,30.5,,7.375,10.0,14.0,,,,,,,9.0,,11.5,3.5,,,,,,,,5.0,,,,,,18.0,,,,,6.5,,,,8.4,,
1978-09-30,,4.5,10.15,6.0,,9.5,1.0,,,,,3.0,8.0,21.5,,7.25,10.0,14.0,,,,,,,9.0,,10.5,3.5,,,,,,,,6.0,,,,,,18.0,,,,,6.5,,,,8.9,,
1978-10-31,,4.5,7.8,6.0,,10.25,1.0,,,,,3.0,8.0,36.5,,7.0,10.0,14.0,,,,,,,9.0,,10.5,3.5,,,,,,,,7.0,,,,,,18.0,,,,,6.5,,,,9.35,,
1978-11-30,,4.5,8.66,6.0,,10.75,1.0,,,,,3.0,8.0,26.375,,6.875,12.5,14.0,,,,,,,9.0,,10.5,3.5,,,,,,,,7.0,,,,,,18.0,,,,,6.5,,,,9.94,,
1978-12-31,,4.5,8.28,6.0,,10.75,1.0,,,,,3.0,8.0,13.313,,6.375,12.5,14.0,,,,,,,9.0,,10.5,3.5,,,,,,,,7.0,,,,,,18.0,,,,,6.5,,,,10.84,,
1979-01-31,,4.25,10.5,6.0,,11.25,1.0,,,,,4.0,8.0,10.125,,6.375,12.5,14.0,,,,,,,9.0,,10.5,3.5,,,,,,,,7.0,,,,,,18.0,,,,,6.5,,,,10.57,,
1979-02-28,,4.25,8.5,6.0,,11.25,1.0,,,,,4.0,8.0,9.0,,6.375,14.0,14.0,,,,,,,9.0,,10.5,3.5,,,,,,,,7.0,,,,,,18.0,,,,,6.5,,,,10.24,,
1979-03-31,,4.25,8.75,6.0,,11.25,1.0,,,,,5.0,8.0,15.5,,6.75,13.0,14.0,,,,,,,9.0,,10.5,3.5,,,,,,,,7.0,,,,,,18.0,,,,,6.5,,,,10.07,,
1979-04-30,,4.25,10.0,6.0,,11.25,1.0,,,,,5.0,8.0,23.125,,6.75,12.0,14.0,,,,,,,9.0,,10.5,4.25,,,,,,,,7.0,,,,,,18.0,,,,,6.5,,,,10.43,,
1979-05-31,,4.25,11.0,8.0,,11.25,1.0,,,,,5.0,8.0,15.188,,7.125,12.0,14.0,,,,,,,9.0,,10.5,4.25,,,,,,,,7.5,,,,,,18.0,,,,,6.5,,,,10.31,,
1979-06-30,,4.25,12.0,9.0,,11.25,1.0,,,,,5.5,9.0,10.313,,8.375,14.0,15.0,,,,,,,9.0,,10.5,4.25,,,,,,,,7.5,,,,,,18.0,,,,,6.5,,,,10.54,,
1979-07-31,,4.25,10.0,9.0,,11.75,1.0,,,,,6.0,9.0,10.313,,10.25,14.0,15.0,,,,,,,9.0,,10.5,5.25,,,,,,,,8.5,,,,,,18.0,,,,,7.0,,,,10.81,,
1979-08-31,,4.25,12.5,9.0,,11.75,1.0,,,,,6.0,9.0,12.0,,10.25,14.0,15.0,,,,,,,9.0,,10.5,5.25,,,,,,,,8.5,,,,,,18.0,,,,,7.0,,,,11.29,,
1979-09-30,,6.25,11.0,9.0,,12.25,1.0,,,,,6.0,11.0,10.563,,11.25,14.0,19.0,,,,,,,9.0,,10.5,5.25,,,,,,,,8.5,,,,,,18.0,,,,,8.0,,,,12.16,,
1979-10-31,,6.25,8.5,10.0,,14.0,1.0,,,,,6.0,11.0,10.313,,11.5,14.0,19.0,,,,,,,9.0,,12.0,5.25,,,,,,,,8.5,,,,,,18.0,,,,,8.0,,,,14.82,,
1979-11-30,,6.25,9.5,10.0,,14.0,2.0,,,,,7.0,11.0,9.625,,12.0,17.0,19.0,,,,,,,9.0,,12.0,6.25,,,,,,,,10.5,,,,,,18.0,,,,,9.0,,,,13.96,,
1979-12-31,,6.25,8.0,10.5,,14.0,2.0,,,,,7.0,11.0,11.125,,12.125,17.0,19.0,,,,,,,9.0,,15.0,6.25,,,,,,,,10.5,,,,,,18.0,,,,,9.0,,,,14.77,,
1980-01-31,,6.75,11.0,10.5,,14.0,2.0,,,,,7.0,11.0,12.125,,12.0,17.0,19.0,,,,,,,9.0,,15.0,6.25,,,,,,,,10.5,,,,,,18.0,,,,,10.0,,,,13.4,,
1980-02-29,,6.75,10.0,12.0,,14.0,3.0,,,,,8.5,13.0,13.188,,12.375,17.0,19.0,,,,,,,9.0,,15.0,7.25,,,,,,,,10.5,,,,,,18.0,,,,,10.0,,,,16.33,,
1980-03-31,,8.25,10.0,14.0,,15.49,3.0,,,,,8.5,13.0,16.313,,12.875,17.0,19.0,,,,,,,9.0,,15.0,9.0,,,,,,,,10.5,,,,,,18.0,,,,,10.0,,,,19.85,,
1980-04-30,,8.25,11.0,14.0,,15.67,3.0,,,,,8.5,13.0,18.063,,12.75,17.0,19.0,,,,,,,9.0,,15.0,9.0,,,,,,,,10.5,,,,,,18.0,,,,,10.0,,,,14.64,,
1980-05-31,,8.25,13.25,14.0,,11.83,3.0,,,,,9.5,13.0,17.625,,12.75,17.0,19.0,,,,,,,9.0,,15.0,9.0,,,,,,,,11.0,,,,,,18.0,,,,,10.0,,,,11.06,,
1980-06-30,,8.25,42.5,13.0,,10.63,3.0,,,,,9.5,13.0,14.125,,12.25,17.0,19.0,,,,,,,9.0,,15.0,9.0,,,,,,,,10.5,,,,,,18.0,,,,,10.0,,,,10.44,,
1980-07-31,,8.25,13.5,12.0,,10.31,3.0,,,,,9.5,13.0,14.0,,12.0,16.0,20.5,,,,,,,9.0,,15.0,9.0,,,,,,,,10.0,,,,,,18.0,,,,,10.0,,,,9.93,,
1980-08-31,,8.25,13.0,12.0,,10.74,3.0,,,,,9.5,13.0,13.875,,11.25,16.0,20.5,,,,,,,9.0,,15.0,8.25,,,,,,,,10.0,,,,,,18.0,,,,,10.0,,,,10.74,,
1980-09-30,,8.25,10.5,12.0,,11.2,3.0,,,,,9.0,12.0,14.332,,11.25,16.0,20.5,,,,,,,9.0,,16.5,8.25,,,,,,,,9.5,,,,,,18.0,,,,,10.0,,,,13.19,,
1980-10-31,,8.25,11.5,12.0,,12.16,3.0,,,,,9.0,11.0,15.563,,11.25,16.0,20.5,,,,,,,9.0,,16.5,8.25,,,,,,,,9.0,,,,,,18.0,,,,,10.0,,,,13.77,,
1980-11-30,,8.25,14.5,12.0,,13.95,3.0,,,,,9.0,11.0,17.625,,11.25,14.0,20.5,,,,,,,9.0,,16.5,7.25,,,,,,,,9.0,,,,,,18.0,,,,,10.0,,,,18.56,,
1980-12-31,,8.25,12.5,12.0,,17.26,3.0,,,,,9.0,11.0,19.063,,11.25,14.0,20.5,,,,,,,9.0,,16.5,7.25,,,,,,,,9.0,,,,,,18.0,,,,,10.0,,,,22.0,,7.0
1981-01-31,,8.25,12.0,12.0,,17.11,3.0,,,,,9.0,11.0,14.5,,10.75,14.0,20.5,,,,,,,9.0,,16.5,7.25,,,,,,,,9.0,,,,,,18.0,,,,,12.0,,,,17.25,,7.0
1981-02-28,,8.25,12.5,12.0,,17.08,4.0,,,,,9.0,11.0,13.25,,10.75,14.0,20.5,,,,,,,9.0,,16.5,7.25,,,,,,,,9.0,,,,,,18.0,,,,,12.0,,,,15.53,,8.0
1981-03-31,,8.25,11.5,16.0,,16.69,4.0,,,,,9.0,11.0,13.063,,10.75,12.0,20.5,,,,,,,9.0,,19.0,6.25,,,,,,,,10.0,,,,,,18.0,,,,,12.0,,,,14.63,,8.0
1981-04-30,,8.25,13.75,14.0,,17.6,4.0,,,,,9.0,11.0,15.625,,10.75,12.0,20.5,,,,,,,9.0,,19.0,6.25,,,,,,,,10.0,,,,,,18.0,,,,,12.0,,,,18.92,,8.0
1981-05-31,,8.25,14.5,13.0,,18.68,5.0,,,,,9.0,11.0,18.0,,10.75,12.0,20.5,,,,,,,9.0,,19.0,6.25,,,,,,,,10.0,,,,,,18.0,,,,,12.0,,,,17.56,,9.5
1981-06-30,,8.25,27.5,13.0,,19.08,5.0,,,,,9.0,11.0,19.188,,10.75,12.0,20.5,,,,,,,9.0,,19.0,6.25,,,,,,,,10.0,,,,,,18.0,,,,,12.0,,,,18.64,,10.5
1981-07-31,,8.25,16.25,13.0,,20.54,5.0,,,,,9.0,11.0,16.0,,17.5,12.0,20.5,,,,,,,10.0,,19.0,6.25,,,,,,,,10.0,,,,,,18.0,,,,,12.0,,,,17.46,,12.5
1981-08-31,,8.25,15.25,13.0,,21.07,5.0,,,,,9.0,11.0,17.875,,17.125,12.6875,20.5,,,,,,,10.0,,19.0,6.25,,,,,,,,10.0,,,,,,18.0,,,,,12.0,,,,16.83,,12.5
1981-09-30,,8.25,16.25,13.0,,19.63,6.0,,,,,9.0,11.0,16.938,,17.75,14.0,20.5,,,,,,,10.0,,19.0,6.25,,,,,,,,10.0,,,,,,18.0,,,,,12.0,,,,16.58,,12.5
1981-10-31,,8.25,14.75,13.0,,18.21,6.0,,,,,9.0,11.0,17.563,,15.5,15.125,20.5,,,,,,,10.0,,19.0,6.25,,,,,,,,10.0,,,,,,18.0,,,,,11.0,,,,14.44,,12.5
1981-11-30,,8.25,15.0,13.0,,15.32,6.0,,,,,9.0,11.0,18.75,,15.25,14.5625,20.5,,,,,,,10.0,,19.0,6.25,,,,,,,,10.0,,,,,,18.0,,,,,11.0,,,,12.44,,12.5
1981-12-31,,8.25,14.75,15.0,,14.66,6.0,,,,,9.0,11.0,19.0,,14.75,14.375,20.5,,,,,,,10.0,,19.0,5.5,,,,,,,,10.0,,,,,,18.0,,,,,11.0,,,,13.13,,13.5
1982-01-31,,8.25,15.38,14.0,,14.59,6.0,,,,,9.0,11.0,16.0,,14.75,13.875,20.5,,,,,,,10.0,,19.0,5.5,,,,,,,,9.5,,,,,,18.0,,,,,11.0,,,,14.21,,13.5
1982-02-28,,8.25,16.25,14.0,,14.83,6.0,,,,,9.0,11.0,15.125,,14.125,13.625,20.5,,,,,,,10.0,,19.0,5.5,,,,,,,,9.5,,,,,,18.0,,,,,11.0,,,,13.74,,13.5
1982-03-31,,8.25,16.75,13.0,,15.11,6.0,,,,,9.0,11.0,15.375,,17.0,13.25,20.5,,,,,,,10.0,,19.0,5.5,,,,,,,,9.0,,,,,,18.0,,,,,10.0,,,,16.8,,13.5
1982-04-30,,8.25,20.38,14.0,,15.23,6.0,,,,,9.0,11.0,17.25,,16.0,13.125,20.5,,,,,,,10.0,,19.0,5.5,,,,,,,,9.0,,,,,,19.0,,,,,10.0,,,,15.28,,13.5
1982-05-31,,8.25,18.25,14.0,,15.43,6.0,,,,,9.0,11.0,18.5,,16.0,13.125,20.5,,,,,,,10.0,,19.0,5.5,,,,,,,,8.5,,,,,,19.0,,,,,10.0,,,,13.38,,13.5
1982-06-30,,8.25,27.5,14.0,,16.58,6.0,,,,,9.0,11.0,23.25,,15.25,12.625,20.5,,,,,,,10.0,,19.0,5.5,,,,,,,,8.5,,,,,,19.0,,,,,10.0,,,,14.58,,13.5
1982-07-31,,8.25,17.0,13.5,,15.5,6.0,,,,,9.0,11.0,15.938,,14.75,11.625,20.5,,,,,,,10.0,,19.0,5.5,,,,,,,,8.5,,,,,,19.0,,,,,10.0,,,,11.41,,13.5
1982-08-31,,7.75,18.75,13.0,,13.95,5.0,,,,,8.0,11.0,15.0,,14.0,10.625,20.5,,,,,,,10.0,,18.0,5.5,,,,,,,,7.5,,,,,,19.0,,,,,10.0,,,,10.63,,13.5
1982-09-30,,7.75,19.0,12.5,,12.98,5.0,,,,,8.0,11.0,16.438,,13.75,10.125,20.5,,,,,,,10.0,,18.0,5.5,,,,,,,,7.5,,,,,,19.0,,,,,10.0,,,,12.17,,13.5
1982-10-31,,7.25,15.5,12.0,,11.46,5.0,,,,,7.0,11.0,20.75,,13.25,9.625,20.5,,,,,,,10.0,,18.0,5.5,,,,,,,,6.5,,,,,,19.0,,,,,10.0,,,,9.41,,13.5
1982-11-30,,7.25,14.25,11.5,,10.97,5.0,,,,,7.0,10.0,22.563,,13.0,10.0,20.5,,,,,,,10.0,,18.0,5.5,,,,,,,,6.0,,,,,,19.0,,,,,10.0,,,,8.93,,13.5
1982-12-31,,6.25,10.5,11.5,,10.05,4.5,,,,,6.0,10.0,18.313,,12.75,10.0,20.5,,,,,,,10.0,,18.0,5.5,,,,,,,,5.5,,,,,,19.0,,,,,10.0,,,,11.2,,13.5
1983-01-31,,6.25,11.25,11.5,,9.83,4.5,,,,,6.0,10.0,23.0,,12.5,11.0,20.5,,,,,,,10.0,,18.0,5.5,,,,,,,,5.0,,,,,,19.0,,,,,9.0,,,,8.56,,13.5
1983-02-28,,6.25,17.25,11.5,,9.48,4.5,,,,,6.0,10.0,16.5,,12.5,11.0,20.5,,,,,,,10.0,,18.0,5.5,,,,,,,,5.0,,,,,,19.0,,,,,9.0,,,,8.53,,13.5
1983-03-31,,5.25,13.88,11.0,,9.42,4.0,,,,,5.0,8.5,18.625,,12.5,10.5625,20.5,,,,,,,10.0,,18.0,5.5,,,,,,,,4.0,,,,,,23.0,,,,,9.0,,,,10.81,,13.5
1983-04-30,,5.25,14.0,10.0,,9.37,4.0,,,,,5.0,7.5,20.625,,12.5,10.0625,20.5,,,,,,,10.0,,17.0,5.5,,,,,,,,4.0,,,,,,23.0,,,,,8.5,,,,8.84,,13.5
1983-05-31,,5.25,13.5,9.5,,9.5,4.0,,,,,5.0,7.5,22.313,,12.5,10.0625,20.5,,,,,,,10.0,,17.0,5.5,,,,,,,,5.0,,,,,,23.0,,,,,8.5,,,,8.94,,13.5
1983-06-30,,5.25,15.5,9.0,,9.42,4.0,,,,,5.0,7.5,20.063,,12.25,9.5625,20.5,,,,,,,10.0,,17.0,5.5,,,,,,,,5.0,,,,,,23.0,,,,,8.5,,,,10.06,,13.5
1983-07-31,,5.25,11.5,9.0,,9.49,4.0,,,,,5.0,7.5,23.25,,12.25,9.5625,20.5,,,,,,,10.0,,17.0,5.5,,,,,,,,5.0,,,,,,23.0,,,,,8.5,,,,9.52,,13.5
1983-08-31,,5.25,10.0,9.0,,9.57,4.0,,,,,5.0,7.5,24.125,,12.25,9.5625,20.5,,,,,,,10.0,,17.0,5.5,,,,,,,,5.0,,,,,,25.0,,,,,8.5,,,,9.59,,13.5
1983-09-30,,5.75,13.75,9.0,,9.49,4.0,,,,,5.5,7.5,22.75,,12.25,9.5625,20.5,,,,,,,10.0,,17.0,5.5,,,,,,,,5.5,,,,,,25.0,,,,,8.5,,,,10.59,,13.5
1983-10-31,,5.75,12.75,9.0,,9.49,4.0,,,,,5.5,7.0,22.688,,12.25,9.0625,20.5,,,,,,,10.0,,17.0,5.0,,,,,,,,5.5,,,,,,25.0,,,,,8.5,,,,9.43,,13.5
1983-11-30,,5.75,11.25,10.0,,9.63,4.0,,,,,5.5,7.0,19.688,,12.0,9.0625,20.5,,,,,,,10.0,,17.0,5.0,,,,,,,,5.5,,,,,,25.0,,,,,8.5,,,,9.34,,13.5
1983-12-31,,5.75,6.0,10.0,,9.96,4.0,,,,,5.5,7.0,20.563,,12.0,9.0625,20.5,,,,,,,10.0,,17.0,5.0,,,,,,,,5.5,,,,,,25.0,,,,,8.5,,,,9.92,,17.75
1984-01-31,,5.75,9.75,10.0,,9.98,4.0,,,,,5.5,7.0,16.125,,12.0,9.0625,20.5,,,,,,,10.0,,17.0,5.0,,,,,,,,5.5,,,,,,25.0,,,,,8.5,,,,9.35,,17.75
1984-02-29,,5.75,12.88,11.0,,10.04,4.0,,,,,5.5,7.0,19.75,,12.0,9.0625,20.5,,,,,,,10.0,,16.0,5.0,,,,,,,,5.5,,,,,,25.0,,,,,8.5,,,,9.45,,17.75
1984-03-31,,6.5,14.25,11.0,,10.78,4.0,,,,,5.5,7.0,18.625,,12.0,8.5625,20.5,,,,,,,10.0,,16.0,5.0,,,,,,,,5.5,,,,,,25.0,,,,,8.5,,,,10.24,,17.75
1984-04-30,,6.5,14.25,11.0,,10.84,4.0,,,,,5.5,7.0,18.625,,12.0,8.5625,20.5,,,,,,,10.0,,16.0,5.0,,,,,,,,5.5,,,,,,25.0,,,,,8.5,,,,10.9,,17.75
1984-05-31,,6.5,13.5,11.0,,11.54,4.0,,,,,5.5,7.0,15.0,,11.75,9.0625,20.5,,,,,,,10.0,,15.5,5.0,,,,,,,,5.5,,,,,,25.0,,,,,8.5,,,,10.81,,17.75
1984-06-30,,6.5,14.63,11.0,,12.36,4.0,,,,,5.5,7.0,13.0,,11.5,8.875,20.5,,,,,,,10.0,,15.5,5.0,,,,,,,,5.5,,,,,,25.0,,,,,9.5,,,,10.85,,17.75
1984-07-31,,6.5,11.88,11.0,,12.98,4.0,,,,,5.5,7.0,13.0,,11.25,12.0,20.5,,,,,,,10.0,,15.5,5.0,,,,,,,,5.5,,,,,,25.0,,,,,9.5,,,,11.83,,18.75
1984-08-31,,6.5,12.38,11.0,,12.38,4.0,,,,,5.5,7.0,13.0,,11.25,10.5,20.5,,,,,,,10.0,,15.5,5.0,,,,,,,,5.5,,,,,,25.0,,,,,9.5,,,,11.64,,21.75
1984-09-30,,6.5,12.13,11.0,,12.27,4.0,,,,,5.5,7.0,13.0,,11.0,10.5,20.5,,,,,,,10.0,,16.5,5.0,,,,,,,,5.5,,,,,,25.0,,,,,9.5,,,,11.23,,21.75
1984-10-31,,6.5,12.75,11.0,,11.71,4.0,,,,,5.5,7.0,11.5,,11.0,10.5,20.5,,,,,,,10.0,,16.5,5.0,,,,,,,,5.5,,,,,,25.0,,,,,9.5,,,,9.99,,21.75
1984-11-30,,6.5,11.13,11.0,,10.75,4.0,,,,,5.5,7.0,12.5,,10.75,9.5,20.5,,,,,,,10.0,,16.5,5.0,,,,,,,,5.5,,,,,,25.0,,,,,9.5,,,,8.92,,20.75
1984-12-31,,6.5,11.25,11.0,,10.09,4.0,,,,,5.5,7.0,12.5,,10.75,9.5,20.5,,,,,,,10.0,,16.5,5.0,,,,,,,,5.5,,,,,,25.0,,,,,9.5,,,,8.74,,20.75
1985-01-31,,6.5,11.88,11.0,,9.75,4.0,,,,,5.4,7.0,12.5,,10.5,13.875,20.5,,,,,,,10.0,,15.5,5.0,,,,,,,,5.5,,15.7,,,,25.0,,,,,9.5,,,,8.73,,21.75
1985-02-28,,6.5,14.25,11.0,,11.52,4.0,,,,,5.7,7.0,12.25,,10.5,13.875,20.5,,,,,,,10.0,,15.5,5.0,,,,,,,,6.0,,54.3,,,,25.0,,,,,9.5,,,,8.74,,21.75
1985-03-31,,6.5,13.38,11.0,,10.65,4.0,,,,,5.9,7.0,12.375,,10.5,12.875,20.5,,,,,,,10.0,,15.5,5.0,,,,,,,,6.0,,21.5,,,,25.0,,,,,9.5,,,,8.58,,21.75
1985-04-30,,6.5,15.88,11.0,,10.02,4.0,,,,,5.6,7.0,12.875,,10.25,12.375,20.5,,,,,,,10.0,,15.5,5.0,,,,,,,,6.0,,19.0,,,,25.0,,,,,9.5,,,,8.58,,21.75
1985-05-31,,6.0,14.88,9.5,,9.76,4.0,,,,,5.55,7.0,12.938,,10.125,12.375,20.5,,,,,,,10.0,,15.5,5.0,,,,,,,,6.0,,23.7,,,,25.0,,,,,11.5,,,,7.64,,19.75
1985-06-30,,6.0,19.75,9.25,,9.58,4.0,,,,,5.3,7.0,14.125,,10.125,12.375,20.5,,,,,,,10.0,,15.5,5.0,,,,,,,,6.0,,21.2,,,,25.0,,,,,11.5,,,,7.95,,18.75
1985-07-31,,5.5,16.63,9.5,,9.31,4.0,,,,,4.95,7.0,14.25,,9.625,11.375,20.5,,,,,,,10.0,,15.5,5.0,,,,,,,,6.0,,22.5,,,,25.0,,,,,10.5,,,,8.61,,17.75
1985-08-31,,5.0,16.13,10.0,,9.2,4.0,,,,,4.6,7.0,12.75,,9.625,11.375,20.5,,,,,,,10.0,,15.5,5.0,,,,,,,,5.5,,42.0,,,,23.0,,,,,10.5,,,,7.8,,16.0
1985-09-30,,4.75,16.25,9.5,,9.0,4.0,,,,,4.55,7.0,11.0,,9.375,11.375,20.5,,,,,,,10.0,,15.5,5.0,,,,,,,,5.5,,50.0,,,,23.0,,,,,10.5,,,,8.84,,15.0
1985-10-31,,4.75,16.38,9.0,,8.78,4.0,,,,,4.55,7.0,11.0,,9.125,11.375,20.5,,,,,,,10.0,,15.5,5.0,,,,,,,,5.5,,21.0,,,,23.0,,,,,10.5,,,,8.08,,14.0
1985-11-30,,4.75,18.75,8.75,,9.1,4.0,,,,,4.55,7.0,10.5,,8.75,11.375,20.5,,,,,,,10.0,,15.0,5.0,,,,,,,,5.5,,22.5,,,,19.0,,,,,10.5,,,,8.54,,13.0
1985-12-31,,4.75,19.0,9.75,,9.49,4.0,,,,,4.6,7.0,10.5,,8.75,11.375,20.5,,,,,,,10.0,,15.0,5.0,,,,,,,,5.5,,19.0,,,,19.0,,,,,10.5,,,,7.75,,13.0
1986-01-31,,4.75,18.75,9.75,,10.8,4.0,,,,,4.5,7.0,10.5,,8.75,12.375,20.5,,,,,,,10.0,,15.0,4.5,,,,,,,,5.5,,20.0,,12.0,,19.0,,,,,9.5,,,,7.75,,12.0
1986-02-28,,4.75,17.0,9.75,,11.8,4.0,,,,,4.5,7.0,10.5,,8.5,12.375,20.5,,,,,,,10.0,,15.0,4.5,,,,,,,,5.5,,21.3,,6.0,,19.0,,,,,9.5,,,,7.75,,12.0
1986-03-31,,4.75,16.75,9.75,,10.44,4.0,,,,,4.3,7.0,11.5,,8.25,11.375,20.5,,,,,,,10.0,,14.0,4.0,,,,,,,,5.0,13.0,21.0,,15.0,,19.0,,,,,8.5,,,,7.25,,12.0
1986-04-30,,4.75,15.38,8.75,,9.27,4.0,,,,,4.35,7.0,12.0,,7.5,10.375,20.5,,,,,,,10.0,,13.0,3.5,,,,,,,,5.0,13.0,20.75,,15.0,,17.5,,,,,8.0,,,,6.75,,12.0
1986-05-31,,4.75,14.75,8.0,,8.58,4.0,,,,,4.35,7.0,11.75,,7.25,9.875,20.5,,,,,,,10.0,,12.0,3.5,,,,,,,,5.0,14.0,16.3,,5.0,,17.5,,,,,8.0,,,,6.8125,,11.0
1986-06-30,,4.75,19.0,8.0,18.26,8.84,4.0,,,,,4.35,7.0,11.875,,7.0,9.875,20.5,,,,,,,10.0,,12.0,3.5,,,,,,,,5.0,14.0,16.75,,9.0,,16.0,,,,,8.0,,,,6.875,,11.0
1986-07-31,,4.75,15.25,8.0,25.08,8.51,4.0,,,,,4.35,7.0,12.25,,7.0,9.875,20.5,,,,,,,10.0,,12.0,3.5,,,,,,,,5.0,14.0,15.4,,12.0,,16.0,,,,,8.0,,,,6.375,,11.0
1986-08-31,,4.75,18.13,8.0,39.87,8.58,4.0,,,,,4.35,7.0,12.25,,7.0,9.875,20.5,,,,,,,10.0,,12.0,3.5,,,,,,,,5.0,14.0,15.5,,5.0,,16.0,,,,,8.0,,,,5.875,,10.5
1986-09-30,,4.75,17.63,8.0,39.78,8.6,4.0,,,,,4.35,7.0,11.75,,7.0,9.875,20.5,,,,,,,10.0,,12.0,3.5,,,,,,,,5.0,14.0,15.6,,6.0,,16.0,,,,,7.5,,,,5.875,,10.0
1986-10-31,,4.75,16.0,8.0,25.46,8.55,4.0,,,,,4.35,7.0,11.625,,7.0,10.875,20.5,,,,,,,10.0,,12.0,3.5,,,,,,,,5.0,14.0,17.7,,5.0,,16.0,,,,,7.5,,,,5.875,,10.0
1986-11-30,,4.75,16.0,8.0,42.42,8.49,4.0,,,,,4.4,7.0,11.625,,7.0,10.875,20.5,,,,,,,10.0,,12.0,3.0,,,,,,,,5.0,14.0,18.9,,6.0,,16.0,,,,,7.5,,,,5.875,,10.0
1986-12-31,,4.75,14.75,8.0,115.56,8.49,4.0,,,,,4.65,7.0,11.813,,7.25,10.875,20.5,,,,,,,10.0,,12.0,3.0,,,,,,,,5.0,14.8,27.0,,15.0,,16.0,,,,,7.5,,,,5.875,,9.5
1987-01-31,,4.5,16.7,8.5,321.14,7.49,3.5,,,,,4.6,7.0,12.375,,8.0,10.875,20.5,,,10.5,,,,10.0,,12.0,3.0,,,,,,,,5.0,14.5,26.25,,5.0,,15.5,,,,,8.7,,,,6.0,,9.5
1987-02-28,,4.25,16.43,8.5,298.36,7.53,3.5,,,,,3.8,7.0,13.0,,8.0,10.875,20.5,,,10.5,,,,10.0,,12.0,2.5,,,,,,,,5.0,13.8,24.75,,6.0,,15.5,,,,,11.5,,,,6.0,,9.5
1987-03-31,,4.13,15.95,8.0,322.76,7.05,3.5,,,,,3.8,7.0,14.0,,7.75,9.875,20.5,,,10.5,,,,10.0,,11.5,2.5,,,,,,,,5.0,13.8,34.0,,8.0,,15.0,,,,,11.73,,,,6.0,,9.5
1987-04-30,,4.13,14.2,8.0,926.77,8.33,3.5,,,,,3.8,7.0,16.875,,7.75,9.375,20.5,,,10.5,,,,10.0,,11.5,2.5,,,,,,,,5.0,13.8,27.8,,7.0,,15.0,,,,,8.5,,,,6.5,,9.5
1987-05-31,,3.88,13.38,7.75,1330.62,8.44,3.5,,,,,3.55,7.0,19.125,,7.75,8.875,20.5,,,10.5,,,,10.0,,11.5,2.5,,,,,,,,5.0,13.8,20.85,,5.0,,15.0,,,,,8.74,,,,6.75,,9.5
1987-06-30,,3.88,14.25,7.5,242.73,8.54,3.5,,,,,3.55,7.0,19.125,,7.5,8.875,20.5,,,10.5,,,,10.0,,11.5,2.5,,,,,,,,5.0,13.8,19.5,,5.0,,15.0,,,,,7.9,,,,6.75,,9.5
1987-07-31,,3.88,12.5,7.25,135.13,9.22,3.5,,,,,3.6,7.0,18.5,,7.5,8.875,20.5,,,10.5,,,,10.0,,11.5,2.5,,,,,,,,5.0,13.8,19.0,,5.0,,15.0,,,,,8.52,,,,6.625,,9.5
1987-08-31,,3.88,12.05,7.25,201.23,9.24,3.5,,,,,3.6,7.0,17.375,,7.5,9.875,20.5,,,10.5,,,,10.0,,12.0,2.5,,,,,,,,5.0,13.8,17.5,,8.25,,15.0,,,,,8.19,,,,6.75,,9.5
1987-09-30,,3.88,11.63,7.25,125.27,9.57,3.5,,,,,3.65,7.0,17.375,,7.5,9.875,20.5,,,10.5,,,,10.0,,12.0,2.5,,,,,,,,5.0,13.8,17.5,,5.0,,15.0,,,,,8.64,,,,7.3125,,9.5
1987-10-31,,3.88,12.25,7.25,244.33,8.09,3.5,,,,,3.8,7.0,14.875,,7.5,9.375,20.5,,,10.5,,,,10.0,,12.0,2.5,,,,,,,,5.0,13.8,21.15,,13.0,,14.5,,,,,8.64,,,,7.3125,,9.5
1987-11-30,,3.63,11.75,7.25,470.92,8.56,3.0,,,,,3.25,7.0,14.5,,8.0,8.875,20.5,,,10.5,,,,10.0,,12.0,2.5,,,,,,,,4.5,13.8,16.77,,12.0,,14.5,,,,,8.67,,,,6.8125,,9.5
1987-12-31,,3.63,11.25,7.0,342.09,8.66,2.5,,,,,3.25,7.0,13.5,,7.75,8.375,20.5,,,10.5,,,,10.0,,12.0,2.5,,,,,,,,4.25,13.8,15.75,,9.0,,14.5,,,,,8.2,,,,6.8125,,9.5
1988-01-31,,3.63,10.7,6.75,891.09,8.62,2.5,,,,,3.25,7.0,12.5,,7.25,8.375,19.0,,,12.0,,,,10.0,,12.0,2.5,,,,,,,,3.75,13.8,16.5,,,,14.5,,,,,8.2,,,,6.625,,9.5
1988-02-29,,3.63,10.73,6.75,949.21,8.57,2.5,,,,,3.25,7.0,11.5,,7.25,8.875,19.0,,,12.0,,,,10.0,,12.0,2.5,,,,,,,,3.75,13.8,16.78,,5.0,,14.0,,,,,9.05,,,,6.5,,9.5
1988-03-31,,3.63,10.7,6.5,512.86,8.78,2.5,,,,,3.25,7.0,11.0,,7.25,8.375,19.0,,,12.0,,,,10.0,,12.0,2.5,,,,,,,,3.75,13.8,19.25,,5.0,,14.0,,,,,9.27,,,,6.75,,10.5
1988-04-30,,3.63,10.93,6.5,862.55,9.12,2.5,,,,,3.25,7.0,11.0,,7.25,7.875,19.0,,,12.0,,,,10.0,,12.0,2.5,,,,,,,,3.75,13.8,22.47,,5.0,,14.0,,,,,9.27,,,,6.75,,10.5
1988-05-31,,3.63,12.75,6.5,598.47,9.17,2.5,,,,,3.25,7.0,10.5,,7.0,7.375,19.0,,,12.0,,,,10.0,,12.0,2.5,,,,,,,,3.75,13.3,12.71,,7.0,,13.5,,,,,10.0,,,,7.25,,11.5
1988-06-30,,3.88,13.25,6.5,788.61,9.44,2.5,,,,,3.5,7.0,10.5,,7.0,8.875,19.0,,,12.0,,,,10.0,,12.0,2.5,,,,,,,,3.75,12.8,15.31,,10.0,,13.5,,,,,10.0,,,,7.4375,,11.5
1988-07-31,,4.38,12.5,7.0,2583.33,9.54,2.5,,,,,4.0,7.0,10.5,,6.75,10.375,19.0,,,12.0,,,,10.0,,12.0,2.5,,,,,,,,4.5,12.8,17.17,,5.0,,13.5,,,,,10.0,,,,7.6875,,12.5
1988-08-31,,4.63,12.93,7.5,997.95,10.03,3.0,,,,,4.25,7.0,10.375,,7.0,11.875,19.0,,,12.0,,,,10.0,,12.5,2.5,,,,,,,,4.75,12.8,15.26,,7.5,,13.5,,,,,10.0,,,,8.125,,12.5
1988-09-30,,4.63,13.6,7.5,2400.56,10.58,3.0,,,,,4.25,7.0,11.375,,7.0,11.875,19.0,,,12.0,,,,10.0,,12.5,2.5,,,,,,,,4.75,12.8,14.42,,22.0,,13.5,,,,,10.0,,,,8.125,,12.5
1988-10-31,,4.63,13.63,7.5,2559.48,10.54,3.0,,,,,4.35,7.0,11.375,,7.25,11.875,19.0,,,14.0,,,,10.0,,12.5,2.5,,,,,,,,4.75,12.4,14.0,,5.0,,13.5,,,,,11.0,,,,8.125,,12.5
1988-11-30,,4.63,14.68,7.25,1623.11,10.84,3.0,,,,,4.35,7.0,11.4,,7.25,12.875,19.0,,,14.0,,,,10.0,,12.5,2.5,,,,,,,,4.75,12.4,14.47,,12.0,,13.5,,,,,9.0,,,,8.375,,14.5
1988-12-31,,4.75,14.55,7.75,2741.2,11.19,3.5,,,,,5.0,7.0,12.4,,7.75,12.875,19.0,,,14.0,,,,10.0,,12.5,2.5,,,,,,,,5.25,12.0,13.44,,14.0,,13.5,,,,,11.0,,,,8.6875,,14.5
1989-01-31,,4.75,14.75,8.25,778.15,11.43,4.0,,,,,5.3,7.0,12.4,,8.25,12.875,19.0,,,14.0,,,,10.0,,12.5,2.5,,,,,,,,5.75,11.5,12.5,,13.5,,13.5,,,,,10.0,,,,9.0,,14.5
1989-02-28,,5.25,16.3,8.25,1039.18,11.86,4.0,,,,,6.0,7.0,13.4,,8.25,12.875,19.0,,,14.0,,,,10.0,,12.5,2.5,,,,,,,,5.75,11.0,13.53,,13.75,,13.5,,,,,11.0,,,,9.75,,16.0
1989-03-31,,5.75,16.4,8.25,583.51,12.39,4.0,,,,,5.8,7.0,13.75,,8.25,12.875,19.0,,,14.0,,,,10.0,,13.5,2.5,,,,,,,,5.75,11.0,13.25,,10.0,,14.5,,,,,11.0,,,,9.75,,16.0
1989-04-30,,6.25,16.8,8.75,219.97,12.62,4.5,,,,,6.1,7.0,13.75,,8.25,12.875,19.0,,,14.0,,,,10.0,,13.5,2.5,,,,,,,,6.25,11.0,14.5,,12.5,,14.5,,,,,11.0,,,,9.75,,16.0
1989-05-31,,6.25,17.68,8.75,440.15,12.4,4.5,,,,,6.5,7.0,13.75,,8.25,13.75,19.0,,,14.0,,,,10.0,,13.5,3.25,,,,,,,,6.25,10.5,12.96,,12.5,,14.5,,,,,11.0,,,,9.8125,,17.0
1989-06-30,,6.5,19.25,9.25,3738.11,12.33,5.5,,,,,6.5,7.0,13.75,,8.25,13.75,19.0,,,14.0,,,,10.0,,13.5,3.25,,,,,,,,6.75,10.0,13.7,,14.0,,14.5,,,,,11.0,,,,9.5625,,17.0
1989-07-31,,6.5,18.18,9.25,2700.46,12.36,5.5,,,,,6.6,7.0,14.5,,8.75,13.75,19.0,,,14.0,,,,10.0,,13.5,3.25,,,,,,,,6.75,10.0,13.62,,14.5,,14.5,,,,,12.0,,,,9.0625,,17.0
1989-08-31,,6.5,17.63,9.25,3870.12,12.41,5.5,,,,,6.7,7.0,14.5,,8.75,13.8438,19.0,,,14.0,,,,10.0,,13.5,3.25,,,,,,,,6.75,10.0,14.23,,,,14.5,,,,,12.0,,,,9.0625,,17.0
1989-09-30,,6.5,17.95,9.25,9492.87,12.48,5.5,,,,,7.0,7.0,14.5,,8.75,13.75,19.0,,,14.0,,,,10.0,,13.5,3.25,,,,,,,,6.75,10.0,15.25,,27.5,,14.5,,,,,12.0,,,,9.0625,,17.0
1989-10-31,,7.25,18.1,10.25,13871.81,12.42,6.0,,,,,7.3,7.0,14.5,,9.5,14.875,19.0,,,14.0,,,,10.0,,13.5,3.75,,,,,,,,7.75,10.0,12.0,,8.0,,14.5,,,,,11.0,,,,8.75,,18.0
1989-11-30,,7.25,18.35,10.25,18660.88,12.46,6.0,,,,,7.3,7.0,14.5,,9.5,14.875,19.0,,,14.0,,,,10.0,,13.5,3.75,,,,,,,,7.75,11.0,15.21,,10.0,,14.5,,,,,12.0,,,,8.5,,18.0
1989-12-31,,7.25,17.9,10.25,103484.21,12.47,6.0,,,,,7.3,7.0,14.5,,10.0,14.875,19.0,,,17.0,,,,10.0,,13.5,4.25,,,,,,,,7.75,11.0,13.5,,,,14.5,,,,,12.0,,,,8.25,,18.0
1990-01-31,,7.25,17.25,10.25,97138.29,12.29,6.0,,,,,7.7,7.0,14.5,,10.0,14.875,19.0,,,17.0,,,,10.0,,13.5,4.25,,,,,,,,7.75,11.0,13.88,,,,14.5,,,,,13.0,,,,8.25,,18.0
1990-02-28,,7.25,16.75,10.25,355085.64,13.25,6.0,,,,,7.85,7.0,14.5,,10.0,14.875,19.0,,,17.0,,,,10.0,,13.5,4.25,,,,,,,,7.75,11.0,12.5,,,,14.5,,,,,13.0,,,,8.25,,18.0
1990-03-31,,8.0,16.75,10.25,351.15,13.51,6.0,,,,,7.85,8.0,14.5,,10.0,14.875,19.0,,,17.0,,,,10.0,,13.5,5.25,,,,,,,,7.75,11.0,12.98,,7.5625,,14.5,,,,,13.0,,,,8.25,,18.0
1990-04-30,,8.0,15.25,10.25,64.75,13.8,6.0,,,,,7.8,8.0,14.5,,9.5,14.875,19.0,,,17.0,,,,10.0,,13.5,5.25,,,,,,,,7.75,11.0,13.0,,,,14.5,,,,,12.0,,,,8.25,,18.0
1990-05-31,,8.0,15.25,10.25,97.78,13.92,6.0,,,,,7.8,8.0,14.6,,9.5,14.875,19.0,,,17.0,,,,10.0,,12.5,5.25,,,,,,,,7.75,11.0,14.75,,,,14.5,,,,,12.0,,,,8.25,,18.0
1990-06-30,,8.0,15.25,10.25,460.96,13.83,6.0,,,,,7.8,8.5,14.65,,9.5,14.875,19.0,,,21.0,,,,10.0,,12.5,5.25,,,,,,,,7.75,11.0,13.35,,4.125,,14.5,,,,,12.0,,,,8.25,,18.0
1990-07-31,,8.0,15.25,10.25,274.79,13.48,6.0,,,,,7.9,8.5,14.65,,9.5,14.875,19.0,,,21.0,,,,10.0,,12.5,5.25,,,,,,,,7.75,11.0,14.0,,11.0,,14.5,,,,,12.0,,,,8.0,,18.0
1990-08-31,,8.0,14.0,10.25,394.13,12.92,6.0,,,,,7.95,8.5,14.65,,9.5,14.875,19.0,,,21.0,,,,10.0,,12.5,6.0,,,,,,,,7.75,10.5,13.5,,21.5625,,14.5,,,,,13.0,,,,8.0,,18.0
1990-09-30,,8.0,14.0,10.25,951.43,12.65,6.0,,,,,8.0,8.5,14.65,,9.5,14.875,19.0,,,21.0,,,,10.0,,12.5,6.0,,,,,,,,7.75,10.5,13.88,,7.9082,,14.5,,,,,12.0,,,,8.0,,18.0
1990-10-31,,8.0,13.0,10.25,434.46,12.66,6.0,,,,,8.0,8.5,14.65,,9.5,13.875,19.0,,,22.0,,,,10.0,,12.5,6.0,,,,,,,,7.75,10.5,12.5,,,,14.5,,,,,16.0,,,,7.75,,18.0
1990-11-30,,8.0,13.0,10.5,1512.1,12.26,6.0,,,,,8.0,8.5,14.649,,9.25,13.875,19.0,,,22.0,,,,10.0,,12.5,6.0,,,,,,,,8.0,10.5,12.5,,,,14.5,,,,,14.0,,,,7.5,,18.0
1990-12-31,,8.0,12.0,10.5,1618.59,11.72,6.0,,,,,8.55,8.5,14.7,,9.25,13.875,19.0,,,22.0,,,,10.0,,12.5,6.0,,,,,,,,8.0,10.5,11.25,,19.308,,14.5,,,,,14.0,,,,7.0,,18.0
1991-01-31,,8.5,12.0,10.25,1329.1,10.73,6.0,,,,,8.6,9.5,14.7,,9.25,13.875,19.0,,,22.0,,,,10.0,,12.5,6.0,,,,,,,,8.0,10.5,11.15,,8.0,,14.5,,,,,13.0,,,,6.75,,18.0
1991-02-28,,8.5,12.0,9.6,179.24,9.97,6.0,,,,,8.5,9.5,14.5,,9.25,12.875,19.0,,,22.0,,,,10.0,,12.5,6.0,,,,,,,,8.5,10.5,12.0,,7.0,,14.5,,,,,12.0,,,,6.25,,18.0
1991-03-31,,8.5,12.0,9.5,243.59,9.92,6.0,,,,,8.5,9.5,13.5,,9.0,12.375,19.0,,,22.0,,,,10.0,,12.5,6.0,,,,,,,,8.5,10.2,12.0,,5.5,,14.5,,,,,12.0,,,,6.0,,17.0
1991-04-30,,8.5,11.5,9.3,193.85,9.49,6.0,,,,,8.6,9.5,13.5,,9.0,11.875,19.0,,,22.0,,,,10.0,,12.5,6.0,,,,,,,,8.5,9.75,10.4,,4.5,,14.5,,,,,12.0,,,,5.75,,17.0
1991-05-31,,8.5,10.5,9.25,217.09,9.06,6.0,,,,,8.6,9.0,12.75,,9.0,11.375,19.0,,,22.0,,,,10.0,,11.5,6.0,,,,,,,,8.5,9.5,10.2,,5.0,,14.5,,,,,10.0,,,,5.75,,17.0
1991-06-30,,8.5,10.5,9.25,254.38,8.9,6.0,,,,,8.75,9.0,12.75,,9.0,11.375,19.0,,,22.0,,,,10.0,,11.5,6.0,,,,,,,,8.5,9.5,10.05,,5.386,,14.5,,,,,10.0,,,,5.75,,17.0
1991-07-31,,8.5,10.5,9.25,323.06,8.94,6.0,,,,,8.8,9.0,12.75,,9.0,10.875,19.0,,,22.0,,,,11.0,,11.5,5.5,,,,,,,,8.5,9.5,9.75,,13.5,,14.5,,,,,10.0,,,,5.75,,17.0
1991-08-31,,8.88,10.5,9.4,712.92,8.78,7.0,,,,,9.0,9.5,12.6,,9.0,10.875,19.0,,,22.0,,,,11.0,,11.5,5.5,,,,,,,,8.75,9.5,9.4,,16.5,,14.5,,,,,10.0,,,,5.5,,17.0
1991-09-30,,8.88,9.5,9.5,766.04,8.59,7.0,,,,,9.0,9.5,12.6,,9.0,10.375,19.0,,,22.0,,,,11.0,,11.5,5.5,,,,,,,,8.75,10.0,7.6,,16.5,,14.5,,,,,10.0,,,,5.25,,17.0
1991-10-31,,8.88,9.5,9.6,3220.51,8.04,7.0,,,,,9.0,9.0,12.6,,8.75,10.375,19.0,,,22.0,,,,12.0,,11.5,5.5,,,,,,,,8.75,10.0,8.3,,5.0,,14.5,,,,,10.5,,,,5.0,,17.0
1991-11-30,,8.88,8.5,9.6,3223.26,7.66,7.0,,,,,9.05,9.0,12.5,,9.25,10.375,19.0,,,22.0,,,,12.0,,11.5,5.0,,,,,,,,8.75,10.0,8.25,,4.5,,14.5,,,,,11.5,,,,4.75,,17.0
1991-12-31,,9.25,8.5,9.8,1795.51,7.67,7.0,,,,,9.55,9.5,12.5,,9.6,10.375,19.0,,,22.0,,,,12.0,,12.0,4.5,,,,,,,,9.25,10.0,7.2,,6.0,,14.5,,,,,14.5,,,,4.0,,17.0
1992-01-31,,9.25,7.5,9.9,2016.77,7.29,7.0,,,,,9.4,9.5,12.65,,9.6,10.375,19.0,,,22.0,,,,12.0,,12.0,4.5,,,,,,,,9.25,10.0,7.2,,4.5,,14.5,,,20.0,,12.0,,,,4.0,,17.0
1992-02-29,,9.25,7.5,9.8,2201.81,7.5,7.0,,,,,9.45,9.5,12.4,,9.6,10.375,19.0,,,22.0,,,,12.0,,12.0,4.5,,,,,,,,9.25,10.0,7.3,,,,14.5,,,20.0,,12.0,,,,4.0,,17.0
1992-03-31,,9.25,7.5,9.8,1724.48,7.49,7.0,,,,,9.55,9.5,12.4,,9.6,10.375,19.0,,,22.0,,,,12.0,,12.0,4.5,,,,,,,,9.25,10.0,6.8,,5.0,,14.5,,,20.0,,11.0,,,,4.0,,16.0
1992-04-30,,9.25,7.5,9.8,1350.64,6.97,7.0,,,,,9.6,9.85,12.4,,9.6,10.375,19.0,,,22.0,,,,12.0,,12.0,3.75,,,,,,,,9.25,10.0,6.7,,6.0,,14.5,,,50.0,,11.5,,,,3.75,,16.0
1992-05-31,,9.25,6.5,9.8,1208.56,6.33,7.0,,,,,9.65,9.85,12.4,,9.6,9.875,19.0,,,22.0,,,,12.0,,12.0,3.75,,,,,,,,9.25,10.0,6.8,,7.0,,14.5,,,80.0,,11.5,,,,3.75,,16.0
1992-06-30,,9.25,6.5,9.8,1204.21,5.85,7.0,,,,,9.65,10.3,12.4,,9.6,9.875,19.0,,,22.0,,,,12.0,,12.0,3.75,,,,,,,,9.25,10.0,6.5,,10.0,,14.5,,,80.0,,11.5,,,,3.75,,15.0
1992-07-31,,9.5,5.75,9.95,1323.17,5.42,7.0,,,,,9.7,10.3,13.0,,9.6,9.875,19.0,,,22.0,,,,12.0,,13.75,3.25,,,,,,,,9.25,10.0,6.2,,14.0,,14.5,,,80.0,,12.0,,,,3.25,,15.0
1992-08-31,,9.5,5.75,10.2,1573.51,5.07,7.0,,,,,9.7,10.3,13.0,,9.6,9.875,19.0,,,22.0,,,,12.0,,13.25,3.25,,,,,,,,9.25,10.0,6.2,,15.5,,14.5,,,80.0,,16.0,,,,3.25,,15.0
1992-09-30,,8.75,5.75,9.5,1859.52,5.69,6.0,,,,,9.2,10.15,12.999,,9.6,8.875,19.0,,,22.0,,,,12.0,,15.0,3.25,,,,,,,,8.75,11.0,6.45,,14.25,,14.5,,,80.0,,40.0,,,,3.0,,15.0
1992-10-31,,8.5,5.75,9.25,1987.11,6.3,6.0,,,,,8.75,10.9,13.0,,9.6,7.875,19.0,,,21.0,,,,12.0,,14.0,3.25,,,,,,,,8.5,11.0,6.1,,13.5,,14.5,,,80.0,,12.5,,,,3.0,,15.0
1992-11-30,,8.5,5.75,9.2,1303.21,8.82,6.0,,,,,8.75,15.0,13.75,,9.1,6.875,19.0,,,21.0,,,,12.0,,13.0,3.25,,,,,,,,8.5,17.0,6.05,,13.0,,14.5,,,80.0,,12.5,,,,3.0,,14.0
1992-12-31,,8.5,5.75,9.1,1657.56,7.36,6.0,,,,,8.75,13.0,13.75,,9.1,6.875,19.0,,,21.0,,,,12.0,,12.0,3.25,,,,,,,,8.25,11.0,8.45,,12.8125,,14.5,,,80.0,,11.0,,,,3.0,,14.0
1993-01-31,,8.3,5.75,8.9,3346.62,6.81,5.5,,,,,8.59,11.5,13.249,,9.1,5.875,19.0,,1160.0,20.0,,,,12.0,,12.0,3.25,,,,,,,,8.0,10.0,7.75,,12.0,37.0,14.5,,,80.0,,10.5,,,,3.0,,14.0
1993-02-28,,8.0,5.75,9.3,2184.68,6.09,5.5,,,,,8.5,12.5,13.0,,9.1,5.875,19.0,,1560.0,20.0,,,,12.0,,11.5,2.5,,,,,,,,8.0,9.25,7.5,,11.5,33.0,14.5,,,80.0,,9.75,,,,3.0,,13.0
1993-03-31,,8.0,5.25,9.2,2411.27,5.36,5.0,,,,,8.25,10.5,12.996,,9.1,5.875,19.0,,1647.0,20.0,,,,12.0,,11.5,2.5,,,,,,,,7.5,8.75,6.8,,10.5625,33.0,14.5,,,100.0,,9.75,,,,3.0,,13.0
1993-04-30,0.63,7.4,5.25,8.5,2784.2,5.6,5.0,,,,,7.75,9.75,13.0,,8.25,5.875,19.0,,1827.8,20.0,,,,12.0,,11.0,2.5,,,,,,,,7.25,7.75,6.6,,9.5,33.0,14.5,,,100.0,,9.25,,,,3.0,,13.0
1993-05-31,0.11,7.1,5.25,8.0,2871.56,5.1,5.0,,,,,7.6,8.75,11.25,,7.5,5.875,19.0,,1726.65,19.0,,,,12.0,,10.5,2.5,,,,,,,,6.75,7.5,6.05,,9.75,33.0,13.5,,,100.0,,8.75,,,,3.0,,13.0
1993-06-30,0.53,7.0,5.25,7.9,2421.71,4.79,5.0,,,,,7.6,7.95,11.25,,7.0,5.875,21.5,,1726.23,19.0,,,,12.0,,10.0,2.5,,,,,,,,6.75,6.0,5.75,,9.125,33.0,13.5,,,140.0,,8.75,,,,3.0,,13.0
1993-07-31,0.36,6.75,4.75,11.5,2699.41,4.41,4.5,,,,,6.95,11.0,11.0,,6.75,5.875,21.5,,1848.78,19.0,,,9.6,12.0,,9.0,2.5,,,,,,,,6.25,6.0,5.05,,13.0,33.0,13.5,,,170.0,,8.5,,,,3.0,,13.0
1993-08-31,0.25,6.6,4.75,11.5,3601.04,4.99,4.5,,,,,6.8,10.5,10.5,,6.75,5.875,21.0,,1568.0,19.0,,,9.0,12.0,,9.0,2.5,,,,,,,,6.25,5.5,5.15,,11.0,33.0,13.5,,,170.0,,8.0,,,,3.0,,13.0
1993-09-30,0.59,6.5,4.75,11.4,5709.52,4.9,4.5,,,,,6.7,9.0,10.0,,6.75,5.875,21.0,,2646.56,22.0,,,9.0,12.0,,8.5,1.75,,,,,,,,6.0,5.5,5.2,,10.9375,33.0,13.5,,,180.0,,8.0,,,,3.0,,13.0
1993-10-31,0.3,6.2,4.75,11.15,5904.79,4.63,4.25,,,,,6.4,8.0,9.25,,6.45,5.875,21.5,,98.5,22.0,,,9.0,12.0,,8.0,1.75,,,,,,,,5.75,5.0,4.9,,12.5,33.0,13.5,,,210.0,,7.75,,,,3.0,,12.0
1993-11-30,0.57,5.8,4.75,10.0,5880.04,4.34,4.25,,,,,6.25,7.5,9.25,,6.45,5.375,21.5,,76.5,22.0,,,9.7,12.0,,8.0,1.75,,,,,,,,5.75,4.75,6.1,,13.0,33.0,13.0,,,210.0,,7.75,,,,3.0,,12.0
1993-12-31,0.73,5.6,4.75,8.95,5571.91,4.11,4.0,,,,,6.0,6.75,9.0,,6.2,5.375,21.5,,74.57,22.0,,,10.5,12.0,,8.0,1.75,,,,,,,,5.5,5.0,4.8,,12.5,33.0,13.0,,,210.0,,7.75,,,,3.0,,12.0
1994-01-31,0.26,5.5,4.75,8.35,8862.72,3.88,4.0,,,,,6.0,6.25,8.75,,6.2,5.375,21.5,,98.58,22.0,,,10.5,12.0,,8.0,1.75,,,,,,,,5.25,5.0,6.0,,12.0,33.0,12.0,,,210.0,,7.5,,,,3.0,,12.0
1994-02-28,0.32,5.5,4.75,7.9,11521.55,4.1,4.0,,,,,6.0,6.0,8.5,,6.1,5.125,21.5,,30.21,22.0,,,10.5,12.0,,7.5,1.75,,,,,,,,5.0,4.75,6.0,,12.5,33.0,12.0,,,210.0,,7.25,,,,3.25,,12.0
1994-03-31,0.45,5.5,4.75,7.55,14440.99,5.64,4.0,,,,,5.76,6.0,8.0,,6.0,5.125,21.5,,24.66,22.0,,,10.5,12.0,,7.5,1.75,,,,,,,,5.0,4.75,9.5,,12.5,33.0,12.0,,,210.0,,7.25,,,,3.5,,12.0
1994-04-30,0.66,5.3,4.75,7.1,10788.79,6.07,3.5,,,,,5.47,5.9,7.75,,5.7,5.125,21.5,,16.64,22.0,,,10.5,12.0,,7.5,1.75,,,,,,,,4.75,4.75,6.1,,12.0,33.0,12.0,,,205.0,,7.25,,,,3.75,,12.0
1994-05-31,0.81,5.0,4.75,6.75,9125.33,6.59,3.5,,,,,5.21,5.6,7.5,,5.4,5.125,22.5,,20.0,22.0,,,11.5,12.0,,7.0,1.75,,,,,,,,4.5,4.75,4.9,,11.5,31.0,12.0,,,200.0,,7.0,,,,4.25,,12.0
1994-06-30,0.51,4.9,4.75,6.45,15405.6,5.69,3.5,,,,,4.97,5.6,7.5,,5.2,5.125,22.5,,20.0,25.0,,,12.0,12.0,,7.0,1.75,,,,,,,,4.5,4.75,6.3,,11.0,31.0,12.0,,,155.0,,6.92,,,,4.25,,12.0
1994-07-31,0.78,4.7,4.75,6.35,70.8,5.38,3.5,,,,,4.85,5.5,7.5,,5.0,5.125,22.5,,16.15,25.0,,,12.5,12.0,,7.0,1.75,,,,,,,,4.5,4.75,6.1,,11.0,31.0,12.0,,,155.0,,6.92,,,,4.25,,12.0
1994-08-31,0.37,4.7,5.5,6.35,55.5,5.38,3.5,,,,,4.85,5.5,7.35,,5.0,5.125,22.5,,20.0,25.0,,,12.5,12.0,,7.5,1.75,,,,,,,,4.5,4.75,5.75,,9.2,31.0,12.0,,,130.0,,7.2,,,,4.75,,12.0
1994-09-30,0.45,4.7,5.5,6.35,57.33,5.0,3.5,,,,,4.85,5.5,7.35,,5.0,5.625,21.5,,17.42,25.0,,,15.5,12.0,,7.5,1.75,,,,,,,,4.5,4.75,6.5,,8.0,31.0,12.0,,,130.0,,7.2,,,,4.75,,13.0
1994-10-31,0.5,4.7,6.5,6.35,64.76,4.94,3.5,,,,,4.85,5.5,7.35,,5.0,5.625,21.5,,18.0,25.0,,,15.5,12.0,,7.5,1.75,,,,,,,,4.5,4.75,7.5,,8.5,31.0,10.5,,,170.0,,7.2,,,,4.75,,13.0
1994-11-30,0.5,4.7,6.5,6.35,65.45,5.44,3.5,,,,,4.85,5.5,7.35,,5.0,5.625,20.5,,18.0,25.0,,,15.5,12.0,,7.5,1.75,,,,,,,,4.5,4.75,7.7,,8.5,31.0,10.5,,,180.0,,7.4,,,,5.5,,13.0
1994-12-31,1.62,4.7,7.5,6.35,49.86,5.69,3.5,,,,,4.85,5.5,7.35,,5.0,6.125,20.5,,18.0,25.0,,,17.0,12.0,,7.5,1.75,,,,,,,,4.5,4.75,8.3,,8.5,31.0,10.5,,,180.0,,7.6,,,,5.5,,13.0
1995-01-31,0.72,4.7,7.5,6.35,46.14,7.25,3.5,,,,,4.85,5.5,8.0,,5.0,6.125,16.75,,18.01,25.0,,,17.0,12.0,,7.5,1.75,,,,,,,,4.5,4.75,8.3,,9.0,31.0,10.5,,,200.0,,7.6,,,,5.5,,13.0
1995-02-28,1.64,4.7,7.5,6.35,56.28,8.12,3.5,,,,,4.85,5.5,8.0,,5.0,6.625,16.75,,18.21,28.0,,,16.3,12.0,,8.25,1.75,,,,,,,,4.5,4.75,9.0,,25.0,34.0,10.5,,,200.0,,7.83,,,,6.0,,14.0
1995-03-31,1.13,4.45,7.5,7.25,65.73,8.06,3.0,,,,,4.85,7.0,8.5,,5.0,6.625,16.3,,19.49,28.0,,,14.8,12.0,,8.25,1.75,,,,,,,,4.0,4.75,9.0,,12.0,34.0,10.5,,,200.0,,8.2,,,,6.0,,14.0
1995-04-30,0.7,4.45,7.5,6.25,85.43,7.97,3.0,,,45.0,,4.51,6.5,8.5,,5.0,6.625,16.0,,18.39,28.0,,,14.0,12.0,,8.25,1.0,,,,,,,,4.0,4.75,8.9,,11.0,34.0,10.5,,,200.0,,8.41,,,,6.0,,14.0
1995-05-31,0.74,4.45,7.5,6.0,60.94,7.59,3.0,,,45.0,,4.52,6.35,8.5,,5.0,6.625,15.8,,20.07,28.0,,,14.0,12.0,,9.0,1.0,,,,,,,,4.0,4.75,9.05,,9.5,30.0,10.5,,,195.0,,8.41,,,,6.0,,14.0
1995-06-30,0.6,4.45,7.5,5.75,60.8,7.19,3.0,,,45.0,,4.51,6.35,9.25,,5.0,6.625,15.5,,22.62,28.0,,,13.5,12.0,,9.0,1.0,,,,,,,,3.75,4.75,9.0,,8.75,30.0,10.5,,,180.0,,8.66,,,,6.0,,15.0
1995-07-31,0.5,4.45,7.5,5.75,60.4,6.56,2.5,,,45.0,,4.51,6.05,9.25,,5.0,6.625,15.5,,23.1,28.0,,,13.2,12.0,,9.0,1.0,,,,,,,,3.75,4.75,8.9,,7.25,30.0,10.5,,,180.0,,8.91,,,,5.75,,15.0
1995-08-31,0.65,4.35,7.5,5.55,50.87,6.25,2.5,,,45.0,,4.3,5.65,9.25,,5.0,6.625,14.9,,22.38,28.0,,,13.2,12.0,,9.0,1.0,,,,,,,,3.5,4.75,9.65,,7.5,30.0,9.5,,,180.0,,8.91,,,,5.75,,15.0
1995-09-30,0.55,4.05,7.5,5.35,50.37,6.19,2.0,,,45.0,,4.08,5.4,9.25,,5.0,6.625,14.9,,23.23,28.0,,,13.7,12.0,,9.0,0.5,,,,,,,,3.5,4.75,9.45,,8.5,28.0,9.5,,,180.0,,8.91,,,,5.75,,15.0
1995-10-31,0.53,4.05,7.5,5.3,42.99,6.19,2.0,,,45.0,,4.04,5.3,9.25,,5.0,6.625,14.9,,25.32,28.0,,,14.2,12.0,,9.0,0.5,,,,,,,,3.5,4.75,8.35,,9.125,28.0,9.5,,,170.0,,8.91,,,,5.75,,15.0
1995-11-30,0.57,4.05,7.5,5.2,41.91,5.94,2.0,,,45.0,,3.98,5.0,9.25,,4.8,6.625,14.7,,24.68,28.0,,,14.2,12.0,,9.0,0.5,,,,,,,7.14,3.25,4.75,8.5,,14.0,28.0,9.5,,,170.0,,8.91,,,,5.75,,15.0
1995-12-31,0.7,3.75,7.5,5.0,40.25,5.78,1.5,,,41.0,11.3,3.75,4.6,9.0,,4.45,6.375,14.0,,29.54,28.0,,,13.7,12.0,,9.0,0.5,,,,,,,7.15,2.75,4.75,9.0,,14.0,28.0,9.5,,,160.0,,8.91,,,,5.5,,15.0
1996-01-31,5.26,3.65,7.5,4.65,33.93,5.56,1.5,,12.06,41.0,11.3,3.55,4.35,8.75,,4.2,6.125,13.75,,29.27,28.0,,,13.7,12.0,,9.0,0.5,,,,,,,7.08,2.75,4.75,8.45,,13.875,26.0,9.5,,,160.0,,8.45,,,,5.25,,15.0
1996-02-29,5.31,3.5,7.5,4.55,34.38,5.19,1.5,,12.06,38.0,11.3,3.3,4.25,8.75,,3.9,6.125,13.75,,29.85,27.0,,,14.0,12.0,,9.0,0.5,,,,,,,7.1,2.75,4.75,9.1,,14.0,26.0,8.75,,,120.0,,8.05,,,,5.25,,15.0
1996-03-31,5.5,3.5,7.5,4.55,29.84,5.0,1.5,,12.06,35.0,11.5,3.3,4.0,8.25,,3.8,5.9375,13.75,,29.35,27.0,,,14.0,12.0,,9.0,0.5,,,,,,,7.28,2.5,4.5,9.15,,13.75,26.0,8.75,,,120.0,,7.4,,,,5.25,,15.0
1996-04-30,5.35,3.5,7.5,4.55,25.97,4.75,1.5,,12.06,35.0,11.6,3.3,3.8,7.75,,3.7,5.9375,13.4,,19.0,27.0,,,14.8,12.0,,9.0,0.5,,,,,,,7.35,2.0,4.5,9.55,,12.6875,26.0,8.25,,,120.0,,6.9,,,,5.25,,16.0
1996-05-31,5.35,3.5,7.5,4.45,28.75,4.75,1.5,,10.98,35.0,11.8,3.3,3.8,7.5,,3.7,5.9375,13.4,,19.0,26.0,,,15.5,12.0,,9.0,0.5,,,,,,,7.41,2.0,4.5,9.5,,12.0,26.0,8.25,,,120.0,,6.5,,,,5.25,,16.0
1996-06-30,5.57,3.5,7.5,4.45,24.4,4.75,1.5,,10.98,35.0,12.4,3.3,3.7,7.25,,3.6,5.6875,13.4,,19.0,26.0,,,17.0,12.0,,9.0,0.5,,,,,,,7.29,2.0,4.5,9.8,,11.875,26.0,8.25,,,120.0,,6.1,,,,5.25,,16.0
1996-07-31,8.07,3.5,7.0,4.45,22.9,4.5,1.5,,10.98,35.0,12.4,3.3,3.7,7.25,,3.55,5.6875,13.0,,11.02,25.5,,,17.0,12.0,,8.25,0.5,,,,,,,7.33,2.0,4.5,10.0,,11.0,25.0,8.25,,,110.0,,5.55,,,,5.25,,16.0
1996-08-31,8.25,3.5,7.0,4.25,24.06,4.0,1.5,,10.08,35.0,12.4,3.0,3.5,7.25,,3.35,5.6875,12.4,,6.73,25.5,,,15.8,12.0,,8.25,0.5,,,,,,,7.29,2.0,4.5,9.9,,10.25,25.0,8.25,,,80.0,,5.25,,,,5.25,,16.0
1996-09-30,5.79,3.0,7.0,4.25,25.05,4.0,1.0,,10.08,35.0,12.4,3.0,3.5,7.25,,3.25,5.6875,13.4,,8.84,24.5,,,15.5,12.0,,8.25,0.5,,,,,,,7.34,2.0,4.5,10.05,,11.0,25.0,8.25,,,80.0,,5.05,,,,5.25,,16.0
1996-10-31,6.6,3.0,7.0,4.25,22.95,3.25,1.0,,10.08,35.0,12.4,3.0,3.5,6.75,,3.25,5.9375,13.4,,0.0,23.0,,,15.2,12.0,,7.5,0.5,,,,,,,7.35,2.0,4.5,9.45,,11.0,25.0,8.25,,,60.0,,4.6,,,,5.25,,16.0
1996-11-30,5.56,3.0,6.5,4.25,24.9,3.0,1.0,,10.08,33.0,12.4,3.0,3.5,6.75,,3.2,5.9375,13.4,,9.34,23.0,,,15.2,12.0,,7.5,0.5,,,,,,,7.4,2.0,4.0,9.4,,10.75,25.0,8.25,,,60.0,,4.35,,,,5.25,,17.0
1996-12-31,8.16,3.0,6.0,4.25,23.0,3.0,1.0,,10.08,33.0,12.4,3.0,3.5,6.25,,3.15,5.9375,12.4,,0.0,23.0,,,14.7,12.0,,7.5,0.5,,,,,,,7.35,2.0,4.0,7.9,,10.75,25.0,7.0,,,48.0,,4.1,,,,5.25,,17.0
1997-01-31,5.21,3.0,6.0,4.25,21.3,3.0,1.0,,10.08,33.0,12.4,3.0,3.5,6.0,,3.1,5.9375,12.4,,9.52,22.5,,,14.2,12.0,,6.75,0.5,,,,,,,7.31,2.0,3.25,7.4,,10.5,25.0,7.0,,67.91,48.0,,4.1,,,,5.25,,17.0
1997-02-28,5.52,3.0,6.0,4.25,25.92,3.0,1.0,7.25,10.08,33.0,12.4,3.0,3.5,6.0,,3.1,5.9375,11.9,,10.7,22.5,,,13.9,12.0,,6.75,0.5,,,,,,,7.35,2.0,3.25,7.4,,10.5,25.0,7.0,,77.5,42.0,,4.1,,,,5.25,,17.0
1997-03-31,6.22,3.0,6.0,4.25,23.76,3.0,1.0,7.25,10.08,28.5,12.4,3.0,3.5,5.75,,3.1,5.9375,11.9,,10.41,21.5,,,13.9,12.0,,6.75,0.5,,,,,,,7.51,2.5,3.25,7.5,,9.9,25.0,7.0,,33.74,42.0,,4.1,,,,5.5,,17.0
1997-04-30,5.42,3.0,6.0,4.25,20.7,3.0,1.0,7.0,10.08,28.5,12.4,3.0,3.5,5.5,,3.1,5.9375,11.9,,0.0,21.5,,,13.9,11.0,,6.75,0.5,,,,,,,7.43,2.5,3.25,6.35,,10.25,25.0,7.0,,35.04,36.0,,4.1,,,,5.5,,17.0
1997-05-31,6.05,3.0,5.5,4.25,21.84,3.0,1.0,7.0,10.08,27.5,12.4,3.0,3.5,5.25,,3.1,6.25,11.9,,9.8,21.5,,,13.9,11.0,,6.75,0.5,,,,,,,8.38,2.5,3.25,7.0,,16.0,25.0,6.0,,33.74,36.0,,4.1,,,,5.5,,17.0
1997-06-30,5.74,3.0,5.5,4.25,20.7,3.25,1.0,6.75,10.08,27.5,18.2,3.0,3.5,5.25,,3.1,6.5,11.9,,7.98,21.5,,,12.7,10.0,,6.25,0.5,,,,,,,7.52,2.5,3.25,6.55,,15.0,25.0,6.0,,35.04,24.0,,4.1,,,,5.5,,17.0
1997-07-31,6.67,3.0,5.0,4.25,18.74,3.25,1.0,6.75,10.08,27.5,14.9,3.0,3.5,5.25,,3.1,6.75,11.6,,7.65,21.0,,,12.7,10.0,,6.25,0.5,,,,,,,7.84,2.5,3.5,8.1,,20.0,25.0,6.0,,33.74,24.0,,4.1,,,,5.5,,17.0
1997-08-31,7.05,3.0,5.0,4.25,20.7,3.25,1.0,6.75,10.08,27.0,14.5,3.0,3.5,5.25,,3.1,7.0,11.3,,8.87,21.0,,,13.4,10.0,,6.25,0.5,,,,,,,8.3,2.5,3.5,7.8,,12.0,27.0,6.0,,33.74,24.0,,4.1,,,,5.5,,17.0
1997-09-30,7.66,3.0,5.0,4.25,19.67,3.25,1.0,6.5,10.08,27.0,14.5,3.0,3.5,5.25,,3.1,7.0,11.3,,8.44,20.5,,,13.4,10.0,,6.25,0.5,,,,,,,8.5,2.5,3.5,7.5,,12.0,27.0,6.0,,35.04,24.0,,4.1,,,,5.5,,17.0
1997-10-31,11.52,3.2,5.0,4.55,38.98,3.5,1.0,6.5,8.64,27.0,14.8,3.3,3.75,5.0,,3.3,7.0,10.9,,7.87,20.5,,,13.4,9.0,,6.25,0.5,,,,,,,8.7,2.75,3.5,7.5,,12.0,27.0,6.0,,33.74,21.0,,4.1,,,,5.5,,16.0
1997-11-30,5.84,3.2,5.0,4.55,46.02,3.75,1.0,6.5,8.64,27.0,14.8,3.3,3.75,5.0,,3.3,7.25,10.9,,7.44,20.5,,,13.4,9.0,,6.25,0.5,,,,,,,10.0,2.75,3.5,6.9,,12.0,27.0,6.0,,35.04,28.0,,4.1,,,,5.5,,16.0
1997-12-31,8.81,3.2,5.0,4.55,38.74,4.25,1.0,6.5,8.64,27.0,14.75,3.3,3.75,4.75,,3.3,7.25,10.9,,9.97,20.5,,,13.4,9.0,,5.5,0.5,,,,,,,8.7,2.75,3.5,8.35,,11.0,27.0,6.0,,33.74,28.0,,4.35,,,,5.5,,16.0
1998-01-31,5.52,3.2,5.0,4.55,34.5,4.75,1.0,7.0,8.64,27.0,14.75,3.3,3.75,4.75,,3.3,7.25,10.9,,7.9,20.5,,,12.9,11.0,,5.5,0.5,,,,,,,10.0,2.75,3.5,8.6,,14.0,27.0,6.0,,33.74,28.0,,4.35,,,,5.5,,16.0
1998-02-28,7.07,3.2,5.0,4.55,34.5,4.75,1.0,8.5,8.64,30.0,14.75,3.3,3.75,4.5,,3.3,7.25,10.9,,8.19,20.0,,,12.6,11.0,,5.5,0.5,,,,,,,11.0,2.75,3.5,8.9,,13.0,24.0,5.0,,37.97,39.0,,4.35,,,,5.5,,16.0
1998-03-31,6.08,3.2,5.0,4.55,28.0,4.75,1.0,8.5,7.92,30.0,15.0,3.3,3.75,4.5,,3.3,7.25,10.9,,8.98,20.0,,,12.2,10.5,6.94,5.5,0.5,,,,,,,11.0,2.75,3.75,10.1,,13.0,24.0,5.0,,33.74,30.0,,4.35,,,,5.5,,15.0
1998-04-30,5.99,3.2,5.0,4.55,23.25,4.75,1.0,8.5,7.92,30.0,15.0,3.3,3.75,4.5,,3.3,7.25,11.5,,13.38,19.5,,,11.9,9.0,6.94,5.0,0.5,,,,,,,11.0,2.75,3.75,9.0,,13.5,23.0,5.0,,35.04,30.0,,4.35,,,,5.5,,14.927
1998-05-31,5.72,3.2,5.0,4.55,21.75,4.75,1.0,8.5,7.92,32.0,15.0,3.3,4.0,4.25,,3.3,7.25,11.5,,10.0,19.5,,,11.6,9.0,6.94,5.0,0.5,,,,,,,11.0,2.75,4.25,8.65,,13.125,21.5,5.0,,33.74,150.0,,4.35,,,,5.5,,18.0
1998-06-30,6.05,3.2,5.0,4.55,21.0,4.75,1.0,8.5,7.92,32.0,15.0,3.3,4.0,4.25,,3.3,7.5,11.5,,10.0,19.0,,,11.3,9.0,6.94,5.0,0.5,,,,,,,11.0,2.75,4.5,8.45,,13.125,21.5,5.0,,35.04,80.0,,4.1,,,,5.5,,20.209
1998-07-31,6.11,3.2,5.0,4.55,19.75,4.75,1.0,8.5,6.93,32.0,14.5,3.3,4.0,4.25,,3.3,7.5,11.9,,10.0,19.0,,,11.0,9.0,6.94,5.0,0.5,,,,,,,11.0,2.75,5.0,6.9,,13.0,19.0,5.0,,33.74,60.0,,4.1,,,,5.5,,21.346
1998-08-31,7.31,3.2,5.0,4.55,19.75,5.75,1.0,8.5,6.93,32.0,14.0,3.3,4.0,4.25,,3.3,7.5,11.9,,10.0,18.0,,,9.5,9.0,6.94,5.0,0.5,,,,,,,9.5,2.75,8.0,6.0,,16.0,19.0,5.0,,33.74,60.0,,4.1,,,,5.5,,21.854
1998-09-30,6.3,3.2,5.0,4.5,19.0,5.5,1.0,14.0,6.93,32.0,13.5,3.3,5.0,4.25,,3.3,7.5,11.9,6.88,10.0,18.0,,,9.5,9.0,7.22,5.0,0.25,,,,,,,8.0,2.75,8.0,4.5,,16.0,18.0,5.0,,35.04,60.0,,4.1,,,,5.25,,21.855
1998-10-31,6.52,3.2,5.0,4.5,19.0,5.25,1.0,12.0,6.93,32.0,12.5,3.3,4.65,3.75,,3.3,7.25,11.9,6.6,10.0,18.0,,,11.5,9.0,7.22,4.0,0.25,,,,,,,7.5,2.75,8.0,3.85,,13.75,17.0,5.0,,33.74,60.0,,4.1,,,,5.0,,20.718
1998-11-30,7.12,3.2,5.0,4.5,19.0,5.0,1.0,8.5,6.93,28.0,11.5,3.3,4.25,3.5,,3.3,6.75,11.9,6.25,10.0,18.0,,,13.5,9.0,7.22,4.0,0.25,,,,,,34.37,7.0,2.75,8.0,2.9,,13.5,17.0,4.25,,35.04,60.0,,3.6,,,,4.75,,19.727
1998-12-31,7.54,3.0,4.75,4.5,29.0,5.0,1.0,7.8,6.39,26.0,9.5,3.0,3.95,3.0,,3.0,6.25,11.6,6.25,10.0,17.0,,,13.5,9.0,7.22,3.0,0.25,,,,,,33.14,7.0,2.75,8.0,3.85,,13.375,15.5,3.25,,33.74,60.0,,3.4,,,,4.75,,19.32
1999-01-31,7.59,3.0,4.75,3.0,25.0,5.0,1.0,7.25,6.39,26.0,8.0,3.0,3.75,3.0,3.0,3.0,6.0,11.5,6.25,10.0,17.0,,3.0,13.5,9.0,7.22,3.0,0.25,,,3.0,,,35.85,7.0,3.0,7.5,2.75,,12.875,13.0,3.0,,33.74,60.0,,3.4,,,,4.75,3.0,18.826
1999-02-28,5.62,3.0,4.75,3.0,25.0,5.0,1.0,7.25,6.39,24.0,8.0,3.0,3.5,3.0,3.0,3.0,5.5,11.5,6.25,10.0,16.0,,3.0,13.0,9.0,7.59,3.0,0.25,,,3.0,,,28.46,7.0,3.0,7.5,4.3,,12.5,13.0,3.0,,37.97,60.0,,3.15,,,,4.75,3.0,17.36
1999-03-31,6.28,3.0,4.75,3.0,42.0,4.75,1.0,7.0,6.39,20.0,7.5,3.0,3.4,3.0,3.0,3.0,5.5,11.5,6.25,10.0,16.0,,3.0,13.0,8.0,7.59,3.0,,,,3.0,,,22.96,7.0,3.0,7.0,4.5,,11.875,13.0,3.0,,33.74,60.0,,2.9,,,,4.75,3.0,16.505
1999-04-30,5.03,2.5,4.75,2.5,32.0,4.75,0.5,6.5,6.39,19.0,7.2,2.5,2.9,2.5,2.5,2.5,5.25,11.5,6.25,10.0,16.0,,2.5,12.0,8.0,7.59,2.5,,,,2.5,,,20.24,6.5,2.5,6.5,4.5,,10.375,13.0,2.5,,27.24,60.0,,2.9,,,,4.75,2.5,15.665
1999-05-31,7.46,2.5,4.75,2.5,23.5,4.5,0.5,6.0,6.39,18.0,6.9,2.5,2.9,2.5,2.5,2.5,5.25,11.5,6.25,10.0,16.0,,2.5,12.0,8.0,7.59,2.5,,4.75,,2.5,,,21.78,6.0,2.5,6.5,4.5,,9.875,13.0,2.5,,26.26,60.0,,2.9,,,,4.75,2.5,15.464
1999-06-30,6.52,2.5,4.75,2.5,21.0,4.5,0.5,5.0,5.85,18.0,6.5,2.5,2.85,2.5,2.5,2.5,5.0,11.5,6.25,10.0,15.5,,2.5,12.0,8.0,8.05,2.5,,4.75,,2.5,,,21.01,6.0,2.5,6.0,4.5,,9.125,13.0,2.5,,27.24,55.0,,2.9,,,,5.0,2.5,14.915
1999-07-31,5.62,2.5,4.75,2.5,19.5,4.5,0.5,5.0,5.85,17.0,6.25,2.5,2.85,2.5,2.5,2.5,5.0,11.5,6.5,10.0,15.5,,2.5,11.5,8.0,8.05,2.5,,4.75,,2.5,,,21.9,6.0,2.5,6.0,4.5,,9.0,13.0,2.5,,26.26,55.0,,2.9,,,,5.0,2.5,13.652
1999-08-31,5.72,2.5,4.75,2.5,19.5,4.5,0.5,5.0,5.85,16.0,6.25,2.5,2.85,2.5,2.5,2.5,5.0,11.5,6.75,10.0,15.5,,2.5,11.5,8.0,8.05,2.5,,4.75,,2.5,,,19.51,5.5,2.5,6.0,4.5,,9.0,13.0,2.5,,26.26,55.0,,2.9,,,,5.25,2.5,13.44
1999-09-30,8.63,2.5,4.75,2.5,19.0,4.5,0.5,5.0,5.85,16.0,6.0,2.5,2.85,2.5,2.5,2.5,5.25,11.5,6.75,10.0,15.5,,2.5,11.5,8.0,8.6,2.5,,4.75,,2.5,,,18.9,5.5,2.5,5.5,4.5,,9.0,14.0,2.5,,27.24,55.0,,2.9,,,,5.25,2.5,12.4
1999-10-31,8.0,2.5,4.75,2.5,19.0,4.5,0.5,5.0,5.85,15.0,5.5,2.5,2.85,2.5,2.5,2.5,5.25,11.0,6.75,10.0,15.5,,2.5,11.5,8.0,8.6,2.5,,4.75,,2.5,,,17.78,5.5,2.5,5.5,4.5,,9.0,14.0,2.5,,26.26,55.0,,2.9,,,,5.25,2.5,12.19
1999-11-30,6.81,3.0,5.0,3.0,19.0,4.75,0.5,5.0,5.85,13.0,5.25,3.0,3.3,3.0,3.0,3.0,5.5,11.0,7.0,10.0,15.0,,3.0,11.2,8.0,8.6,3.0,,4.75,,3.0,,,19.97,5.5,3.0,5.5,5.0,,8.75,16.5,3.0,,27.24,55.0,,3.25,,,,5.5,3.0,12.0
1999-12-31,8.2,3.0,5.0,3.0,19.0,4.75,0.5,5.0,5.85,12.0,5.25,3.0,3.3,3.0,3.0,3.0,5.5,10.25,7.0,10.0,14.5,,3.0,10.7,8.0,8.6,3.0,,4.75,,3.0,,,18.39,5.5,3.0,5.5,5.0,,8.75,16.5,3.0,,26.26,55.0,,3.25,,,,5.5,3.0,12.0
2000-01-31,7.21,3.0,5.0,3.0,19.0,4.75,1.75,5.25,5.85,12.0,5.25,3.0,3.3,3.0,3.0,3.0,5.75,9.5,7.0,10.0,13.0,,3.0,10.3,8.0,9.33,3.0,,4.75,,3.0,,9.5,19.25,5.5,3.0,5.5,5.25,,8.75,16.5,3.0,,26.34,45.0,6.25,3.25,,,,5.5,3.0,11.75
2000-02-29,6.12,3.25,5.5,3.25,19.0,5.0,2.25,5.25,5.85,12.0,5.25,3.25,3.6,3.25,3.25,3.25,6.0,9.5,7.25,10.0,13.0,,3.25,9.9,8.0,9.6,3.25,,5.0,,3.25,,9.5,17.38,5.5,3.25,5.5,5.25,,8.75,17.5,3.25,,28.39,45.0,6.25,3.75,,,,5.75,3.25,11.75
2000-03-31,6.37,3.5,5.5,3.5,18.5,5.25,3.0,5.5,5.85,12.0,5.25,3.5,3.85,3.5,3.5,3.5,6.0,8.75,7.5,10.0,12.0,,3.5,9.6,8.0,9.6,3.5,,5.0,,3.5,,9.5,13.87,5.5,3.5,5.5,5.75,,8.75,17.5,3.5,,26.34,33.0,6.25,3.75,,,,6.0,3.5,11.75
2000-04-30,6.31,3.75,5.75,3.75,18.5,5.25,3.0,5.5,5.85,12.0,5.25,3.75,4.1,3.75,3.75,3.75,6.0,8.0,7.5,10.0,11.0,,3.75,9.3,7.0,9.6,3.75,,5.0,,3.75,,9.45,14.46,5.5,3.75,5.75,6.0,,8.75,17.5,3.75,,27.33,33.0,6.25,3.75,,,,6.0,3.75,11.75
2000-05-31,6.82,3.75,6.0,3.75,18.5,5.75,3.0,5.5,5.85,12.0,5.25,3.75,4.1,3.75,3.75,3.75,6.0,8.0,8.0,4.0,11.0,,3.75,9.3,7.0,9.6,3.75,,5.0,,3.75,,9.73,16.23,5.5,3.75,5.75,6.5,,10.0,17.5,3.75,,26.34,33.0,7.0,3.75,,1.5,,6.5,3.75,11.75
2000-06-30,7.13,4.25,6.0,4.25,17.5,5.75,3.5,5.5,5.85,12.0,5.25,4.25,4.7,4.25,4.25,4.25,6.0,7.25,8.0,6.83,11.0,,4.25,9.3,7.0,10.06,4.25,,5.0,,4.25,,8.59,18.06,5.5,4.25,6.25,6.5,,10.0,17.5,4.25,,27.33,33.0,7.0,3.75,,1.5,,6.5,4.25,11.75
2000-07-31,6.69,4.25,6.0,4.25,16.5,5.75,3.5,5.5,5.85,12.0,5.25,4.25,4.7,4.25,4.25,4.25,6.0,7.25,8.0,6.0,11.0,,4.25,9.1,8.0,10.06,4.25,,5.0,,4.25,,9.45,13.75,5.5,4.25,6.25,6.5,,10.0,17.5,4.25,,26.34,28.0,7.0,3.75,,1.5,,6.5,4.25,11.75
2000-08-31,7.81,4.25,6.25,4.25,16.5,5.75,3.5,5.0,5.85,12.0,5.25,4.25,5.1,4.25,4.25,4.25,6.0,7.25,8.0,3.43,11.0,,4.25,8.9,8.0,10.06,4.25,0.25,5.0,,4.25,,8.59,15.51,5.5,4.25,6.75,6.5,,10.0,19.0,4.25,,26.34,28.0,7.0,3.75,,1.5,,6.5,4.25,11.75
2000-09-30,8.25,4.5,6.25,4.5,16.5,5.75,3.5,5.0,5.85,12.0,5.25,4.5,5.6,4.5,4.5,4.5,6.0,6.5,8.0,2.0,11.0,,4.5,8.6,8.0,10.06,4.5,0.25,5.0,,4.5,,8.45,15.89,5.5,4.5,7.0,6.5,,11.0,19.0,4.5,,27.33,28.0,7.0,3.75,,1.5,,6.5,4.5,11.75
2000-10-31,9.46,4.75,6.25,4.75,16.5,5.75,3.5,5.0,5.85,12.0,5.25,4.75,5.4,4.75,4.75,4.75,6.0,6.5,8.0,10.0,11.0,,4.75,8.4,8.0,10.77,4.75,0.25,5.25,,4.75,,7.88,17.09,5.5,4.75,7.0,6.5,,15.0,19.0,4.75,,26.34,28.0,7.0,3.75,,1.5,,6.5,4.75,12.0
2000-11-30,8.41,4.75,6.25,4.75,16.5,5.75,3.5,5.0,5.85,12.0,5.25,4.75,5.4,4.75,4.75,4.75,6.0,5.5,8.0,2.58,11.0,,4.75,8.2,8.0,10.77,4.75,0.25,5.25,,4.75,,7.03,17.9,5.5,4.75,7.0,6.5,,15.0,19.0,4.75,,27.33,25.0,7.0,3.75,,1.5,,6.5,4.75,12.0
2000-12-31,12.11,4.75,6.25,4.75,15.75,5.75,3.5,5.0,5.85,12.0,5.25,4.75,5.4,4.75,4.75,4.75,6.0,3.75,8.0,2.0,11.0,,4.75,8.0,8.0,10.77,4.75,0.25,5.25,,4.75,,6.89,18.79,5.5,4.75,7.0,6.5,,13.5,19.0,4.75,,26.34,25.0,7.0,4.0,,1.5,,6.5,4.75,12.0
2001-01-31,6.19,4.75,6.25,4.75,15.25,5.5,3.5,4.75,5.85,12.0,5.25,4.75,5.4,4.75,4.75,4.75,6.0,4.75,7.5,2.34,11.0,,4.75,8.0,8.0,10.77,4.75,0.25,5.25,,4.75,5.0,7.45,17.72,5.5,4.75,7.0,6.5,,12.0,19.0,4.75,,26.26,25.0,6.0,4.0,,1.5,,5.5,4.75,12.0
2001-02-28,5.63,4.75,5.75,4.75,15.25,5.5,3.5,4.5,5.85,12.0,5.0,4.75,5.3,4.75,4.75,4.75,5.75,4.75,7.0,1.41,11.0,,4.75,7.7,7.5,10.77,4.75,0.15,5.0,,4.75,5.0,7.6,16.86,5.5,4.75,7.0,6.5,,11.0,19.0,4.75,,29.45,25.0,6.0,4.0,,1.5,,5.5,4.75,12.0
2001-03-31,56.16,4.75,5.5,4.75,15.75,5.0,3.25,4.0,5.85,11.5,5.0,4.75,5.3,4.75,4.75,4.75,5.75,4.75,6.5,6.0,11.0,,4.75,7.2,7.0,10.33,4.75,0.15,5.0,,4.75,4.75,8.1,16.32,5.5,4.75,7.0,6.25,,10.0,17.0,4.75,,12.43,25.0,5.5,4.0,,1.5,,5.0,4.75,12.0
2001-04-30,11.27,4.75,5.0,4.75,16.25,4.75,3.25,3.75,5.85,11.5,5.0,4.75,5.3,4.75,4.75,4.75,5.5,4.75,6.0,3.34,11.0,,4.75,7.2,8.75,10.33,4.75,,5.0,,4.75,4.75,10.0,15.0,5.5,4.75,7.0,6.0,,9.5,17.0,4.75,,12.87,25.0,5.0,4.0,,1.5,,4.5,4.75,12.0
2001-05-31,6.06,4.5,5.0,4.5,16.75,4.5,3.25,3.75,5.85,11.5,5.0,4.5,5.0,4.5,4.5,4.5,5.25,4.5,5.5,3.34,11.0,,4.5,7.0,8.75,10.33,4.5,,5.0,,4.5,4.75,14.27,11.47,5.5,4.5,7.0,5.75,,9.0,17.0,4.5,,12.43,25.0,4.5,4.0,,1.5,,4.0,4.5,12.0
2001-06-30,8.09,4.5,5.0,4.5,18.25,4.5,3.25,3.5,5.85,11.5,5.0,4.5,5.0,4.5,4.5,4.5,5.25,4.5,5.25,2.62,11.0,,4.5,6.5,8.5,10.33,4.5,,5.0,,4.5,4.75,20.0,10.25,5.5,4.5,7.0,5.75,,9.0,15.5,4.5,,25.73,25.0,4.5,4.0,,2.5,,3.75,4.5,11.0
2001-07-31,25.19,4.5,5.0,4.5,19.0,4.25,3.25,3.5,5.85,11.0,5.25,4.5,4.95,4.5,4.5,4.5,5.25,4.5,5.25,2.0,11.25,,4.5,6.3,8.5,10.33,4.5,,4.75,,4.5,4.75,20.0,9.27,5.5,4.5,7.0,5.75,,9.0,15.5,4.5,,24.81,25.0,4.25,4.25,,2.5,,3.75,4.5,11.0
2001-08-31,22.95,4.25,5.0,4.25,19.0,4.0,3.25,6.5,5.85,10.0,5.25,4.25,4.65,4.25,4.25,4.25,5.0,4.25,5.0,8.83,11.25,,4.25,6.3,8.5,10.33,4.25,,4.5,,4.25,4.75,20.0,8.94,5.5,4.25,7.0,5.75,,9.0,14.5,4.25,,20.55,25.0,4.0,4.25,,2.5,,3.5,4.25,11.0
2001-09-30,5.08,3.75,4.75,3.75,19.0,3.5,2.25,6.5,5.85,9.5,5.25,3.75,4.15,3.75,3.75,3.75,4.75,3.75,4.5,4.0,11.0,,3.75,6.3,8.5,10.33,3.75,,4.0,,3.75,4.75,20.0,10.36,5.0,3.75,7.0,5.25,,9.0,14.5,3.75,,21.3,25.0,3.5,3.75,,2.5,,3.0,3.75,9.5
2001-10-31,43.04,3.75,4.5,3.75,19.0,2.75,2.25,6.5,5.85,9.25,5.25,3.75,4.1,3.75,3.75,3.75,4.5,3.75,4.0,4.33,10.75,,3.75,6.3,8.5,10.33,3.75,,4.0,,3.75,4.75,17.0,8.08,5.0,3.75,7.0,5.25,,8.75,13.0,3.75,,16.43,25.0,3.0,3.75,,2.5,,2.5,3.75,9.5
2001-11-30,557.04,3.25,4.5,3.25,19.0,2.25,2.25,6.5,5.85,8.75,4.75,3.25,3.6,3.25,3.25,3.25,4.0,3.25,3.5,3.46,10.25,,3.25,5.8,8.5,9.6,3.25,,4.0,,3.25,4.25,15.0,7.24,5.0,3.25,7.0,4.75,,8.25,11.5,3.25,,17.02,25.0,2.75,3.75,,2.5,,2.0,3.25,9.5
2001-12-31,,3.25,4.25,3.25,19.0,2.25,1.75,6.5,5.85,8.5,4.75,3.25,3.6,3.25,3.25,3.25,4.0,3.25,3.25,1.18,9.75,,3.25,3.8,8.5,9.6,3.25,,4.0,,3.25,4.25,15.0,8.04,5.0,3.25,6.5,4.75,,7.75,11.5,3.25,,16.43,25.0,2.75,3.75,,2.25,,1.75,3.25,9.5
2002-01-31,41.81,3.25,4.25,3.25,19.0,2.0,1.75,6.0,5.85,8.0,4.5,3.25,3.6,3.25,3.25,3.25,4.0,3.25,3.25,0.87,9.0,,3.25,3.8,8.5,9.6,3.25,,4.0,,3.25,4.25,15.0,8.08,5.0,3.25,6.5,4.75,,7.5,10.0,3.25,,16.43,25.0,2.75,3.75,,2.0,,1.75,3.25,10.5
2002-02-28,23.64,3.25,4.25,3.25,18.75,2.0,1.75,5.5,5.31,8.0,4.25,3.25,3.55,3.25,3.25,3.25,4.0,3.25,3.25,2.7,8.5,,3.25,4.4,8.5,9.6,3.25,,4.0,,3.25,4.25,13.0,7.63,5.0,3.25,6.5,4.75,,7.25,10.0,3.25,,13.85,25.0,2.75,3.75,,2.0,57.0,1.75,3.25,10.5
2002-03-31,82.46,3.25,4.25,3.25,18.5,2.0,1.75,4.75,5.31,7.25,4.25,3.25,3.55,3.25,3.25,3.25,4.0,3.25,3.25,3.66,8.5,,3.25,4.4,8.0,9.15,3.25,,4.0,,3.25,3.75,13.0,7.11,5.0,3.25,6.5,5.0,,7.0,10.0,3.25,,12.43,25.0,2.5,4.0,,2.0,54.0,1.75,3.25,11.5
2002-04-30,101.6,3.25,4.25,3.25,18.5,2.25,1.75,4.75,5.31,6.25,3.75,3.25,3.55,3.25,3.25,3.25,4.0,3.25,3.25,0.91,8.5,,3.25,4.6,8.0,8.88,3.25,,4.0,,3.25,3.75,13.0,5.47,5.0,3.25,6.5,5.25,,7.0,9.5,3.25,,11.0,23.0,2.5,4.0,,2.0,48.0,1.75,3.25,11.5
2002-05-31,46.87,3.25,4.5,3.25,18.5,2.25,1.25,4.0,5.31,5.75,3.75,3.25,3.55,3.25,3.25,3.25,4.0,3.25,3.25,2.0,9.0,,3.25,5.6,8.0,8.42,3.25,,4.25,,3.25,3.75,13.0,7.33,5.0,3.25,6.5,5.5,,7.0,9.0,3.25,,11.0,23.0,2.5,4.25,,2.0,48.0,1.75,3.25,11.5
2002-06-30,41.83,3.25,4.75,3.25,18.5,2.5,1.25,4.0,5.31,5.25,3.75,3.25,3.55,3.25,3.25,3.25,4.0,3.25,3.25,1.0,9.0,,3.25,9.1,8.0,8.15,3.25,,4.25,3.75,3.25,3.75,13.0,8.13,5.0,3.25,6.5,5.5,,7.0,8.5,3.25,,9.5,23.0,2.5,4.25,,2.0,48.0,1.75,3.25,12.5
2002-07-31,76.08,3.25,4.75,3.25,18.0,2.75,0.75,3.25,5.31,5.25,3.0,3.25,3.55,3.25,3.25,3.25,4.0,3.25,3.25,0.86,9.5,,3.25,9.1,8.0,8.15,3.25,,4.25,3.75,3.25,3.75,11.2,5.37,5.0,3.25,7.0,5.75,,7.0,8.5,3.25,,9.5,23.0,2.5,4.25,,2.0,48.0,1.75,3.25,12.5
2002-08-31,37.96,3.25,4.75,3.25,18.0,2.75,0.75,3.0,5.31,5.25,3.0,3.25,3.45,3.25,3.25,3.25,4.0,3.25,3.25,0.53,9.5,,3.25,9.1,8.0,7.31,3.25,,4.25,3.75,3.25,3.75,9.51,6.64,5.0,3.25,7.0,5.75,,7.0,8.0,3.25,,9.5,21.0,2.5,4.25,,2.0,46.0,1.75,3.25,12.5
2002-09-30,23.51,3.25,4.75,3.25,18.0,2.75,0.75,3.0,5.31,5.25,3.0,3.25,3.45,3.25,3.25,3.25,4.0,3.25,3.25,1.24,9.5,,3.25,9.1,8.0,6.85,3.25,,4.25,3.75,3.25,3.75,10.19,8.05,5.0,3.25,7.0,5.75,,7.0,7.5,3.25,,9.5,21.0,2.5,4.25,,2.0,46.0,1.75,3.25,13.5
2002-10-31,9.05,3.25,4.75,3.25,21.0,2.75,0.75,3.0,5.31,5.25,3.0,3.25,3.45,3.25,3.25,3.25,4.0,3.25,3.25,0.91,9.5,,3.25,9.1,8.0,6.57,3.25,,4.25,3.75,3.25,3.75,12.01,7.72,5.0,3.25,7.0,5.75,,7.0,7.0,3.25,,9.5,21.0,2.5,4.25,,2.0,46.0,1.75,3.25,13.5
2002-11-30,6.18,3.25,4.75,3.25,22.0,2.75,0.75,3.0,5.31,5.25,2.75,3.25,3.45,3.25,3.25,3.25,4.0,3.25,2.75,0.24,9.0,,3.25,9.1,7.5,6.1,3.25,,4.25,3.25,3.25,3.75,14.01,7.0,5.0,3.25,7.0,5.75,,7.0,6.75,3.25,,9.5,21.0,2.0,4.0,,1.75,44.0,1.25,3.25,13.5
2002-12-31,6.63,2.75,4.75,2.75,25.0,2.75,0.75,3.0,5.31,5.25,2.75,2.75,2.95,2.75,2.75,2.75,4.0,2.75,2.75,0.55,8.5,,2.75,8.9,7.5,5.63,2.75,,4.25,3.25,2.75,3.25,15.22,8.25,5.0,2.75,6.5,5.75,,7.0,6.75,2.75,,9.5,21.0,2.0,3.75,,1.75,44.0,1.25,2.75,13.5
2003-01-31,5.29,2.75,4.75,2.75,25.5,2.75,0.75,2.75,5.31,6.25,2.5,2.75,2.95,2.75,2.75,2.75,4.0,2.75,2.75,0.99,6.5,,2.75,8.9,7.5,5.63,2.75,,4.25,3.25,2.75,3.25,15.05,9.01,5.0,2.75,6.0,5.75,,7.0,6.5,2.75,19.75,9.0,21.0,2.0,3.75,,1.75,44.0,1.25,2.75,13.5
2003-02-28,8.32,2.75,4.75,2.75,26.5,2.75,0.75,2.75,5.31,6.25,2.5,2.75,2.95,2.75,2.75,2.75,3.75,2.75,2.75,1.51,6.5,,2.75,8.9,7.5,5.16,2.75,,4.25,3.25,2.75,3.25,11.42,9.27,5.0,2.75,6.0,5.75,,7.0,6.25,2.75,19.0,9.0,18.0,2.0,3.75,,1.75,44.0,1.25,2.75,13.5
2003-03-31,6.63,2.5,4.75,2.5,26.5,3.0,0.375,2.75,5.31,6.25,2.5,2.5,2.7,2.5,2.5,2.5,3.75,2.5,2.75,1.98,6.5,,2.5,8.7,7.0,5.16,2.5,,4.25,3.25,2.5,3.25,7.93,8.92,5.0,2.5,5.5,5.75,,7.0,6.0,2.5,18.5,9.0,18.0,2.0,3.5,,1.75,44.0,1.25,2.5,13.5
2003-04-30,5.27,2.5,4.75,2.5,26.5,3.25,0.375,2.75,5.31,7.25,2.5,2.5,2.7,2.5,2.5,2.5,3.75,2.5,2.75,1.33,6.5,,2.5,8.7,7.0,5.16,2.5,,4.25,3.25,2.5,3.25,7.0,5.85,5.0,2.5,5.5,5.5,,7.0,5.75,2.5,18.5,9.0,18.0,2.0,3.5,,1.75,41.0,1.25,2.5,13.5
2003-05-31,3.56,2.5,4.75,2.5,26.5,3.25,0.375,2.75,5.31,7.25,2.5,2.5,2.65,2.5,2.5,2.5,3.75,2.5,2.75,0.85,6.5,,2.5,8.0,7.0,5.16,2.5,,4.0,3.25,2.5,3.25,7.0,4.79,4.5,2.5,5.0,5.5,,7.0,5.5,2.5,18.25,9.0,18.0,2.0,3.5,,1.75,41.0,1.25,2.5,13.5
2003-06-30,3.13,2.0,4.75,2.0,26.0,3.25,0.375,2.75,5.31,7.25,2.25,2.0,2.15,2.0,2.0,2.0,3.75,2.0,2.5,2.72,9.5,,2.0,7.5,7.0,5.16,2.0,,4.0,3.25,2.0,3.25,7.0,4.36,4.5,2.0,4.0,5.25,,7.0,5.25,2.0,18.25,9.0,16.0,1.75,3.0,,1.25,38.0,1.0,2.0,12.0
2003-07-31,1.95,2.0,4.75,2.0,24.5,3.0,0.375,2.75,5.31,7.25,2.25,2.0,2.15,2.0,2.0,2.0,3.5,2.0,2.5,1.67,9.5,,2.0,7.0,7.0,5.16,2.0,,3.75,3.25,2.0,3.25,7.0,4.07,4.5,2.0,4.0,5.0,,6.75,5.25,2.0,18.25,9.0,16.0,1.75,2.75,,1.25,35.0,1.0,2.0,12.0
2003-08-31,1.23,2.0,4.75,2.0,22.0,3.0,0.375,2.75,5.31,7.25,2.0,2.0,2.15,2.0,2.0,2.0,3.5,2.0,2.5,3.16,9.5,,2.0,6.5,7.0,5.16,2.0,,3.75,3.25,2.0,3.25,7.0,4.57,4.5,2.0,3.0,5.0,,6.75,5.25,2.0,19.25,9.0,16.0,1.75,2.75,,1.25,32.0,1.0,2.0,11.0
2003-09-30,1.57,2.0,4.75,2.0,20.0,2.75,0.375,2.75,5.31,7.25,2.0,2.0,2.15,2.0,2.0,2.0,3.5,2.0,2.5,8.09,9.5,,2.0,6.1,7.0,5.16,2.0,,3.75,3.25,2.0,3.25,7.0,4.3,4.5,2.0,2.5,5.0,2.75,6.75,5.25,2.0,19.25,9.0,16.0,1.75,2.75,,1.25,29.0,1.0,2.0,10.0
2003-10-31,1.38,2.0,4.75,2.0,19.0,2.75,0.375,2.75,5.31,7.25,2.0,2.0,2.15,2.0,2.0,2.0,3.5,2.0,2.5,1.43,9.5,,2.0,5.6,7.0,5.16,2.0,,3.75,3.25,2.0,3.25,6.38,4.73,4.5,2.0,2.5,5.0,2.75,6.75,5.25,2.0,20.25,9.0,16.0,1.75,2.75,,1.25,26.0,1.0,2.0,8.5
2003-11-30,1.5,2.0,5.0,2.0,17.5,2.75,0.375,2.75,5.31,7.25,2.0,2.0,2.15,2.0,2.0,2.0,3.75,2.0,2.5,2.01,12.5,,2.0,5.2,7.0,5.16,2.0,,3.75,3.25,2.0,3.25,5.79,6.26,4.5,2.0,2.5,5.0,2.5,6.75,5.25,2.0,21.25,9.0,16.0,1.75,2.75,,1.25,26.0,1.0,2.0,8.5
2003-12-31,1.67,2.0,5.25,2.0,16.5,2.75,0.375,2.25,5.31,7.25,2.0,2.0,2.15,2.0,2.0,2.0,3.75,2.0,2.5,6.48,12.5,,2.0,5.2,7.0,5.16,2.0,,3.75,3.25,2.0,3.25,6.65,6.12,4.5,2.0,2.25,5.0,2.5,6.75,5.25,2.0,21.25,9.0,16.0,1.75,2.75,,1.25,26.0,1.0,2.0,8.0
2004-01-31,1.38,2.0,5.25,2.0,16.5,2.5,0.375,1.75,5.31,7.25,2.0,2.0,2.15,2.0,2.0,2.0,3.75,2.0,2.5,0.91,12.5,,2.0,4.5,7.0,5.16,2.0,,3.75,3.25,2.0,3.25,6.74,5.2,4.5,2.0,2.0,5.25,2.5,6.75,5.25,2.0,21.25,8.5,14.0,1.75,2.75,,1.25,26.0,1.0,2.0,8.0
2004-02-29,1.26,2.0,5.25,2.0,16.5,2.5,0.375,1.75,5.31,7.0,2.0,2.0,2.15,2.0,2.0,2.0,4.0,2.0,2.5,6.29,12.5,,2.0,4.3,7.0,5.16,2.0,,3.75,3.25,2.0,3.25,8.0,6.71,4.5,2.0,2.0,5.25,2.5,6.75,5.25,2.0,21.25,8.5,14.0,1.75,2.5,,1.25,24.0,1.0,2.0,8.0
2004-03-31,1.28,2.0,5.25,2.0,16.25,2.25,0.375,1.75,5.31,6.75,2.0,2.0,2.15,2.0,2.0,2.0,4.0,2.0,2.5,3.75,12.25,,2.0,4.3,6.0,5.16,2.0,,3.75,3.25,2.0,3.25,8.0,6.13,4.5,2.0,1.75,5.25,2.5,6.75,5.25,2.0,21.25,8.5,14.0,1.75,2.5,,1.25,22.0,1.0,2.0,8.0
2004-04-30,1.22,2.0,5.25,2.0,16.0,2.0,0.375,1.75,5.31,6.75,2.0,2.0,2.15,2.0,2.0,2.0,4.0,2.0,2.5,0.38,12.0,,2.0,4.1,6.0,5.16,2.0,,3.75,3.25,2.0,3.25,8.0,6.26,2.7,2.0,1.75,5.5,2.5,6.75,5.25,2.0,21.25,8.5,14.0,1.75,2.0,,1.25,22.0,1.0,2.0,8.0
2004-05-31,2.84,2.0,5.25,2.0,16.0,2.0,0.375,1.75,5.31,6.75,2.0,2.0,2.15,2.0,2.0,2.0,4.25,2.0,2.5,0.59,11.5,,2.0,4.1,6.0,5.35,2.0,,3.75,3.25,2.0,3.25,8.0,6.35,2.7,2.0,1.75,5.5,2.5,6.75,5.25,2.0,21.25,8.5,14.0,1.5,2.0,,1.25,22.0,1.0,2.0,8.0
2004-06-30,2.5,2.0,5.25,2.0,16.0,2.0,0.5,1.75,5.31,6.75,2.25,2.0,2.15,2.0,2.0,2.0,4.5,2.0,2.5,4.17,11.5,,2.0,4.1,6.0,5.59,2.0,,3.75,3.25,2.0,3.25,8.0,6.53,2.7,2.0,1.75,5.75,2.5,6.75,5.25,2.0,20.75,8.5,13.0,1.5,2.0,,1.25,22.0,1.25,2.0,8.0
2004-07-31,2.5,2.0,5.25,2.0,16.0,2.0,0.5,1.75,5.31,6.75,2.25,2.0,2.15,2.0,2.0,2.0,4.5,2.0,2.75,5.72,11.5,,2.0,4.1,6.0,6.06,2.0,,3.75,3.5,2.0,3.25,8.0,6.76,2.7,2.0,1.75,6.0,2.5,6.75,6.0,2.0,20.0,8.5,13.0,1.5,2.0,,1.25,22.0,1.25,2.0,8.0
2004-08-31,2.5,2.0,5.25,2.0,16.0,2.0,0.5,1.75,5.31,6.75,2.5,2.0,2.15,2.0,2.0,2.0,4.75,2.0,3.0,9.24,11.0,,2.0,4.1,6.0,6.06,2.0,,3.5,4.0,2.0,3.25,8.5,7.17,2.7,2.0,1.75,6.0,2.75,6.75,6.5,2.0,18.75,8.5,13.0,1.75,2.0,,1.5,22.0,1.5,2.0,7.5
2004-09-30,2.5,2.0,5.25,2.0,16.25,2.25,0.75,2.0,5.31,6.75,2.5,2.0,2.15,2.0,2.0,2.0,4.75,2.0,3.25,1.66,11.0,,2.0,4.1,6.0,6.53,2.0,,3.5,4.25,2.0,3.25,9.0,7.62,2.7,2.0,1.75,6.25,2.75,6.75,6.5,2.0,18.75,8.5,13.0,2.0,2.0,,1.5,20.0,1.75,2.0,7.5
2004-10-31,2.5,2.0,5.25,2.0,16.75,2.5,0.75,2.0,5.58,6.75,2.5,2.0,2.15,2.0,2.0,2.0,4.75,2.0,3.25,1.19,10.5,,2.0,4.1,6.0,6.99,2.0,,3.5,4.25,2.0,3.25,9.0,7.81,2.7,2.0,1.75,6.5,3.0,6.75,6.5,2.0,18.75,8.5,13.0,2.0,2.0,,1.75,20.0,1.75,2.0,7.5
2004-11-30,2.5,2.0,5.25,2.0,17.25,2.5,0.75,2.25,5.58,6.75,2.5,2.0,2.15,2.0,2.0,2.0,4.75,2.0,3.5,1.11,10.0,,2.0,3.9,6.0,6.99,2.0,,3.25,4.5,2.0,3.25,10.0,8.27,2.7,2.0,1.75,6.5,3.0,6.75,6.5,2.0,17.75,8.5,13.0,2.25,2.0,,1.75,20.0,2.0,2.0,7.5
2004-12-31,2.5,2.0,5.25,2.0,17.75,2.5,0.75,2.25,5.58,6.5,2.5,2.0,2.15,2.0,2.0,2.0,4.75,2.0,3.75,1.27,9.5,,2.0,3.7,6.0,7.92,2.0,,3.25,4.75,2.0,3.25,10.0,8.75,2.7,2.0,1.75,6.5,3.0,6.75,6.5,2.0,17.0,8.5,13.0,2.5,2.0,,2.0,18.0,2.25,2.0,7.5
2005-01-31,2.75,2.0,5.25,2.0,18.25,2.5,0.75,2.5,5.58,6.5,2.25,2.0,2.15,2.0,2.0,2.0,4.75,2.0,3.75,1.06,9.0,,2.0,3.5,6.0,7.92,2.0,,3.25,4.75,2.0,3.25,10.0,8.82,2.7,2.0,1.75,6.5,3.0,6.75,6.5,2.0,16.5,8.5,13.0,2.5,2.0,,2.0,17.0,2.25,2.0,7.5
2005-02-28,2.75,2.0,5.25,2.0,18.75,2.5,0.75,2.75,5.58,6.5,2.25,2.0,2.15,2.0,2.0,2.0,4.75,2.0,4.0,2.75,8.25,,2.0,3.5,6.0,8.38,2.0,,3.25,5.0,2.0,3.25,10.0,9.21,2.7,2.0,1.75,6.5,3.0,6.75,6.5,2.0,15.75,8.5,13.0,2.75,2.0,,2.0,16.5,2.5,2.0,7.5
2005-03-31,2.75,2.0,5.5,2.0,19.25,2.5,0.75,2.75,5.58,6.5,2.25,2.0,2.15,2.0,2.0,2.0,4.75,2.0,4.25,1.32,7.75,,2.0,3.5,6.0,8.61,2.0,,3.25,5.25,2.0,3.25,10.0,9.51,2.7,2.0,1.75,6.75,3.0,6.75,6.0,2.0,14.5,8.5,13.0,3.25,2.0,,2.25,15.5,2.75,2.0,7.5
2005-04-30,3.25,2.0,5.5,2.0,19.5,2.5,0.75,3.0,5.58,6.5,1.75,2.0,2.15,2.0,2.0,2.0,4.75,2.0,4.25,0.57,7.5,,2.0,3.5,6.0,8.61,2.0,,3.25,5.25,2.0,3.25,10.0,9.6,2.7,2.0,1.75,6.75,3.0,7.0,5.5,2.0,12.5,8.5,13.0,3.25,2.0,,2.25,15.0,2.75,2.0,7.0
2005-05-31,3.75,2.0,5.5,2.0,19.75,2.5,0.75,3.25,5.58,6.5,1.75,2.0,2.15,2.0,2.0,2.0,4.75,2.0,4.5,0.55,7.25,,2.0,3.5,6.0,8.61,2.0,,3.25,5.25,2.0,3.25,10.0,9.75,2.7,2.0,1.75,6.75,3.0,7.0,5.5,2.0,12.5,8.5,13.0,3.5,2.0,,2.25,14.5,3.0,2.0,7.0
2005-06-30,4.25,2.0,5.5,2.0,19.75,2.5,0.75,3.25,5.58,6.5,1.75,2.0,2.15,2.0,2.0,2.0,4.75,2.0,4.5,2.07,7.0,,2.0,3.5,6.0,9.07,2.0,,3.25,5.25,2.0,3.25,10.0,9.76,2.7,2.0,1.75,6.75,3.0,7.0,5.0,2.0,12.5,8.5,13.0,3.5,1.5,,2.5,14.25,3.25,2.0,7.0
2005-07-31,4.25,2.0,5.5,2.0,19.75,2.5,0.75,3.5,5.58,6.5,1.75,2.0,2.15,2.0,2.0,2.0,4.75,2.0,4.75,0.81,6.75,8.5,2.0,3.5,6.0,9.07,2.0,,3.25,5.5,2.0,3.25,10.0,9.75,2.7,2.0,2.0,6.75,3.0,7.0,4.75,2.0,12.5,8.5,13.0,3.75,1.5,,2.75,14.25,3.25,2.0,7.0
2005-08-31,4.25,2.0,5.5,2.0,19.75,2.5,0.75,3.75,5.58,6.5,1.75,2.0,2.15,2.0,2.0,2.0,4.5,2.0,5.0,3.43,6.25,8.75,2.0,3.5,6.0,9.07,2.0,,3.25,5.5,2.0,3.25,10.0,9.51,2.7,2.0,2.0,6.75,3.0,7.0,4.75,2.0,8.5,8.5,13.0,4.0,1.5,,2.75,14.25,3.5,2.0,7.0
2005-09-30,4.25,2.0,5.5,2.0,19.5,2.75,0.75,4.0,5.58,6.0,1.75,2.0,2.15,2.0,2.0,2.0,4.5,2.0,5.25,0.92,6.0,10.0,2.0,3.75,6.0,9.75,2.0,,3.25,5.5,2.0,3.25,10.0,9.26,2.7,2.0,2.0,6.75,3.0,7.25,4.5,2.0,7.5,8.5,13.0,4.25,1.5,,3.25,14.25,3.75,2.0,7.0
2005-10-31,4.5,2.0,5.5,2.0,19.0,3.0,0.75,4.25,5.58,6.0,2.0,2.0,2.15,2.0,2.0,2.0,4.5,2.0,5.25,1.14,6.0,11.0,2.0,4.0,6.25,9.75,2.0,,3.5,5.75,2.0,3.25,9.85,9.01,2.7,2.0,2.0,7.0,3.0,7.5,4.5,2.0,7.5,8.5,13.0,4.5,1.5,,3.75,14.0,3.75,2.0,7.0
2005-11-30,4.5,2.0,5.5,2.0,18.5,3.0,0.75,4.5,5.58,6.0,2.0,2.0,2.15,2.0,2.0,2.0,4.5,2.0,5.5,2.96,6.0,12.25,2.0,4.0,6.25,9.75,2.0,,3.5,6.0,2.0,3.25,8.77,8.76,3.0,2.0,2.25,7.0,3.0,7.5,4.5,2.0,7.5,8.5,13.0,4.5,1.5,,3.75,13.75,4.0,2.0,7.0
2005-12-31,5.0,2.25,5.5,2.25,18.0,3.25,1.0,4.5,5.58,6.0,2.0,2.25,2.4,2.25,2.25,2.25,4.5,2.25,5.75,2.64,6.0,12.75,2.25,4.5,6.25,9.97,2.25,,3.75,6.0,2.25,3.25,8.37,8.27,3.0,2.25,2.25,7.25,3.25,7.5,4.5,2.25,7.5,8.5,12.0,4.75,1.5,,4.0,13.5,4.25,2.25,7.0
2006-01-31,5.0,2.25,5.5,2.25,17.25,3.5,1.0,4.5,5.58,6.0,2.0,2.25,2.4,2.25,2.25,2.25,4.5,2.25,5.75,0.91,6.0,12.75,2.25,4.75,6.5,10.2,2.25,,3.75,6.0,2.25,3.25,7.04,7.77,3.0,2.25,2.25,7.25,3.5,7.5,4.5,2.25,7.5,8.5,12.0,4.75,1.75,,4.25,13.5,4.5,2.25,7.0
2006-02-28,5.0,2.25,5.5,2.25,17.25,3.5,1.0,4.75,5.58,6.0,2.0,2.25,2.5,2.25,2.25,2.25,4.5,2.25,6.0,1.27,6.0,12.75,2.25,4.75,6.5,10.2,2.25,,4.0,6.0,2.25,3.25,7.18,7.51,3.25,2.25,2.25,7.25,3.75,7.5,4.25,2.25,8.5,8.5,12.0,5.0,1.75,,4.25,13.5,4.5,2.25,7.0
2006-03-31,5.0,2.5,5.5,2.5,16.5,3.75,1.25,4.75,5.58,6.0,2.0,2.5,2.75,2.5,2.5,2.5,4.5,2.5,6.25,2.12,6.0,12.75,2.5,5.0,6.5,10.87,2.5,0.0,4.0,6.0,2.5,3.25,6.44,7.27,3.25,2.5,2.5,7.25,4.0,7.5,4.0,2.5,8.5,8.5,12.0,5.0,2.0,,4.5,13.5,4.75,2.5,7.0
2006-04-30,5.0,2.5,5.5,2.5,15.75,4.0,1.25,5.0,5.85,6.0,2.0,2.5,2.75,2.5,2.5,2.5,4.5,2.5,6.25,2.41,6.0,12.75,2.5,5.25,6.5,10.87,2.5,0.0,4.0,6.0,2.5,3.25,5.92,7.05,3.5,2.5,2.5,7.25,4.25,7.5,4.0,2.5,8.5,8.5,12.0,5.0,2.0,,4.75,13.25,4.75,2.5,7.0
2006-05-31,5.5,2.5,5.75,2.5,15.75,4.25,1.25,5.0,5.85,6.25,2.0,2.5,2.75,2.5,2.5,2.5,4.5,2.5,6.5,1.22,6.0,12.5,2.5,5.25,6.5,11.54,2.5,0.0,4.0,6.0,2.5,3.25,5.7,7.02,3.5,2.5,2.5,7.25,4.5,7.5,4.0,2.5,8.5,8.5,12.0,5.0,2.0,,4.75,13.25,5.0,2.5,7.0
2006-06-30,5.75,2.75,5.75,2.75,15.25,4.25,1.5,5.0,5.85,6.5,2.0,2.75,3.0,2.75,2.75,2.75,4.5,2.75,6.75,2.39,6.25,12.5,2.75,5.25,6.75,11.54,2.75,0.0,4.25,6.0,2.75,3.25,5.5,7.03,3.5,2.75,2.75,7.25,4.5,7.5,4.0,2.75,8.75,8.5,11.5,5.0,2.25,,5.0,17.25,5.25,2.75,7.5
2006-07-31,5.75,2.75,5.75,2.75,14.75,4.25,1.5,5.25,5.85,6.5,2.25,2.75,3.0,2.75,2.75,2.75,4.5,2.75,6.75,3.0,6.75,12.25,2.75,5.5,7.0,12.21,2.75,0.25,4.25,6.25,2.75,3.25,5.56,7.03,3.5,2.75,2.75,7.25,4.5,7.5,4.0,2.75,8.75,8.5,11.5,5.2,2.25,,5.0,17.5,5.25,2.75,7.5
2006-08-31,5.75,3.0,6.0,3.0,14.25,4.25,1.5,5.25,6.12,6.75,2.25,3.0,3.25,3.0,3.0,3.0,4.75,3.0,6.75,2.58,7.25,11.75,3.0,5.5,7.0,12.65,3.0,0.25,4.5,6.25,3.0,3.25,5.5,7.03,3.5,3.0,3.0,7.25,4.5,7.5,4.0,3.0,8.75,8.5,11.5,5.2,2.25,,5.0,17.5,5.25,3.0,8.0
2006-09-30,5.75,3.0,6.0,3.0,14.25,4.25,1.75,5.25,6.12,6.75,2.5,3.0,3.25,3.0,3.0,3.0,4.75,3.0,6.75,2.83,7.75,11.25,3.0,5.5,7.0,13.09,3.0,0.25,4.5,6.25,3.0,3.25,5.34,7.05,3.5,3.0,3.0,7.25,4.5,7.5,4.0,3.0,8.75,18.0,11.5,5.2,2.5,,5.0,17.5,5.25,3.0,8.0
2006-10-31,6.0,3.25,6.0,3.25,13.75,4.25,1.75,5.25,6.12,7.25,2.5,3.25,3.5,3.25,3.25,3.25,4.75,3.25,6.75,2.25,8.0,10.75,3.25,5.25,7.25,13.09,3.25,0.25,4.5,6.25,3.25,3.25,5.72,7.04,3.5,3.25,3.0,7.25,4.5,7.5,4.0,3.25,8.75,18.0,11.0,5.2,2.5,,5.0,17.5,5.25,3.25,8.5
2006-11-30,6.25,3.25,6.25,3.25,13.25,4.25,1.75,5.25,6.12,7.25,2.5,3.25,3.5,3.25,3.25,3.25,5.0,3.25,6.75,0.94,8.0,10.25,3.25,5.0,7.25,13.09,3.25,0.25,4.5,6.25,3.25,3.25,5.81,7.05,3.5,3.25,3.25,7.25,4.5,7.5,4.0,3.25,8.75,16.5,11.0,5.2,2.75,,5.0,17.5,5.25,3.25,8.5
2006-12-31,6.25,3.5,6.25,3.5,13.25,4.25,2.0,5.25,6.12,7.5,2.5,3.5,3.75,3.5,3.5,3.5,5.0,3.5,6.75,3.32,8.0,9.75,3.5,4.5,7.25,13.3,3.5,0.25,4.5,6.25,3.5,3.25,5.81,7.02,3.5,3.5,3.5,7.25,4.5,7.5,4.0,3.5,8.75,14.0,11.0,5.2,3.0,,5.0,17.5,5.25,3.5,9.0
2007-01-31,6.5,3.5,6.25,3.5,13.0,4.25,2.0,5.0,6.12,7.75,2.5,3.5,3.75,3.5,3.5,3.5,5.25,3.5,6.75,2.83,8.0,9.5,3.5,4.5,7.5,13.3,3.5,0.25,4.5,6.25,3.5,3.25,5.58,7.02,3.5,3.5,3.75,7.25,4.5,7.5,4.0,3.5,8.75,13.0,10.5,5.2,3.0,,4.75,17.5,5.25,3.5,9.0
2007-02-28,6.75,3.5,6.25,3.5,13.0,4.25,2.0,5.0,6.12,8.0,2.5,3.5,3.75,3.5,3.5,3.5,5.25,3.5,6.75,2.99,8.0,9.25,3.5,4.25,7.5,13.3,3.5,0.5,4.5,6.25,3.5,3.25,5.36,7.08,3.5,3.5,3.75,7.25,4.5,7.5,4.0,3.5,8.0,13.0,10.5,5.5,3.25,,4.5,17.5,5.25,3.5,9.0
2007-03-31,10.4,3.75,6.25,3.75,12.75,4.25,2.25,5.0,6.39,8.25,2.5,3.75,4.0,3.75,3.75,3.75,5.25,3.75,6.75,3.83,8.0,9.0,3.75,4.0,7.5,13.3,3.75,0.5,4.5,6.25,3.75,3.25,5.25,7.04,3.5,3.75,4.0,7.5,4.5,7.5,4.0,3.75,7.5,10.5,10.5,5.5,3.25,,4.5,17.5,5.25,3.75,9.0
2007-04-30,10.31,3.75,6.25,3.75,12.5,4.25,2.25,5.0,6.39,8.25,2.5,3.75,4.0,3.75,3.75,3.75,5.25,3.75,6.75,4.21,8.0,9.0,3.75,3.75,7.75,13.3,3.75,0.5,4.5,6.25,3.75,3.25,5.05,7.26,3.5,3.75,4.0,7.75,4.5,7.5,4.25,3.75,7.5,10.5,10.5,5.5,3.25,,4.0,17.5,5.25,3.75,9.0
2007-05-31,10.33,3.75,6.25,3.75,12.5,4.25,2.25,5.0,6.57,8.75,2.5,3.75,4.0,3.75,3.75,3.75,5.5,3.75,6.75,3.81,8.0,8.75,3.75,3.5,7.75,13.3,3.75,0.5,4.5,6.25,3.75,3.25,5.0,7.3,3.5,3.75,4.25,7.75,4.5,7.5,4.25,3.75,7.25,10.0,10.5,5.5,3.25,,3.5,17.5,5.25,3.75,9.0
2007-06-30,10.25,4.0,6.25,4.0,12.0,4.25,2.5,5.0,6.57,9.0,2.75,4.0,4.25,4.0,4.0,4.0,5.5,4.0,6.75,8.41,7.75,8.5,4.0,3.5,7.75,13.3,4.0,0.5,4.5,6.25,4.0,3.25,4.98,7.3,3.5,4.0,4.5,8.0,4.5,7.5,4.5,4.0,7.0,9.5,10.0,5.5,3.5,,3.5,17.5,5.25,4.0,9.5
2007-07-31,10.31,4.0,6.25,4.0,11.5,4.5,2.5,5.25,6.84,9.25,3.0,4.0,4.25,4.0,4.0,4.0,5.75,4.0,6.75,3.28,7.75,8.25,4.0,3.75,7.75,13.3,4.0,0.5,4.75,6.25,4.0,3.25,5.17,7.29,3.5,4.0,4.5,8.25,4.75,6.0,4.5,4.0,7.0,9.5,10.0,5.5,3.5,,3.25,17.5,5.25,4.0,9.5
2007-08-31,10.5,4.0,6.5,4.0,11.5,4.5,2.5,5.5,7.02,9.25,3.25,4.0,4.25,4.0,4.0,4.0,5.75,4.0,6.75,3.01,7.75,8.25,4.0,4.0,7.75,13.3,4.0,0.5,5.0,6.25,4.0,3.25,5.11,7.29,3.5,4.0,4.75,8.25,4.75,6.0,4.75,4.0,7.0,9.75,10.0,5.5,3.5,,3.25,17.5,5.25,4.0,10.0
2007-09-30,10.37,4.0,6.5,4.0,11.25,4.5,2.75,5.75,7.29,9.25,3.25,4.0,4.25,4.0,4.0,4.0,5.75,4.0,6.25,11.21,7.5,8.25,4.0,4.0,7.75,13.3,4.0,0.5,5.0,6.25,4.0,3.25,4.68,7.28,3.5,4.0,5.0,8.25,5.0,6.0,4.75,4.0,7.0,9.75,10.0,5.5,3.75,,3.25,17.25,4.75,4.0,10.0
2007-10-31,10.7,4.0,6.5,4.0,11.25,4.5,2.75,5.75,7.29,9.25,3.25,4.0,4.25,4.0,4.0,4.0,5.75,4.0,6.25,9.43,7.5,8.25,4.0,4.0,7.75,13.3,4.0,0.5,5.0,6.25,4.0,3.25,4.78,7.49,3.5,4.0,5.0,8.25,5.0,5.75,4.75,4.0,7.0,9.5,10.0,5.5,4.0,,3.25,16.75,4.5,4.0,10.5
2007-11-30,10.65,4.0,6.75,4.0,11.25,4.5,2.75,5.75,7.29,9.5,3.5,4.0,4.25,4.0,4.0,4.0,5.75,4.0,6.0,4.39,7.5,8.25,4.0,4.0,7.75,13.75,4.0,0.5,5.0,6.25,4.0,3.25,4.74,7.51,3.5,4.0,5.0,8.25,5.0,5.5,5.0,4.0,7.5,9.5,10.0,5.5,4.0,,3.25,16.25,4.5,4.0,10.5
2007-12-31,10.75,4.0,6.75,4.0,11.25,4.25,2.75,6.0,7.47,9.5,3.5,4.0,4.25,4.0,4.0,4.0,5.5,4.0,5.75,11.69,7.5,8.0,4.0,4.25,7.75,13.75,4.0,0.5,5.0,6.25,4.0,3.25,4.81,7.57,3.5,4.0,5.25,8.25,5.0,5.25,5.0,4.0,7.5,10.0,10.0,5.5,4.0,,3.25,15.75,4.25,4.0,11.0
2008-01-31,11.0,4.0,6.75,4.0,11.25,4.0,2.75,6.25,7.47,9.5,3.5,4.0,4.25,4.0,4.0,4.0,5.5,4.0,4.5,8.42,7.5,8.0,4.0,4.25,7.75,13.75,4.0,0.5,5.0,5.75,4.0,3.25,4.99,7.5,3.5,4.0,5.25,8.25,5.25,5.0,5.25,4.0,8.0,10.0,10.0,5.5,4.0,,3.25,15.5,3.0,4.0,11.0
2008-02-29,11.3,4.0,6.9999,4.0,11.25,4.0,2.75,6.25,7.47,9.75,3.75,4.0,4.25,4.0,4.0,4.0,5.25,4.0,4.5,3.29,7.5,8.0,4.0,3.75,7.75,13.75,4.0,0.5,5.0,5.75,4.0,3.25,5.25,7.5,3.5,4.0,5.25,8.25,5.25,5.0,5.5,4.0,9.0,11.5,10.25,5.5,4.25,,3.25,15.25,3.0,4.0,11.0
2008-03-31,11.07,4.0,7.2498,4.0,11.25,3.5,2.75,6.25,7.47,9.75,3.75,4.0,4.25,4.0,4.0,4.0,5.25,4.0,3.75,1.77,7.5,8.0,4.0,3.25,7.75,15.0,4.0,0.5,5.0,5.75,4.0,3.25,6.0,7.5,3.5,4.0,5.25,8.25,5.25,5.0,5.75,4.0,9.5,14.5,10.25,5.5,4.25,,3.25,15.25,2.25,4.0,11.0
2008-04-30,11.52,4.0,7.25,4.0,11.75,3.0,2.75,6.25,7.47,9.75,3.75,4.0,4.25,4.0,4.0,4.0,5.0,4.0,3.75,2.63,8.25,8.0,4.0,3.25,7.75,15.5,4.0,0.5,5.0,5.75,4.0,3.25,6.0,7.5,3.5,4.0,5.5,8.25,5.5,5.0,5.75,4.0,9.5,15.25,10.5,5.5,4.25,,3.25,15.25,2.0,4.0,11.5
2008-05-31,11.8,4.0,7.25,4.0,11.75,3.0,2.75,6.25,7.47,9.75,3.75,4.0,4.35,4.0,4.0,4.0,5.0,4.0,3.5,3.17,8.5,8.25,4.0,3.5,7.75,15.5,4.0,0.5,5.0,5.75,4.0,3.25,7.0,7.5,3.5,4.0,5.5,8.25,5.5,5.0,5.75,4.0,9.75,15.75,10.5,5.5,4.25,,3.25,15.75,2.0,4.0,11.5
2008-06-30,11.84,4.0,7.25,4.0,12.25,3.0,2.75,6.75,7.47,9.75,3.75,4.0,4.35,4.0,4.0,4.0,5.0,4.0,3.5,4.42,8.5,8.5,4.0,3.75,8.5,15.5,4.0,0.5,5.0,5.75,4.0,3.5,7.0,7.75,3.5,4.0,5.75,8.25,5.75,5.25,6.0,4.0,10.0,15.75,10.75,5.5,4.25,,3.25,16.25,2.0,4.0,12.0
2008-07-31,12.2,4.25,7.25,4.25,13.0,3.0,2.75,7.25,7.47,10.0,3.75,4.25,4.6,4.25,4.25,4.25,5.0,4.25,3.5,3.5,8.5,8.75,4.25,4.0,9.0,15.5,4.25,0.5,5.0,5.75,4.25,3.5,7.0,8.0,3.5,4.25,5.75,8.0,6.0,5.75,6.0,4.25,10.0,15.75,11.0,5.5,4.5,,3.5,16.75,2.0,4.25,12.0
2008-08-31,12.2,4.25,7.25,4.25,13.0,3.0,2.75,7.75,7.47,10.0,3.5,4.25,4.6,4.25,4.25,4.25,5.0,4.25,3.5,3.57,8.5,9.0,4.25,4.25,9.0,15.5,4.25,0.5,5.25,5.75,4.25,3.5,7.0,8.25,3.5,4.25,5.75,8.0,6.25,6.0,6.0,4.25,10.25,15.75,11.0,5.5,4.5,,3.75,16.75,2.0,4.25,12.0
2008-09-30,12.26,4.25,7.0,4.25,13.75,3.0,2.75,8.25,7.2,10.0,3.5,4.25,4.6,4.25,4.25,4.25,5.0,4.25,3.5,9.84,8.5,9.25,4.25,4.25,9.0,15.5,4.25,0.5,5.25,5.75,4.25,3.5,7.0,8.25,3.5,4.25,5.75,7.5,6.5,6.0,6.0,4.25,10.25,15.75,11.0,5.5,4.75,,3.75,16.75,2.0,4.25,12.0
2008-10-31,12.48,3.75,6.0,3.75,13.75,2.25,2.5,8.25,6.66,10.0,3.5,3.75,5.5,3.75,3.75,3.75,4.5,3.75,1.5,16.88,11.5,9.5,3.75,3.5,8.0,18.0,3.75,0.3,4.25,4.25,3.75,3.5,7.0,8.25,3.5,3.75,4.75,6.5,6.5,6.0,6.0,3.75,10.25,15.75,11.0,5.0,3.75,,3.75,16.75,1.0,3.75,12.0
2008-11-30,12.5,3.25,5.25,3.25,13.75,2.25,1.0,8.25,5.58,10.0,2.75,3.25,5.0,3.25,3.25,3.25,3.0,3.25,1.5,17.46,11.0,9.5,3.25,2.5,7.5,18.0,3.25,0.3,4.0,4.25,3.25,3.5,7.0,8.25,3.25,3.25,4.75,6.5,6.5,6.0,5.75,3.25,10.25,17.75,12.0,3.0,3.75,,3.75,16.25,1.0,3.25,12.0
2008-12-31,12.05,2.5,4.25,2.5,13.75,1.5,0.5,8.25,5.31,9.5,2.25,2.5,3.75,2.5,2.5,2.5,2.0,2.5,0.5,3.37,10.0,9.25,2.5,2.5,6.5,18.0,2.5,0.1,3.0,3.75,2.5,3.5,7.0,8.25,3.25,2.5,3.0,5.0,6.5,5.5,5.0,2.5,10.25,17.75,13.0,2.5,2.0,,2.75,15.0,0.125,2.5,11.5
2009-01-31,12.5,2.0,4.25,2.0,12.75,1.0,0.5,7.25,5.31,9.5,2.25,2.0,3.0,2.0,2.0,2.0,1.5,2.0,0.5,9.39,9.5,8.75,2.0,1.0,5.5,18.0,2.0,0.1,2.5,3.75,2.0,3.5,7.0,7.75,2.5,2.0,3.0,3.5,6.5,5.0,4.25,2.0,10.25,16.5,13.0,2.0,2.0,,2.0,13.0,0.125,2.0,11.5
2009-02-28,13.4,2.0,3.25,2.0,12.75,1.0,0.5,4.75,5.31,9.0,1.75,2.0,3.0,2.0,2.0,2.0,1.0,2.0,0.5,39.9,9.5,8.25,2.0,0.75,5.5,18.0,2.0,0.1,2.0,3.75,2.0,3.5,7.0,7.5,2.0,2.0,2.5,3.5,6.25,5.0,4.0,2.0,10.0,16.5,13.0,2.0,1.0,,1.5,11.5,0.125,2.0,10.5
2009-03-31,14.0,1.5,3.25,1.5,11.25,0.5,0.375,2.25,5.31,7.0,1.75,1.5,2.25,1.5,1.5,1.5,0.5,1.5,0.5,6.55,9.5,7.75,1.5,0.5,5.0,17.0,1.5,0.1,2.0,3.75,1.5,3.25,7.0,6.75,2.0,1.5,2.0,3.0,6.0,4.75,3.75,1.5,10.0,16.5,13.0,2.0,1.0,,1.5,10.5,0.125,1.5,9.5
2009-04-30,14.35,1.25,3.0,1.25,10.25,0.25,0.375,1.75,5.31,7.0,1.75,1.25,2.0,1.25,1.25,1.25,0.5,1.25,0.5,5.87,9.5,7.5,1.25,0.5,4.75,12.5,1.25,0.1,2.0,3.5,1.25,3.25,9.0,6.0,2.0,1.25,2.0,2.5,5.0,4.5,3.75,1.25,10.0,14.0,12.5,2.0,0.5,,1.25,9.75,0.125,1.25,9.5
2009-05-31,14.55,1.0,3.0,1.0,10.25,0.25,0.375,1.25,5.31,6.0,1.5,1.0,1.65,1.0,1.0,1.0,0.5,1.0,0.5,5.97,9.5,7.25,1.0,0.5,4.75,9.5,1.0,0.1,2.0,3.0,1.0,3.25,9.0,5.25,2.0,1.0,1.5,2.5,4.0,4.25,3.75,1.0,9.5,14.0,12.0,2.0,0.5,,1.25,9.25,0.125,1.0,7.5
2009-06-30,16.25,1.0,3.0,1.0,9.25,0.25,0.375,0.75,5.31,4.5,1.5,1.0,1.45,1.0,1.0,1.0,0.5,1.0,0.5,6.39,9.5,7.0,1.0,0.5,4.75,9.5,1.0,0.1,2.0,3.0,1.0,3.25,9.0,4.75,2.0,1.0,1.25,2.5,3.0,4.25,3.5,1.0,9.5,13.0,11.5,2.0,0.5,,1.25,8.75,0.125,1.0,7.5
2009-07-31,14.59,1.0,3.0,1.0,8.75,0.25,0.375,0.5,5.31,4.5,1.5,1.0,1.45,1.0,1.0,1.0,0.5,1.0,0.5,6.37,8.5,6.75,1.0,0.5,4.75,9.5,1.0,0.1,2.0,3.0,1.0,3.25,9.0,4.5,2.0,1.0,1.25,2.5,2.0,4.0,3.5,1.0,9.0,12.0,11.0,2.0,0.25,,1.25,8.25,0.125,1.0,7.5
2009-08-31,15.89,1.0,3.0,1.0,8.75,0.25,0.375,0.5,5.31,4.5,1.25,1.0,1.25,1.0,1.0,1.0,0.5,1.0,0.5,4.69,8.0,6.5,1.0,0.75,4.75,9.5,1.0,0.1,2.0,3.0,1.0,3.25,9.0,4.5,2.0,1.0,1.25,2.5,1.25,4.0,3.5,1.0,8.5,12.0,10.75,2.0,0.25,,1.25,7.75,0.125,1.0,7.0
2009-09-30,9.75,1.0,3.0,1.0,8.75,0.25,0.375,0.5,5.31,4.0,1.25,1.0,1.0,1.0,1.0,1.0,0.5,1.0,0.5,6.83,7.5,6.5,1.0,0.75,4.75,9.5,1.0,0.1,2.0,3.0,1.0,3.25,9.0,4.5,2.0,1.0,1.25,2.5,1.25,4.0,3.5,1.0,8.0,12.0,10.0,2.0,0.25,,1.25,7.25,0.125,1.0,7.0
2009-10-31,9.5,1.0,3.25,1.0,8.75,0.25,0.375,0.5,5.31,4.0,1.25,1.0,1.0,1.0,1.0,1.0,0.5,1.0,0.5,1.21,7.0,6.5,1.0,0.75,4.75,9.75,1.0,0.1,2.0,3.0,1.0,3.25,9.0,4.5,2.0,1.0,1.5,2.5,1.25,4.0,3.5,1.0,8.0,11.0,9.5,2.0,0.25,,1.25,6.75,0.125,1.0,7.0
2009-11-30,9.5,1.0,3.5,1.0,8.75,0.25,0.375,0.5,5.31,3.5,1.25,1.0,1.0,1.0,1.0,1.0,0.5,1.0,0.5,0.8,6.5,6.5,1.0,1.0,4.75,9.625,1.0,0.1,2.0,3.0,1.0,3.25,9.0,4.5,2.0,1.0,1.5,2.5,1.25,4.0,3.5,1.0,8.0,10.0,9.0,2.0,0.25,,1.25,6.5,0.125,1.0,7.0
2009-12-31,9.5,1.0,3.75,1.0,8.75,0.25,0.375,0.5,5.31,3.5,1.0,1.0,0.95,1.0,1.0,1.0,0.5,1.0,0.5,0.98,6.25,6.5,1.0,1.25,4.75,9.125,1.0,0.1,2.0,3.0,1.0,3.25,8.5,4.5,2.0,1.0,1.75,2.5,1.25,4.0,3.5,1.0,8.0,9.5,8.75,2.0,0.25,,1.25,6.5,0.125,1.0,7.0
2010-01-31,9.5,1.0,3.75,1.0,8.75,0.25,0.375,0.5,5.31,3.5,1.0,1.0,0.8,1.0,1.0,1.0,0.5,1.0,0.5,0.78,6.0,6.5,1.0,1.25,4.75,8.625,1.0,0.1,2.0,3.0,1.0,3.25,8.0,4.5,2.0,1.0,1.75,2.5,1.25,4.0,3.5,1.0,7.5,9.5,8.75,2.0,0.25,,1.25,6.5,0.125,1.0,7.0
2010-02-28,9.5,1.0,3.75,1.0,8.75,0.25,0.375,0.5,5.31,3.5,1.0,1.0,0.8,1.0,1.0,1.0,0.5,1.0,0.5,0.42,5.75,6.5,1.0,1.25,4.75,8.625,1.0,0.1,2.0,2.5,1.0,3.25,7.5,4.5,2.0,1.0,1.75,2.5,1.25,4.0,3.5,1.0,7.0,9.5,8.5,2.0,0.25,,1.25,6.5,0.125,1.0,7.0
2010-03-31,9.5,1.0,4.0,1.0,8.75,0.25,0.375,0.5,5.31,3.5,1.0,1.0,0.7,1.0,1.0,1.0,0.5,1.0,0.5,0.77,5.5,6.5,1.0,1.25,5.0,8.125,1.0,0.1,2.0,2.5,1.0,3.25,6.5,4.5,2.25,1.0,1.75,2.5,1.25,4.0,3.5,1.0,6.5,9.0,8.25,2.0,0.25,,1.25,6.5,0.125,1.0,6.5
2010-04-30,9.5,1.0,4.25,1.0,9.5,0.25,0.375,0.5,5.31,3.5,1.0,1.0,0.7,1.0,1.0,1.0,0.5,1.0,0.5,0.83,5.25,6.5,1.0,1.5,5.25,8.125,1.0,0.1,2.0,2.5,1.0,3.25,6.5,4.5,2.25,1.0,1.75,2.5,1.25,4.0,3.5,1.0,6.5,8.5,8.0,2.0,0.25,,1.25,6.5,0.125,1.0,6.5
2010-05-31,9.5,1.0,4.5,1.0,9.5,0.25,0.375,0.5,5.31,3.0,0.75,1.0,0.5,1.0,1.0,1.0,0.5,1.0,0.5,0.7,5.25,6.5,1.0,1.5,5.25,7.625,1.0,0.1,2.0,2.5,1.0,3.25,6.0,4.5,2.5,1.0,2.0,2.5,1.5,4.0,3.5,1.0,6.25,8.0,7.75,2.0,0.25,,1.25,7.0,0.125,1.0,6.5
2010-06-30,9.5,1.0,4.5,1.0,10.25,0.5,0.375,1.0,5.31,3.0,0.75,1.0,0.5,1.0,1.0,1.0,0.5,1.0,0.5,1.03,5.25,6.5,1.0,1.5,5.25,7.125,1.0,0.1,2.0,2.5,1.0,3.25,5.0,4.5,2.5,1.0,2.0,2.75,1.75,4.0,3.5,1.0,6.25,8.0,7.75,2.0,0.25,,1.25,7.0,0.125,1.0,6.5
2010-07-31,9.5,1.0,4.5,1.0,10.75,0.75,0.375,1.5,5.31,3.0,0.75,1.0,0.5,1.0,1.0,1.0,0.5,1.0,0.5,1.37,5.25,6.5,1.0,1.75,5.75,7.125,1.0,0.1,2.25,2.5,1.0,3.25,5.0,4.5,2.75,1.0,2.0,3.0,2.0,4.0,3.5,1.0,6.25,8.0,7.75,2.0,0.5,,1.5,7.0,0.125,1.0,6.5
2010-08-31,9.5,1.0,4.5,1.0,10.75,0.75,0.375,2.0,5.31,3.0,0.75,1.0,0.5,1.0,1.0,1.0,0.5,1.0,0.5,0.88,5.25,6.5,1.0,1.75,5.75,6.125,1.0,0.1,2.25,2.5,1.0,3.25,4.5,4.5,2.75,1.0,2.0,3.0,2.5,4.0,3.5,1.0,6.25,8.5,7.75,2.0,0.5,,1.75,7.0,0.125,1.0,6.5
2010-09-30,9.5,1.0,4.5,1.0,10.75,1.0,0.375,2.5,5.31,3.0,0.75,1.0,0.5,1.0,1.0,1.0,0.5,1.0,0.5,0.87,5.25,6.5,1.0,2.0,6.0,5.375,1.0,0.1,2.25,2.5,1.0,3.25,4.5,4.5,2.75,1.0,2.0,3.0,3.0,4.0,3.5,1.0,6.25,9.0,7.75,2.0,0.75,,1.75,7.0,0.125,1.0,6.0
2010-10-31,9.5,1.0,4.5,1.0,10.75,1.0,0.375,2.75,5.56,3.0,0.75,1.0,0.7,1.0,1.0,1.0,0.5,1.0,0.5,0.74,5.25,6.5,1.0,2.0,6.0,5.375,1.0,0.05,2.25,2.5,1.0,3.25,4.5,4.5,2.75,1.0,2.0,3.0,3.0,4.0,3.5,1.0,6.25,9.5,7.75,2.0,1.0,,1.75,7.0,0.125,1.0,6.0
2010-11-30,9.5,1.0,4.75,1.0,10.75,1.0,0.375,3.0,5.56,3.0,0.75,1.0,0.7,1.0,1.0,1.0,0.5,1.0,0.5,0.71,5.5,6.5,1.0,2.0,6.25,4.625,1.0,0.05,2.5,2.5,1.0,3.25,4.5,4.5,2.75,1.0,2.0,3.0,3.0,4.0,3.5,1.0,6.25,10.5,7.75,2.0,1.0,,1.75,7.0,0.125,1.0,5.5
2010-12-31,9.5,1.0,4.75,1.0,10.75,1.0,0.375,3.25,5.81,3.0,0.75,1.0,0.7,1.0,1.0,1.0,0.5,1.0,0.5,0.81,5.75,6.5,1.0,2.0,6.25,3.875,1.0,0.05,2.5,2.5,1.0,3.25,4.0,4.5,2.75,1.0,2.0,3.0,3.0,4.0,3.5,1.0,6.25,11.5,7.75,2.0,1.25,,2.0,6.5,0.125,1.0,5.5
2011-01-31,9.5,1.0,4.75,1.0,11.25,1.0,0.375,3.25,5.81,3.0,0.75,1.0,0.7,1.0,1.0,1.0,0.5,1.0,0.5,0.57,6.0,6.5,1.0,2.25,6.5,3.875,1.0,0.05,2.75,2.5,1.0,3.25,4.0,4.5,2.75,1.0,2.0,3.0,3.25,4.0,3.75,1.0,6.25,12.0,7.75,2.0,1.25,,2.25,6.25,0.125,1.0,5.5
2011-02-28,9.5,1.0,4.75,1.0,11.25,1.0,0.375,3.5,6.06,3.25,0.75,1.0,0.7,1.0,1.0,1.0,0.5,1.0,0.5,0.67,6.0,6.75,1.0,2.5,6.5,3.625,1.0,0.05,2.75,2.5,1.0,3.25,4.0,4.5,2.75,1.0,2.0,3.0,3.5,4.0,3.75,1.0,6.25,12.0,8.0,2.0,1.5,,2.25,6.25,0.125,1.0,5.5
2011-03-31,9.5,1.0,4.75,1.0,11.75,1.0,0.375,4.0,6.06,3.5,0.75,1.0,0.7,1.0,1.0,1.0,0.5,1.0,0.5,0.63,6.0,6.75,1.0,3.0,6.75,3.625,1.0,0.05,3.0,2.5,1.0,3.25,4.0,4.5,2.75,1.0,2.0,2.5,3.75,4.25,3.75,1.0,6.25,12.25,8.0,2.0,1.5,,2.5,6.25,0.125,1.0,5.5
2011-04-30,9.5,1.25,4.75,1.25,12.0,1.0,0.375,4.5,6.31,3.5,0.75,1.25,0.95,1.25,1.25,1.25,0.5,1.25,0.5,0.7,6.0,6.75,1.25,3.0,6.75,3.625,1.25,0.05,3.0,2.5,1.25,3.25,4.0,4.5,2.75,1.25,2.0,2.5,4.0,4.25,4.0,1.25,6.25,12.5,8.0,2.0,1.75,,2.75,6.25,0.125,1.25,5.5
2011-05-31,9.5,1.25,4.75,1.25,12.0,1.0,0.375,5.0,6.31,4.0,0.75,1.25,0.95,1.25,1.25,1.25,0.5,1.25,0.5,0.45,6.0,6.75,1.25,3.25,7.25,3.625,1.25,0.05,3.0,2.5,1.25,3.25,4.0,4.5,3.0,1.25,2.25,2.5,4.25,4.5,4.25,1.25,6.25,12.5,8.25,2.0,1.75,,2.75,6.25,0.125,1.25,5.5
2011-06-30,9.5,1.25,4.75,1.25,12.25,1.0,0.375,5.25,6.31,4.25,0.75,1.25,0.95,1.25,1.25,1.25,0.5,1.25,0.5,0.38,6.0,6.75,1.25,3.25,7.5,3.625,1.25,0.05,3.25,2.5,1.25,3.25,4.0,4.5,3.0,1.25,2.25,2.5,4.25,4.5,4.5,1.25,6.25,12.0,8.25,2.0,1.75,,3.0,6.25,0.125,1.25,5.5
2011-07-31,9.5,1.5,4.75,1.5,12.5,1.0,0.375,5.25,6.56,4.25,0.75,1.5,1.2,1.5,1.5,1.5,0.5,1.5,0.5,0.47,6.0,6.75,1.5,3.25,8.0,3.625,1.5,0.05,3.25,2.5,1.5,3.25,4.0,4.5,3.0,1.5,2.25,2.5,4.25,4.5,4.5,1.5,6.25,11.75,8.25,2.0,2.0,,3.25,6.25,0.125,1.5,5.5
2011-08-31,9.5,1.5,4.75,1.5,12.5,1.0,0.125,5.25,6.56,4.5,0.75,1.5,1.1,1.5,1.5,1.5,0.5,1.5,0.5,0.42,6.0,6.75,1.5,3.25,8.0,3.875,1.5,0.05,3.25,2.5,1.5,3.25,4.0,4.5,3.0,1.5,2.25,2.5,4.25,4.5,4.5,1.5,6.25,11.75,8.25,2.0,2.0,,3.5,5.75,0.125,1.5,5.5
2011-09-30,9.5,1.5,4.75,1.5,12.0,1.0,0.125,5.25,6.56,4.5,0.75,1.5,1.0,1.5,1.5,1.5,0.5,1.5,0.5,1.25,6.0,6.75,1.5,3.25,8.25,3.875,1.5,0.05,3.25,2.5,1.5,3.25,4.0,4.5,3.0,1.5,2.25,2.5,4.25,4.5,4.5,1.5,6.25,11.25,8.25,2.0,2.0,,3.5,5.75,0.125,1.5,5.5
2011-10-31,9.5,1.5,4.75,1.5,11.5,1.0,0.125,5.25,6.56,4.5,0.75,1.5,1.0,1.5,1.5,1.5,0.5,1.5,0.5,0.76,6.0,6.5,1.5,3.0,8.5,3.875,1.5,0.05,3.25,2.5,1.5,3.25,4.0,4.5,3.0,1.5,2.25,2.5,4.25,4.5,4.5,1.5,6.25,10.75,8.25,2.0,2.0,,3.5,5.75,0.125,1.5,5.5
2011-11-30,9.5,1.25,4.5,1.25,11.5,1.0,0.125,5.25,6.56,4.75,0.75,1.25,0.65,1.25,1.25,1.25,0.5,1.25,0.5,0.52,6.5,6.0,1.25,3.0,8.5,4.125,1.25,0.05,3.25,2.5,1.25,3.25,4.0,4.5,3.0,1.25,2.25,2.5,4.25,4.5,4.5,1.25,6.0,10.0,8.25,2.0,2.0,,3.25,5.75,0.125,1.25,5.5
2011-12-31,9.5,1.0,4.25,1.0,11.0,1.0,0.125,5.25,6.56,4.75,0.75,1.0,0.3,1.0,1.0,1.0,0.5,1.0,0.5,1.57,7.0,6.0,1.0,2.75,8.5,4.125,1.0,0.05,3.25,2.5,1.0,3.25,4.0,4.5,3.0,1.0,1.75,2.5,4.25,4.5,4.5,1.0,6.0,9.75,8.0,2.0,1.75,,3.25,5.75,0.125,1.0,5.5
2012-01-31,9.5,1.0,4.25,1.0,10.5,1.0,0.125,5.0,6.56,5.0,0.75,1.0,0.3,1.0,1.0,1.0,0.5,1.0,0.5,1.25,7.0,6.0,1.0,2.5,8.5,4.125,1.0,0.05,3.25,2.5,1.0,3.25,4.0,4.5,3.0,1.0,1.75,2.5,4.25,4.25,4.5,1.0,5.75,9.5,8.0,2.0,1.75,,3.0,5.75,0.125,1.0,5.5
2012-02-29,9.5,1.0,4.25,1.0,10.5,1.0,0.125,5.0,6.56,5.25,0.75,1.0,0.3,1.0,1.0,1.0,0.5,1.0,0.5,1.04,7.0,5.75,1.0,2.5,8.5,4.125,1.0,0.05,3.25,2.5,1.0,3.25,4.0,4.5,3.0,1.0,1.75,2.5,4.25,4.25,4.5,1.0,5.5,9.5,8.0,2.0,1.5,,3.0,5.75,0.125,1.0,5.5
2012-03-31,9.5,1.0,4.25,1.0,9.75,1.0,0.125,5.0,6.56,5.25,0.75,1.0,0.3,1.0,1.0,1.0,0.5,1.0,0.5,1.29,7.0,5.75,1.0,2.5,8.5,4.375,1.0,0.05,3.25,2.5,1.0,3.0,4.0,4.5,3.0,1.0,1.5,2.5,4.25,4.0,4.5,1.0,5.25,9.5,8.0,2.0,1.5,,3.0,5.75,0.125,1.0,5.5
2012-04-30,9.5,1.0,4.25,1.0,9.0,1.0,0.125,5.0,6.56,5.25,0.75,1.0,0.3,1.0,1.0,1.0,0.5,1.0,0.5,0.48,7.0,5.75,1.0,2.5,8.0,4.375,1.0,0.05,3.25,2.5,1.0,3.0,3.94,4.5,3.0,1.0,1.5,2.5,4.25,4.0,4.5,1.0,5.25,9.5,8.0,2.0,1.5,,3.0,5.75,0.125,1.0,5.5
2012-05-31,9.5,1.0,3.75,1.0,8.5,1.0,0.125,5.0,6.56,5.25,0.75,1.0,0.2,1.0,1.0,1.0,0.5,1.0,0.5,0.4,7.0,5.75,1.0,2.5,8.0,4.875,1.0,0.05,3.25,2.5,1.0,3.0,3.71,4.5,3.0,1.0,1.5,2.5,4.25,4.0,4.75,1.0,5.25,9.5,8.0,2.0,1.5,,3.0,5.75,0.125,1.0,5.5
2012-06-30,9.5,1.0,3.5,1.0,8.5,1.0,0.125,5.0,6.31,5.25,0.5,1.0,0.05,1.0,1.0,1.0,0.5,1.0,0.5,0.74,7.0,5.75,1.0,2.25,8.0,5.125,1.0,0.05,3.25,2.5,1.0,3.0,3.73,4.5,3.0,1.0,1.5,2.5,4.25,4.0,4.75,1.0,5.25,10.0,8.25,2.0,1.5,,3.0,5.75,0.125,1.0,5.5
2012-07-31,9.5,0.75,3.5,0.75,8.0,1.0,0.125,5.0,6.0,5.0,0.5,0.75,-0.2,0.75,0.75,0.75,0.5,0.75,0.5,0.5,7.0,5.75,0.75,2.25,8.0,5.125,0.75,0.05,3.0,2.5,0.75,3.0,3.73,4.5,3.0,0.75,1.5,2.5,4.25,3.75,4.75,0.75,5.25,10.25,8.0,2.0,1.5,,3.0,5.75,0.125,0.75,5.0
2012-08-31,9.5,0.75,3.5,0.75,7.5,1.0,0.125,5.0,6.0,4.75,0.5,0.75,-0.2,0.75,0.75,0.75,0.5,0.75,0.5,1.43,6.75,5.75,0.75,2.25,8.0,5.125,0.75,0.05,3.0,2.5,0.75,3.0,3.73,4.5,3.0,0.75,1.5,2.5,4.25,3.75,4.75,0.75,5.25,10.5,8.0,2.0,1.5,,3.0,5.75,0.125,0.75,5.0
2012-09-30,9.5,0.75,3.5,0.75,7.5,1.0,0.125,5.0,6.0,4.75,0.5,0.75,-0.2,0.75,0.75,0.75,0.5,0.75,0.5,0.54,6.5,5.75,0.75,2.25,8.0,5.125,0.75,0.05,3.0,2.5,0.75,3.0,3.73,4.5,3.0,0.75,1.5,2.5,4.25,3.75,4.75,0.75,5.25,10.5,8.25,2.0,1.25,,3.0,5.75,0.125,0.75,5.0
2012-10-31,9.5,0.75,3.25,0.75,7.25,1.0,0.125,5.0,6.0,4.75,0.25,0.75,-0.2,0.75,0.75,0.75,0.5,0.75,0.5,0.49,6.25,5.75,0.75,2.25,8.0,5.125,0.75,0.05,2.75,2.0,0.75,3.0,3.73,4.5,3.0,0.75,1.5,2.5,4.25,3.5,4.75,0.75,5.25,10.75,8.25,2.0,1.25,,2.75,5.75,0.125,0.75,5.0
2012-11-30,9.5,0.75,3.25,0.75,7.25,1.0,0.125,5.0,6.0,4.5,0.05,0.75,-0.2,0.75,0.75,0.75,0.5,0.75,0.5,0.42,6.0,5.75,0.75,2.0,8.0,5.375,0.75,0.05,2.75,2.0,0.75,3.0,3.73,4.5,3.0,0.75,1.5,2.5,4.25,3.5,4.5,0.75,5.25,10.95,8.25,2.0,1.25,,2.75,5.75,0.125,0.75,5.0
2012-12-31,9.5,0.75,3.0,0.75,7.25,1.0,0.125,5.0,6.0,4.25,0.05,0.75,-0.2,0.75,0.75,0.75,0.5,0.75,0.5,0.59,5.75,5.75,0.75,1.75,8.0,5.375,0.75,0.05,2.75,2.0,0.75,3.0,3.73,4.5,3.0,0.75,1.5,2.5,4.25,3.5,4.25,0.75,5.25,11.25,8.25,2.0,1.0,,2.75,5.5,0.125,0.75,5.0
2013-01-31,9.5,0.75,3.0,0.75,7.25,1.0,0.125,5.0,6.0,4.0,0.05,0.75,-0.1,0.75,0.75,0.75,0.5,0.75,0.5,0.22,5.5,5.75,0.75,1.75,7.75,5.375,0.75,0.05,2.75,2.0,0.75,3.0,3.49,4.5,3.0,0.75,1.5,2.5,4.25,3.5,4.0,0.75,5.25,11.5,8.25,2.0,1.0,,2.75,5.5,0.125,0.75,5.0
2013-02-28,9.5,0.75,3.0,0.75,7.25,1.0,0.125,5.0,6.0,3.75,0.05,0.75,-0.1,0.75,0.75,0.75,0.5,0.75,0.5,0.22,5.25,5.75,0.75,1.75,7.75,5.375,0.75,0.05,2.75,2.0,0.75,3.0,3.48,4.5,3.0,0.75,1.5,2.5,4.25,3.5,3.75,0.75,5.25,11.75,8.25,2.0,1.0,,2.75,5.5,0.125,0.75,5.0
2013-03-31,9.5,0.75,3.0,0.75,7.25,1.0,0.125,5.0,6.0,3.25,0.05,0.75,-0.1,0.75,0.75,0.75,0.5,0.75,0.5,0.78,5.0,5.75,0.75,1.75,7.5,5.375,0.75,0.05,2.75,2.0,0.75,3.0,3.42,4.0,3.0,0.75,1.5,2.5,4.25,3.5,3.25,0.75,5.25,11.75,8.25,2.0,1.0,,2.75,5.5,0.125,0.75,5.0
2013-04-30,9.5,0.75,3.0,0.75,7.5,1.0,0.125,5.0,6.0,3.25,0.05,0.75,-0.1,0.75,0.75,0.75,0.5,0.75,0.5,0.26,4.75,5.75,0.75,1.75,7.5,5.375,0.75,0.05,2.75,2.0,0.75,3.0,3.38,4.0,3.0,0.75,1.5,2.5,4.25,3.5,3.25,0.75,5.25,11.75,8.25,2.0,1.0,,2.75,5.0,0.125,0.75,5.0
2013-05-31,9.5,0.5,2.75,0.5,8.0,1.0,0.125,5.0,6.0,3.25,0.05,0.5,-0.1,0.5,0.5,0.5,0.5,0.5,0.5,0.26,4.5,5.75,0.5,1.25,7.25,5.375,0.5,,2.5,2.0,0.5,3.0,3.37,4.0,3.0,0.5,1.5,2.5,4.25,3.5,3.0,0.5,5.25,11.25,8.25,2.0,1.0,,2.5,4.5,0.125,0.5,5.0
2013-06-30,9.5,0.5,2.75,0.5,8.0,1.0,0.125,5.0,6.0,3.25,0.05,0.5,-0.1,0.5,0.5,0.5,0.5,0.5,0.5,0.36,4.25,6.0,0.5,1.25,7.25,5.375,0.5,,2.5,2.0,0.5,3.0,3.21,4.0,3.0,0.5,1.5,2.5,4.25,3.5,2.75,0.5,5.25,11.0,8.25,2.0,1.0,,2.5,4.5,0.125,0.5,5.0
2013-07-31,9.5,0.5,2.75,0.5,8.5,1.0,0.125,5.0,6.0,3.25,0.05,0.5,-0.1,0.5,0.5,0.5,0.5,0.5,0.5,0.25,4.0,6.5,0.5,1.25,7.25,5.375,0.5,,2.5,2.0,0.5,3.0,3.25,4.0,3.0,0.5,1.5,2.5,4.25,3.5,2.5,0.5,5.0,11.0,8.25,2.0,1.0,,2.5,4.5,0.125,0.5,5.0
2013-08-31,9.5,0.5,2.5,0.5,9.0,1.0,0.125,5.0,6.0,3.25,0.05,0.5,-0.1,0.5,0.5,0.5,0.5,0.5,0.5,0.21,3.8,7.0,0.5,1.25,7.25,5.375,0.5,,2.5,2.0,0.5,3.0,3.25,4.0,3.0,0.5,1.5,2.5,4.25,3.5,2.5,0.5,4.5,11.0,8.25,2.0,1.0,,2.5,4.5,0.125,0.5,5.0
2013-09-30,9.5,0.5,2.5,0.5,9.0,1.0,0.125,5.0,6.0,3.25,0.05,0.5,-0.1,0.5,0.5,0.5,0.5,0.5,0.5,0.56,3.6,7.25,0.5,1.0,7.5,5.375,0.5,,2.5,2.0,0.5,3.0,3.25,3.75,3.0,0.5,1.5,2.5,4.25,3.5,2.5,0.5,4.5,11.0,5.5,2.0,1.0,,2.5,4.5,0.125,0.5,5.0
2013-10-31,9.5,0.5,2.5,0.5,9.5,1.0,0.125,4.75,6.0,3.25,0.05,0.5,-0.1,0.5,0.5,0.5,0.5,0.5,0.5,0.25,3.4,7.25,0.5,1.0,7.75,5.375,0.5,,2.5,2.0,0.5,3.0,3.25,3.5,3.0,0.5,1.5,2.5,4.25,3.5,2.5,0.5,4.25,10.5,5.5,2.0,1.0,,2.5,4.5,0.125,0.5,5.0
2013-11-30,9.5,0.25,2.5,0.25,10.0,1.0,0.125,4.5,6.0,3.25,0.05,0.25,-0.1,0.25,0.25,0.25,0.5,0.25,0.5,0.25,3.2,7.5,0.25,1.0,7.75,5.375,0.25,,2.5,2.0,0.25,3.0,3.25,3.5,3.0,0.25,1.5,2.5,4.0,3.5,2.5,0.25,4.0,10.0,5.5,2.0,1.0,,2.25,4.5,0.125,0.25,5.0
2013-12-31,9.5,0.25,2.5,0.25,10.0,1.0,0.125,4.5,6.0,3.25,0.05,0.25,-0.1,0.25,0.25,0.25,0.5,0.25,0.5,0.31,3.0,7.5,0.25,1.0,7.75,5.375,0.25,,2.5,2.0,0.25,3.0,3.25,3.5,3.0,0.25,1.5,2.5,4.0,3.5,2.5,0.25,4.0,9.5,5.5,2.0,0.75,,2.25,4.5,0.125,0.25,5.0
2014-01-31,25.5201,0.25,2.5,0.25,10.5,1.0,0.125,4.5,6.0,3.25,0.05,0.25,-0.1,0.25,0.25,0.25,0.5,0.25,0.5,0.5,2.85,7.5,0.25,1.0,8.0,5.375,0.25,,2.5,2.0,0.25,3.0,3.25,3.5,3.0,0.25,1.5,2.5,4.0,3.5,2.5,0.25,3.75,9.5,5.5,2.0,0.75,,2.25,10.0,0.125,0.25,5.5
2014-02-28,28.7098,0.25,2.5,0.25,10.75,1.0,0.125,4.25,6.0,3.25,0.05,0.25,-0.1,0.25,0.25,0.25,0.5,0.25,0.5,0.4,2.7,7.5,0.25,0.75,8.0,5.375,0.25,,2.5,2.0,0.25,3.0,3.25,3.5,3.0,0.25,1.5,2.5,4.0,3.5,2.5,0.25,3.5,9.5,5.5,2.0,0.75,,2.25,10.0,0.125,0.25,5.5
2014-03-31,28.6298,0.25,2.5,0.25,10.75,1.0,0.125,4.0,6.0,3.25,0.05,0.25,-0.1,0.25,0.25,0.25,0.5,0.25,0.5,0.43,2.6,7.5,0.25,0.75,8.0,5.375,0.25,,2.5,2.0,0.25,3.0,3.25,3.5,3.0,0.25,1.5,2.75,4.0,3.5,2.5,0.25,3.5,9.5,7.0,2.0,0.75,,2.0,10.0,0.125,0.25,5.5
2014-04-30,27.7999,0.25,2.5,0.25,11.0,1.0,0.125,4.0,6.0,3.5,0.05,0.25,0.05,0.25,0.25,0.25,0.5,0.25,0.5,0.28,2.5,7.5,0.25,0.75,8.0,5.375,0.25,,2.5,2.0,0.25,3.0,3.25,3.5,3.0,0.25,1.5,3.0,4.0,3.5,2.5,0.25,3.5,9.5,7.5,2.0,0.75,,2.0,10.0,0.125,0.25,5.5
2014-05-31,26.7301,0.25,2.5,0.25,11.0,1.0,0.125,4.0,6.0,3.5,0.05,0.25,0.05,0.25,0.25,0.25,0.5,0.25,0.5,0.21,2.4,7.5,0.25,0.75,8.0,5.25,0.25,,2.5,2.0,0.25,3.0,3.25,3.5,3.0,0.25,1.5,3.0,4.0,3.5,2.5,0.25,3.5,9.0,7.5,2.0,0.75,,2.0,9.5,0.125,0.25,5.5
2014-06-30,26.8002,0.15,2.5,0.15,11.0,1.0,0.125,4.0,6.0,4.0,0.05,0.15,0.05,0.15,0.15,0.15,0.5,0.15,0.5,0.24,2.3,7.5,0.15,0.75,8.0,5.25,0.15,,2.5,2.0,0.15,3.0,3.25,3.0,3.0,0.15,1.5,3.25,4.0,3.5,2.5,0.15,3.5,8.5,7.5,2.0,0.75,,2.0,8.75,0.125,0.15,5.5
2014-07-31,26.7801,0.15,2.5,0.15,11.0,1.0,0.125,3.75,6.0,4.0,0.05,0.15,0.05,0.15,0.15,0.15,0.5,0.15,0.5,0.22,2.1,7.5,0.15,0.5,8.0,5.25,0.15,,2.5,2.0,0.15,3.0,3.25,3.0,3.25,0.15,1.5,3.5,3.75,3.75,2.5,0.15,3.5,8.5,8.0,2.0,0.25,,2.0,8.25,0.125,0.15,5.75
2014-08-31,26.8599,0.15,2.5,0.15,11.0,1.0,0.125,3.5,6.0,4.25,0.05,0.15,0.05,0.15,0.15,0.15,0.5,0.15,0.5,0.47,2.1,7.5,0.15,0.25,8.0,5.25,0.15,,2.25,2.0,0.15,3.0,3.25,3.0,3.25,0.15,1.5,3.5,3.75,3.75,2.5,0.15,3.25,8.5,8.0,2.0,0.25,,2.0,8.25,0.125,0.15,5.75
2014-09-30,26.8599,0.05,2.5,0.05,11.0,1.0,0.125,3.25,6.0,4.5,0.05,0.05,-0.05,0.05,0.05,0.05,0.5,0.05,0.5,0.39,2.1,7.5,0.05,0.25,8.0,5.25,0.05,,2.25,2.0,0.05,2.75,3.25,3.0,3.25,0.05,1.5,3.5,3.5,4.0,2.5,0.05,3.25,8.5,8.0,2.0,0.25,,2.0,8.25,0.125,0.05,5.75
2014-10-31,26.8599,0.05,2.5,0.05,11.25,1.0,0.125,3.0,6.0,4.5,0.05,0.05,-0.05,0.05,0.05,0.05,0.5,0.05,0.5,0.42,2.1,7.5,0.05,0.25,8.0,5.25,0.05,,2.0,2.0,0.05,2.75,3.25,3.0,3.25,0.05,1.5,3.5,3.5,4.0,2.0,0.05,3.0,8.5,8.0,2.0,0.0,,2.0,8.25,0.125,0.05,5.75
2014-11-30,26.8599,0.05,2.5,0.05,11.25,1.0,0.125,3.0,5.6,4.5,0.05,0.05,-0.05,0.05,0.05,0.05,0.5,0.05,0.5,0.4,2.1,7.5,0.05,0.25,8.0,5.0,0.05,,2.0,2.0,0.05,2.75,3.25,3.0,3.25,0.05,1.5,3.5,3.5,4.0,2.0,0.05,2.75,8.0,9.5,2.0,0.0,,2.0,8.25,0.125,0.05,5.75
2014-12-31,26.8599,0.05,2.5,0.05,11.75,1.0,-0.25,3.0,5.6,4.5,0.05,0.05,-0.05,0.05,0.05,0.05,0.5,0.05,0.5,0.29,2.1,7.75,0.05,0.25,8.0,4.5,0.05,,2.0,2.0,0.05,2.5,3.25,3.0,3.25,0.05,1.25,3.5,3.5,4.0,2.0,0.05,2.75,8.0,17.0,2.0,0.0,,2.0,8.25,0.125,0.05,5.75
2015-01-31,26.56,0.05,2.5,0.05,12.25,0.75,-0.75,3.0,5.6,4.5,0.05,0.05,-0.5,0.05,0.05,0.05,0.5,0.05,0.5,0.4,2.1,7.75,0.05,0.25,7.75,4.5,0.05,,2.0,2.0,0.05,2.5,3.25,3.0,3.25,0.05,1.25,3.5,3.25,4.0,2.0,0.05,2.5,8.0,17.0,2.0,0.0,,2.0,7.75,0.125,0.05,5.75
2015-02-28,26.3301,0.05,2.25,0.05,12.25,0.75,-0.75,3.0,5.6,4.5,0.05,0.05,-0.75,0.05,0.05,0.05,0.5,0.05,0.5,0.27,2.1,7.5,0.05,0.1,7.75,4.5,0.05,,2.0,2.0,0.05,2.5,3.25,3.0,3.25,0.05,1.25,3.5,3.25,4.0,2.0,0.05,2.25,8.0,15.0,2.0,-0.1,,2.0,7.5,0.125,0.05,5.75
2015-03-31,26.2199,0.05,2.25,0.05,12.75,0.75,-0.75,3.0,5.35,4.5,0.05,0.05,-0.75,0.05,0.05,0.05,0.5,0.05,0.5,0.8,1.95,7.5,0.05,0.1,7.5,4.5,0.05,,1.75,2.0,0.05,2.5,3.25,3.0,3.25,0.05,1.25,3.5,3.25,4.0,1.5,0.05,2.25,7.5,14.0,2.0,-0.25,,1.75,7.5,0.125,0.05,5.75
2015-04-30,25.9701,0.05,2.25,0.05,13.25,0.75,-0.75,3.0,5.35,4.5,0.05,0.05,-0.75,0.05,0.05,0.05,0.5,0.05,0.5,0.13,1.8,7.5,0.05,0.1,7.5,4.5,0.05,,1.75,2.0,0.05,2.5,3.25,3.0,3.25,0.05,1.25,3.5,3.25,4.0,1.5,0.05,2.0,7.0,14.0,2.0,-0.25,,1.5,7.5,0.125,0.05,5.75
2015-05-31,26.0401,0.05,2.0,0.05,13.25,0.75,-0.75,3.0,5.1,4.5,0.05,0.05,-0.75,0.05,0.05,0.05,0.5,0.05,0.5,0.14,1.65,7.5,0.05,0.1,7.5,4.5,0.05,,1.75,2.0,0.05,2.5,3.25,3.0,3.25,0.05,1.25,3.5,3.25,4.0,1.5,0.05,1.75,6.5,12.5,2.0,-0.25,,1.5,7.5,0.125,0.05,5.75
2015-06-30,26.0401,0.05,2.0,0.05,13.75,0.75,-0.75,3.0,4.85,4.5,0.05,0.05,-0.75,0.05,0.05,0.05,0.5,0.05,0.5,0.25,1.5,7.5,0.05,0.1,7.25,5.0,0.05,,1.5,2.0,0.05,2.5,3.25,3.0,3.25,0.05,1.0,3.25,3.25,4.0,1.5,0.05,1.75,6.0,11.5,2.0,-0.25,,1.5,7.5,0.125,0.05,5.75
2015-07-31,25.9237,0.05,2.0,0.05,14.25,0.5,-0.75,3.0,4.85,4.5,0.05,0.05,-0.75,0.05,0.05,0.05,0.5,0.05,0.5,0.46,1.35,7.5,0.05,0.1,7.25,5.0,0.05,,1.5,2.0,0.05,2.5,3.25,3.0,3.25,0.05,1.0,3.0,3.25,4.0,1.5,0.05,1.75,6.0,11.5,2.0,-0.35,,1.5,7.5,0.125,0.05,6.0
2015-08-31,25.8188,0.05,2.0,0.05,14.25,0.5,-0.75,3.0,4.6,4.5,0.05,0.05,-0.75,0.05,0.05,0.05,0.5,0.05,0.5,0.56,1.35,7.5,0.05,0.1,7.25,5.5,0.05,,1.5,2.0,0.05,2.5,3.25,3.0,3.25,0.05,1.0,3.0,3.25,4.0,1.5,0.05,1.75,5.5,11.0,2.0,-0.35,,1.5,7.5,0.125,0.05,6.0
2015-09-30,26.0367,0.05,2.0,0.05,14.25,0.5,-0.75,3.0,4.6,4.75,0.05,0.05,-0.75,0.05,0.05,0.05,0.5,0.05,0.5,0.81,1.35,7.5,0.05,0.1,6.75,5.5,0.05,,1.5,2.0,0.05,2.5,3.25,3.0,3.25,0.05,0.75,2.75,3.5,4.0,1.5,0.05,1.75,5.0,11.0,2.0,-0.35,,1.5,7.5,0.125,0.05,6.0
2015-10-31,28.9307,0.05,2.0,0.05,14.25,0.5,-0.75,3.25,4.35,4.75,0.05,0.05,-0.75,0.05,0.05,0.05,0.5,0.05,0.5,0.63,1.35,7.5,0.05,0.1,6.75,5.5,0.05,,1.5,2.0,0.05,2.5,3.25,3.0,3.25,0.05,0.75,2.75,3.5,4.0,1.5,0.05,1.75,4.5,11.0,2.0,-0.35,,1.5,7.5,0.125,0.05,6.0
2015-11-30,29.0366,0.05,2.0,0.05,14.25,0.5,-0.75,3.25,4.35,5.5,0.05,0.05,-0.75,0.05,0.05,0.05,0.5,0.05,0.5,0.7,1.35,7.5,0.05,0.1,6.75,5.75,0.05,,1.5,2.0,0.05,2.5,3.25,3.0,3.25,0.05,0.75,2.75,3.5,4.0,1.5,0.05,1.75,4.5,11.0,2.0,-0.35,,1.5,7.5,0.125,0.05,6.25
2015-12-31,33.0009,0.05,2.0,0.05,14.25,0.5,-0.75,3.5,4.35,5.75,0.05,0.05,-0.75,0.05,0.05,0.05,0.5,0.05,0.75,0.38,1.35,7.5,0.05,0.1,6.75,5.75,0.05,,1.5,2.25,0.05,2.5,3.25,3.25,3.25,0.05,0.75,2.5,3.75,4.0,1.5,0.05,1.75,4.5,11.0,2.0,-0.35,,1.5,7.5,0.375,0.05,6.25
2016-01-31,30.7503,0.05,2.0,0.05,14.25,0.5,-0.75,3.5,4.35,5.75,0.05,0.05,-0.65,0.05,0.05,0.05,0.5,0.05,0.75,0.58,1.35,7.25,0.05,0.1,6.75,5.75,0.05,,1.5,2.25,0.05,2.5,3.25,3.25,3.25,0.05,0.75,2.5,4.0,4.0,1.5,0.05,1.75,4.5,11.0,2.0,-0.35,,1.5,7.5,0.375,0.05,6.75
2016-02-29,31.1461,0.05,2.0,0.05,14.25,0.5,-0.75,3.5,4.35,6.25,0.05,0.05,-0.65,0.05,0.05,0.05,0.5,0.05,0.75,0.5,1.35,7.0,0.05,0.1,6.75,5.75,0.05,,1.5,2.25,0.05,2.5,3.25,3.75,3.25,0.05,0.75,2.5,4.25,4.0,1.5,0.05,1.75,4.25,11.0,2.0,-0.5,,1.5,7.5,0.375,0.05,6.75
2016-03-31,38.0008,0.0,2.0,0.0,14.25,0.5,-0.75,3.5,4.35,6.5,0.05,0.0,-0.65,0.0,0.0,0.0,0.5,0.0,0.75,0.5,1.2,6.75,0.0,0.1,6.75,5.75,0.0,,1.5,2.25,0.0,2.25,3.25,3.75,3.25,0.0,0.5,2.25,4.25,4.0,1.5,0.0,1.75,4.25,11.0,2.0,-0.5,,1.5,7.5,0.375,0.0,7.0
2016-04-30,37.9997,0.0,2.0,0.0,14.25,0.5,-0.75,3.5,4.35,6.5,0.05,0.0,-0.65,0.0,0.0,0.0,0.5,0.0,0.75,0.3,1.05,6.75,0.0,0.1,6.5,5.75,0.0,,1.5,2.25,0.0,2.25,3.25,3.75,3.25,0.0,0.5,2.25,4.25,4.0,1.5,0.0,1.75,4.25,11.0,2.0,-0.5,,1.5,7.5,0.375,0.0,7.0
2016-05-31,35.2503,0.0,1.75,0.0,14.25,0.5,-0.75,3.5,4.35,7.25,0.05,0.0,-0.65,0.0,0.0,0.0,0.5,0.0,0.75,0.0,0.9,6.75,0.0,0.1,6.5,5.75,0.0,,1.5,2.25,0.0,2.25,4.0,3.75,3.25,0.0,0.5,2.25,4.25,4.0,1.5,0.0,1.75,4.25,11.0,2.0,-0.5,,1.5,7.5,0.375,0.0,7.0
2016-06-30,30.7503,0.0,1.75,0.0,14.25,0.5,-0.75,3.5,4.35,7.5,0.05,0.0,-0.65,0.0,0.0,0.0,0.5,0.0,0.75,0.0,0.9,6.5,0.0,0.1,6.5,5.75,0.0,,1.25,2.25,0.0,2.25,4.0,4.25,3.25,0.0,0.5,2.25,4.25,3.0,1.5,0.0,1.75,4.25,10.5,2.0,-0.5,,1.5,7.5,0.375,0.0,7.0
2016-07-31,30.2498,0.0,1.75,0.0,14.25,0.5,-0.75,3.5,4.35,7.5,0.05,0.0,-0.65,0.0,0.0,0.0,0.5,0.0,0.75,0.0,0.9,6.5,0.0,0.1,6.5,5.75,0.0,,1.25,2.25,0.0,2.25,4.0,4.25,3.0,0.0,0.5,2.25,4.25,3.0,1.5,0.0,1.75,4.0,10.5,2.0,-0.5,,1.5,7.5,0.375,0.0,7.0
2016-08-31,28.2505,0.0,1.5,0.0,14.25,0.5,-0.75,3.5,4.35,7.75,0.05,0.0,-0.65,0.0,0.0,0.0,0.25,0.0,0.75,0.2,0.9,5.25,0.0,0.1,6.5,5.25,0.0,,1.25,2.25,0.0,2.25,4.0,4.25,3.0,0.0,0.5,2.0,4.25,3.0,1.5,0.0,1.75,4.0,10.5,2.0,-0.5,,1.5,7.5,0.375,0.0,7.0
2016-09-30,26.7498,0.0,1.5,0.0,14.25,0.5,-0.75,3.5,4.35,7.75,0.05,0.0,-0.65,0.0,0.0,0.0,0.25,0.0,0.75,0.52,0.9,5.0,0.0,0.1,6.5,5.25,0.0,-0.1,1.25,2.25,0.0,2.25,4.0,4.75,3.0,0.0,0.5,2.0,4.25,3.0,1.5,0.0,1.75,4.0,10.0,2.0,-0.5,,1.5,7.5,0.375,0.0,7.0
2016-10-31,26.7498,0.0,1.5,0.0,14.0,0.5,-0.75,3.5,4.35,7.75,0.05,0.0,-0.65,0.0,0.0,0.0,0.25,0.0,0.75,0.58,0.9,4.75,0.0,0.1,6.25,5.25,0.0,-0.1,1.25,2.25,0.0,2.25,4.0,4.75,3.0,0.0,0.5,2.0,4.25,3.0,1.5,0.0,1.75,4.0,10.0,2.0,-0.5,,1.5,7.5,0.375,0.0,7.0
2016-11-30,24.7503,0.0,1.5,0.0,14.0,0.5,-0.75,3.5,4.35,7.75,0.05,0.0,-0.65,0.0,0.0,0.0,0.25,0.0,0.75,0.3,0.9,4.75,0.0,0.1,6.25,5.25,0.0,-0.1,1.25,2.25,0.0,2.25,4.0,5.25,3.0,0.0,0.5,1.75,4.25,3.0,1.5,0.0,1.75,4.0,10.0,2.0,-0.5,,1.5,8.0,0.375,0.0,7.0
2016-12-31,24.7503,0.0,1.5,0.0,13.75,0.5,-0.75,3.5,4.35,7.5,0.05,0.0,-0.65,0.0,0.0,0.0,0.25,0.0,1.0,0.08,0.9,4.75,0.0,0.1,6.25,5.0,0.0,-0.1,1.25,2.5,0.0,2.25,3.75,5.75,3.0,0.0,0.5,1.75,4.25,3.0,1.5,0.0,1.75,4.0,10.0,2.0,-0.5,,1.5,8.0,0.625,0.0,7.0
2017-01-31,24.75,0.0,1.5,0.0,13.0,0.5,-0.75,3.25,4.35,7.5,0.05,0.0,-0.65,0.0,0.0,0.0,0.25,0.0,1.0,0.0,0.9,4.75,0.0,0.1,6.25,5.0,0.0,-0.1,1.25,2.5,0.0,2.25,3.5,5.75,3.0,0.0,0.5,1.75,4.25,3.0,1.5,0.0,1.75,4.0,10.0,2.0,-0.5,,1.5,8.0,0.625,0.0,7.0
2017-02-28,24.75,0.0,1.5,0.0,12.25,0.5,-0.75,3.25,4.35,7.25,0.05,0.0,-0.65,0.0,0.0,0.0,0.25,0.0,1.0,0.0,0.9,4.75,0.0,0.1,6.25,5.0,0.0,-0.1,1.25,2.5,0.0,2.25,3.25,6.25,3.0,0.0,0.5,1.75,4.25,3.0,1.5,0.0,1.75,4.0,10.0,2.0,-0.5,,1.5,8.0,0.625,0.0,7.0
2017-03-31,24.75,0.0,1.5,0.0,12.25,0.5,-0.75,3.0,4.35,7.0,0.05,0.0,-0.65,0.0,0.0,0.0,0.25,0.0,1.25,0.0,0.9,4.75,0.0,0.1,6.25,5.0,0.0,-0.1,1.25,2.75,0.0,2.25,3.25,6.5,3.0,0.0,0.5,1.75,4.25,3.0,1.5,0.0,1.75,4.0,9.75,2.0,-0.5,,1.5,8.0,0.875,0.0,7.0
2017-04-30,26.25,0.0,1.5,0.0,11.25,0.5,-0.75,2.75,4.35,7.0,0.05,0.0,-0.65,0.0,0.0,0.0,0.25,0.0,1.25,0.06,0.9,4.75,0.0,0.1,6.25,5.0,0.0,-0.1,1.25,2.75,0.0,2.25,3.25,6.5,3.0,0.0,0.5,1.75,4.25,3.0,1.5,0.0,1.75,4.0,9.75,2.0,-0.5,,1.5,8.0,0.875,0.0,7.0
2017-05-31,26.25,0.0,1.5,0.0,11.25,0.5,-0.75,2.5,4.35,6.25,0.05,0.0,-0.65,0.0,0.0,0.0,0.25,0.0,1.25,0.4,0.9,4.75,0.0,0.1,6.25,4.75,0.0,-0.1,1.25,2.75,0.0,2.25,3.25,6.75,3.0,0.0,0.5,1.75,4.0,3.0,1.5,0.0,1.75,4.0,9.25,2.0,-0.5,,1.5,8.0,0.875,0.0,7.0
2017-06-30,26.25,0.0,1.5,0.0,10.25,0.5,-0.75,2.5,4.35,6.25,0.05,0.0,-0.65,0.0,0.0,0.0,0.25,0.0,1.5,0.39,0.9,4.75,0.0,0.1,6.25,4.5,0.0,-0.1,1.25,2.75,0.0,2.25,3.25,7.0,3.0,0.0,0.5,1.75,4.0,3.0,1.5,0.0,1.75,4.0,9.0,2.0,-0.5,,1.5,8.0,1.125,0.0,7.0
2017-07-31,26.25,0.0,1.5,0.0,9.25,0.75,-0.75,2.5,4.35,5.5,0.05,0.0,-0.65,0.0,0.0,0.0,0.25,0.0,1.5,,0.9,4.75,0.0,0.1,6.25,4.5,0.0,-0.1,1.25,2.75,0.0,2.25,3.25,7.0,3.0,0.0,0.5,1.75,3.75,3.0,1.5,0.0,1.75,4.0,9.0,2.0,-0.5,,1.5,8.0,1.125,0.0,6.75
2017-08-31,26.25,0.0,1.5,0.0,9.25,0.75,-0.75,2.5,4.35,5.5,0.25,0.0,-0.65,0.0,0.0,0.0,0.25,0.0,1.5,,0.9,4.5,0.0,0.1,6.0,4.5,0.0,-0.1,1.25,2.75,0.0,2.25,3.25,7.0,3.0,0.0,0.5,1.75,3.75,3.0,1.5,0.0,1.75,4.0,9.0,2.0,-0.5,,1.5,8.0,1.125,0.0,6.75
2017-09-30,26.25,0.0,1.5,0.0,8.25,1.0,-0.75,2.5,4.35,5.25,0.25,0.0,-0.65,0.0,0.0,0.0,0.25,0.0,1.5,0.5,0.9,4.25,0.0,0.1,6.0,4.5,0.0,-0.1,1.25,2.75,0.0,2.25,3.25,7.0,3.0,0.0,0.5,1.75,3.5,3.0,1.5,0.0,1.75,3.75,8.5,2.0,-0.5,,1.5,8.0,1.125,0.0,6.75
2017-10-31,27.75,0.0,1.5,0.0,7.5,1.0,-0.75,2.5,4.35,5.0,0.25,0.0,-0.65,0.0,0.0,0.0,0.25,0.0,1.5,0.1,0.9,4.25,0.0,0.1,6.0,4.25,0.0,-0.1,1.25,2.75,0.0,2.25,3.25,7.0,3.0,0.0,0.5,1.75,3.5,3.0,1.5,0.0,1.75,3.5,8.25,2.0,-0.5,,1.5,8.0,1.125,0.0,6.75
2017-11-30,28.75,0.0,1.5,0.0,7.5,1.0,-0.75,2.5,4.35,4.75,0.5,0.0,-0.65,0.0,0.0,0.0,0.5,0.0,1.5,0.1,0.9,4.25,0.0,0.1,6.0,4.25,0.0,-0.1,1.5,2.75,0.0,2.25,3.25,7.0,3.0,0.0,0.5,1.75,3.25,3.0,1.5,0.0,1.75,3.5,8.25,2.0,-0.5,,1.5,8.0,1.125,0.0,6.75
2017-12-31,28.75,0.0,1.5,0.0,7.0,1.0,-0.75,2.5,4.35,4.75,0.5,0.0,-0.65,0.0,0.0,0.0,0.5,0.0,1.75,0.1,0.9,4.25,0.0,0.1,6.0,4.25,0.0,-0.1,1.5,2.75,0.0,2.25,3.25,7.25,3.0,0.0,0.5,1.75,3.25,3.0,1.5,0.0,1.75,3.5,7.75,2.0,-0.5,,1.5,8.0,1.375,0.0,6.75
2018-01-31,27.25,0.0,1.5,0.0,7.0,1.25,-0.75,2.5,4.35,4.5,0.5,0.0,-0.65,0.0,0.0,0.0,0.5,0.0,1.75,0.1,0.9,4.25,0.0,0.1,6.0,4.25,0.0,-0.1,1.5,2.75,0.0,2.25,3.25,7.25,3.25,0.0,0.5,1.75,3.0,3.0,1.5,0.0,2.0,3.5,7.75,2.0,-0.5,,1.5,8.0,1.375,0.0,6.75
2018-02-28,27.25,0.0,1.5,0.0,6.75,1.25,-0.75,2.5,4.35,4.5,0.75,0.0,-0.65,0.0,0.0,0.0,0.5,0.0,1.75,0.1,0.9,4.25,0.0,0.1,6.0,4.25,0.0,-0.1,1.5,2.75,0.0,2.25,3.25,7.5,3.25,0.0,0.5,1.75,3.0,3.0,1.5,0.0,2.25,3.5,7.5,2.0,-0.5,,1.5,8.0,1.375,0.0,6.75
2018-03-31,27.25,0.0,1.5,0.0,6.5,1.25,-0.75,2.5,4.35,4.5,0.75,0.0,-0.65,0.0,0.0,0.0,0.5,0.0,2.0,,0.9,4.25,0.0,0.1,6.0,4.25,0.0,-0.1,1.5,3.0,0.0,2.25,3.0,7.5,3.25,0.0,0.5,1.75,2.75,3.0,1.5,0.0,2.25,3.25,7.25,2.25,-0.5,,1.5,8.0,1.625,0.0,6.5
2018-04-30,30.25,0.0,1.5,0.0,6.5,1.25,-0.75,2.5,4.35,4.25,0.75,0.0,-0.65,0.0,0.0,0.0,0.5,0.0,2.0,0.25,0.9,4.25,0.0,0.1,6.0,4.25,0.0,-0.1,1.5,3.0,0.0,2.25,3.0,7.5,3.25,0.0,0.5,1.75,2.75,3.0,1.5,0.0,2.25,3.0,7.25,2.25,-0.5,,1.5,8.0,1.625,0.0,6.5
2018-05-31,40.0,0.0,1.5,0.0,6.5,1.25,-0.75,2.5,4.35,4.25,0.75,0.0,-0.65,0.0,0.0,0.0,0.5,0.0,2.0,,0.9,4.75,0.0,0.1,6.0,4.25,0.0,-0.1,1.5,3.0,0.0,2.25,3.0,7.5,3.25,0.0,0.5,1.75,2.75,3.25,1.5,0.0,2.5,3.0,7.25,2.25,-0.5,,1.5,8.0,1.625,0.0,6.5
2018-06-30,40.0,0.0,1.5,0.0,6.5,1.25,-0.75,2.5,4.35,4.25,1.0,0.0,-0.65,0.0,0.0,0.0,0.5,0.0,2.25,,0.9,5.25,0.0,0.1,6.25,4.25,0.0,-0.1,1.5,3.0,0.0,2.25,3.0,7.75,3.25,0.0,0.5,1.75,2.75,3.5,1.5,0.0,2.5,3.0,7.25,2.5,-0.5,,1.5,17.75,1.875,0.0,6.5
2018-07-31,40.0,0.0,1.5,0.0,6.5,1.5,-0.75,2.5,4.35,4.25,1.0,0.0,-0.65,0.0,0.0,0.0,0.5,0.0,2.25,0.0,0.9,5.25,0.0,0.1,6.25,4.25,0.0,-0.1,1.5,3.0,0.0,2.25,3.0,7.75,3.25,0.0,0.5,1.75,2.75,3.5,1.5,0.0,2.5,3.0,7.25,2.5,-0.5,,1.5,17.75,1.875,0.0,6.5
2018-08-31,60.0,0.0,1.5,0.0,6.5,1.5,-0.75,2.5,4.35,4.25,1.25,0.0,-0.65,0.0,0.0,0.0,0.75,0.0,2.25,,0.9,5.5,0.0,0.1,6.5,4.25,0.0,-0.1,1.5,3.0,0.0,2.25,2.75,7.75,3.25,0.0,0.5,1.75,2.75,4.0,1.5,0.0,2.5,3.0,7.25,2.5,-0.5,,1.5,17.75,1.875,0.0,6.5
2018-09-30,65.0,0.0,1.5,0.0,6.5,1.5,-0.75,2.5,4.35,4.25,1.5,0.0,-0.65,0.0,0.0,0.0,0.75,0.0,2.5,,0.9,5.75,0.0,0.1,6.5,4.25,0.0,-0.1,1.5,3.0,0.0,2.25,2.75,7.75,3.25,0.0,0.75,1.75,2.75,4.5,1.5,0.0,2.5,3.0,7.5,2.75,-0.5,,1.5,24.0,2.125,0.0,6.5
2018-10-31,68.048,0.0,1.5,0.0,6.5,1.75,-0.75,2.75,4.35,4.25,1.5,0.0,-0.65,0.0,0.0,0.0,0.75,0.0,2.5,,0.9,5.75,0.0,0.1,6.5,4.25,0.0,-0.1,1.5,3.0,0.0,2.25,2.75,7.75,3.25,0.0,0.75,1.75,2.75,4.5,1.5,0.0,2.5,3.0,7.5,2.75,-0.5,,1.5,24.0,2.125,0.0,6.5
2018-11-30,60.753,0.0,1.5,0.0,6.5,1.75,-0.75,2.75,4.35,4.25,1.75,0.0,-0.65,0.0,0.0,0.0,0.75,0.0,2.5,,0.9,6.0,0.0,0.25,6.5,4.5,0.0,-0.1,1.75,3.0,0.0,2.25,2.75,8.0,3.25,0.0,0.75,1.75,2.75,4.75,1.5,0.0,2.5,3.0,7.5,2.75,-0.5,,1.5,24.0,2.125,0.0,6.75
2018-12-31,59.252,0.0,1.5,0.0,6.5,1.75,-0.75,2.75,4.35,4.25,1.75,0.0,-0.65,0.0,0.0,0.0,0.75,0.0,2.75,,0.9,6.0,0.0,0.25,6.5,4.5,0.0,-0.1,1.75,3.0,0.0,2.25,2.5,8.25,3.25,0.0,0.75,1.75,2.75,4.75,1.5,0.0,2.5,3.0,7.75,3.0,-0.5,,1.75,24.0,2.375,0.0,6.75
2019-01-31,53.687,0.0,1.5,0.0,6.5,1.75,-0.75,3.0,4.35,4.25,1.75,0.0,-0.65,0.0,0.0,0.0,0.75,0.0,2.75,,0.9,6.0,0.0,0.25,6.5,4.5,0.0,-0.1,1.75,3.0,0.0,2.25,2.5,8.25,3.25,0.0,0.75,1.75,2.75,4.75,1.5,0.0,2.5,3.0,7.75,3.0,-0.25,,1.75,24.0,2.375,0.0,6.75
2019-02-28,50.127,0.0,1.5,0.0,6.5,1.75,-0.75,3.0,4.35,4.25,1.75,0.0,-0.65,0.0,0.0,0.0,0.75,0.0,2.75,,0.9,6.0,0.0,0.25,6.25,4.5,0.0,-0.1,1.75,3.0,0.0,2.25,2.5,8.25,3.25,0.0,0.75,1.75,2.75,4.75,1.5,0.0,2.5,3.0,7.75,3.0,-0.25,,1.75,24.0,2.375,0.0,6.75
2019-03-31,68.155,0.0,1.5,0.0,6.5,1.75,-0.75,3.0,4.35,4.25,1.75,0.0,-0.65,0.0,0.0,0.0,0.75,0.0,2.75,,0.9,6.0,0.0,0.25,6.25,4.5,0.0,-0.1,1.75,3.0,0.0,2.25,2.25,8.25,3.25,0.0,1.0,1.75,2.75,4.75,1.5,0.0,2.5,3.0,7.75,3.0,-0.25,,1.75,24.0,2.375,0.0,6.75
2019-04-30,73.93,0.0,1.5,0.0,6.5,1.75,-0.75,3.0,4.35,4.25,1.75,0.0,-0.65,0.0,0.0,0.0,0.75,0.0,2.75,-0.4,0.9,6.0,0.0,0.25,6.0,4.5,0.0,-0.1,1.75,3.0,0.0,2.25,2.25,8.25,3.25,0.0,1.0,1.75,2.75,4.75,1.5,0.0,2.5,3.0,7.75,3.0,-0.25,,1.75,24.0,2.375,0.0,6.75
2019-05-31,70.73,0.0,1.5,0.0,6.5,1.75,-0.75,3.0,4.35,4.25,2.0,0.0,-0.65,0.0,0.0,0.0,0.75,0.0,2.75,0.3,0.9,6.0,0.0,0.25,6.0,4.0,0.0,-0.1,1.75,3.0,0.0,2.25,2.25,8.25,3.0,0.0,1.0,1.5,2.75,4.5,1.5,0.0,2.5,3.0,7.75,3.0,-0.25,,1.75,24.0,2.375,0.0,6.75
2019-06-30,62.688,0.0,1.25,0.0,6.5,1.75,-0.75,2.5,4.35,4.25,2.0,0.0,-0.65,0.0,0.0,0.0,0.75,0.0,2.75,,0.9,6.0,0.0,0.25,5.75,3.75,0.0,-0.1,1.75,3.0,0.0,2.25,2.25,8.25,3.0,0.0,1.25,1.5,2.75,4.5,1.5,0.0,2.5,3.0,7.5,3.0,-0.25,,1.75,24.0,2.375,0.0,6.75
2019-07-31,60.396,0.0,1.0,0.0,6.5,1.75,-0.75,2.5,4.35,4.25,2.0,0.0,-0.65,0.0,0.0,0.0,0.75,0.0,2.75,,0.9,5.75,0.0,0.25,5.75,3.75,0.0,-0.1,1.5,3.0,0.0,2.25,2.25,8.25,3.0,0.0,1.25,1.5,2.75,4.5,1.5,0.0,2.5,2.75,7.25,2.75,-0.25,,1.75,19.75,2.375,0.0,6.5
2019-08-31,83.264,0.0,1.0,0.0,6.0,1.75,-0.75,2.5,4.25,4.25,2.0,0.0,-0.65,0.0,0.0,0.0,0.75,0.0,2.5,,0.9,5.5,0.0,0.25,5.4,3.5,0.0,-0.1,1.5,3.0,0.0,2.25,2.25,8.0,3.0,0.0,1.25,1.0,2.5,4.25,1.5,0.0,2.5,2.5,7.25,2.75,-0.25,,1.5,19.75,2.125,0.0,6.5
2019-09-30,78.372,0.0,1.0,0.0,5.5,1.75,-0.75,2.0,4.2,4.25,2.0,0.0,-0.75,0.0,0.0,0.0,0.75,0.0,2.25,,0.9,5.25,0.0,0.25,5.4,3.5,0.0,-0.1,1.5,3.0,0.0,2.25,2.25,7.75,3.0,0.0,1.5,1.0,2.5,4.0,1.5,0.0,2.5,2.5,7.0,2.5,-0.25,,1.5,16.5,1.875,0.0,6.5
2019-10-31,68.002,0.0,0.75,0.0,5.0,1.75,-0.75,1.75,4.2,4.25,2.0,0.0,-0.75,0.0,0.0,0.0,0.75,0.0,2.0,,0.9,5.0,0.0,0.25,5.15,3.25,0.0,-0.1,1.25,2.75,0.0,2.25,2.25,7.75,3.0,0.0,1.5,1.0,2.5,4.0,1.5,0.0,2.5,2.5,6.5,2.25,-0.25,,1.5,14.0,1.625,0.0,6.5
2019-11-30,63.002,0.0,0.75,0.0,5.0,1.75,-0.75,1.75,4.15,4.25,2.0,0.0,-0.75,0.0,0.0,0.0,0.75,0.0,2.0,,0.9,5.0,0.0,0.25,5.15,3.0,0.0,-0.1,1.25,2.75,0.0,2.25,2.25,7.5,3.0,0.0,1.5,1.0,2.25,4.0,1.5,0.0,2.5,2.25,6.5,2.25,-0.25,,1.25,14.0,1.625,0.0,6.5
2019-12-31,55.0,0.0,0.75,0.0,4.5,1.75,-0.75,1.75,4.15,4.25,2.0,0.0,-0.75,0.0,0.0,0.0,0.75,0.0,2.49,,0.9,5.0,0.0,0.25,5.15,3.0,0.0,-0.1,1.25,2.75,0.0,2.25,2.25,7.25,3.0,0.0,1.5,1.0,2.25,4.0,1.5,0.0,2.5,2.25,6.25,2.25,-0.25,,1.25,12.0,1.625,0.0,6.5
2020-01-31,50.0,0.0,0.75,0.0,4.5,1.75,-0.75,1.75,4.15,4.25,2.0,0.0,-0.75,0.0,0.0,0.0,0.75,0.0,2.0,,0.9,5.0,0.0,0.25,5.15,3.0,0.0,-0.1,1.25,2.75,0.0,2.25,2.0,7.25,2.75,0.0,1.5,1.0,2.25,4.0,1.5,0.0,2.5,2.25,6.25,2.25,0.0,,1.25,11.25,1.625,0.0,6.25
2020-02-29,40.0,0.0,0.75,0.0,4.25,1.75,-0.75,1.75,4.05,4.25,2.25,0.0,-0.75,0.0,0.0,0.0,0.75,0.0,2.0,,0.9,4.75,0.0,0.25,5.15,2.75,0.0,-0.1,1.25,2.75,0.0,2.25,2.0,7.0,2.75,0.0,1.5,1.0,2.25,3.75,1.5,0.0,2.5,2.25,6.0,2.25,0.0,,1.0,10.75,1.625,0.0,6.25
2020-03-31,38.0,0.0,0.25,0.0,3.75,0.25,-0.75,1.0,4.05,3.75,1.0,0.0,-0.6,0.0,0.0,0.0,0.1,0.0,1.65,,0.9,4.5,0.0,0.25,4.4,1.75,0.0,-0.1,0.75,1.5,0.0,2.0,1.75,6.5,2.5,0.0,0.25,0.25,1.25,3.25,1.0,0.0,2.0,1.75,6.0,1.0,0.0,,0.75,9.75,0.125,0.0,5.25
2020-04-30,38.0,0.0,0.25,0.0,3.75,0.25,-0.75,0.5,3.85,3.75,1.0,0.0,-0.6,0.0,0.0,0.0,0.1,0.0,1.11,0.1,0.9,4.5,0.0,0.1,4.4,1.75,0.0,-0.1,0.75,1.5,0.0,2.0,1.75,6.0,2.5,0.0,0.25,0.25,0.25,2.75,0.5,0.0,2.0,1.5,5.5,1.0,0.0,,0.75,8.75,0.125,0.0,4.25
2020-05-31,38.0,0.0,0.25,0.0,3.0,0.25,-0.75,0.5,3.85,3.25,0.25,0.0,-0.6,0.0,0.0,0.0,0.1,0.0,0.62,,0.9,4.5,0.0,0.1,4.0,1.0,0.0,-0.1,0.5,1.5,0.0,2.0,1.5,5.5,2.0,0.0,0.0,0.25,0.25,2.75,0.1,0.0,2.0,1.5,5.5,1.0,0.0,,0.5,8.25,0.125,0.0,3.75
2020-06-30,38.0,0.0,0.25,0.0,2.25,0.25,-0.75,0.5,3.85,2.75,0.25,0.0,-0.6,0.0,0.0,0.0,0.1,0.0,0.5,,0.75,4.25,0.0,0.1,4.0,1.0,0.0,-0.1,0.5,1.5,0.0,1.5,1.5,5.0,2.0,0.0,0.0,0.25,0.25,2.25,0.1,0.0,1.75,1.25,4.5,1.0,0.0,,0.5,8.25,0.125,0.0,3.75
2020-07-31,38.0,0.0,0.25,0.0,2.25,0.25,-0.75,0.5,3.85,2.5,0.25,0.0,-0.6,0.0,0.0,0.0,0.1,0.0,0.5,,0.6,4.0,0.0,0.1,4.0,1.0,0.0,-0.1,0.5,1.5,0.0,1.5,1.5,5.0,1.75,0.0,0.0,0.25,0.25,2.25,0.1,0.0,1.75,1.25,4.25,1.0,0.0,,0.5,8.25,0.125,0.0,3.5
2020-08-31,38.0,0.0,0.25,0.0,2.0,0.25,-0.75,0.5,3.85,2.25,0.25,0.0,-0.6,0.0,0.0,0.0,0.1,0.0,0.5,,0.6,4.0,0.0,0.1,4.0,1.0,0.0,-0.1,0.5,1.5,0.0,1.5,1.5,4.5,1.75,0.0,0.0,0.25,0.25,2.25,0.1,0.0,1.5,1.25,4.25,1.0,0.0,,0.5,8.25,0.125,0.0,3.5
2020-09-30,38.0,0.0,0.25,0.0,2.0,0.25,-0.75,0.5,3.85,1.75,0.25,0.0,-0.6,0.0,0.0,0.0,0.1,0.0,0.5,,0.6,4.0,0.0,0.1,4.0,1.0,0.0,-0.1,0.5,1.5,0.0,1.5,1.5,4.25,1.75,0.0,0.0,0.25,0.25,2.25,0.1,0.0,1.5,1.25,4.25,1.0,0.0,,0.5,10.25,0.125,0.0,3.5
2020-10-31,36.0,0.0,0.25,0.0,2.0,0.25,-0.75,0.5,3.85,1.75,0.25,0.0,-0.6,0.0,0.0,0.0,0.1,0.0,0.5,,0.6,4.0,0.0,0.1,4.0,1.0,0.0,-0.1,0.5,1.5,0.0,1.5,1.5,4.25,1.75,0.0,0.0,0.25,0.25,2.25,0.1,0.0,1.5,1.25,4.25,1.0,0.0,,0.5,10.25,0.125,0.0,3.5
2020-11-30,38.0,0.0,0.1,0.0,2.0,0.25,-0.75,0.5,3.85,1.75,0.25,0.0,-0.6,0.0,0.0,0.0,0.1,0.0,0.5,,0.6,3.75,0.0,0.1,4.0,0.75,0.0,-0.1,0.5,1.5,0.0,1.5,1.5,4.25,1.75,0.0,0.0,0.25,0.25,2.0,0.1,0.0,1.5,1.25,4.25,1.0,0.0,,0.5,15.0,0.125,0.0,3.5
2020-12-31,38.0,0.0,0.1,0.0,2.0,0.25,-0.75,0.5,3.85,1.75,0.25,0.0,-0.6,0.0,0.0,0.0,0.1,0.0,0.5,,0.6,3.75,0.0,0.1,4.0,0.75,0.0,-0.1,0.5,1.5,0.0,1.5,1.5,4.25,1.75,0.0,0.0,0.25,0.25,2.0,0.1,0.0,1.5,1.0,4.25,1.0,0.0,,0.5,17.0,0.125,0.0,3.5
2021-01-31,38.0,0.0,0.1,0.0,2.0,0.25,-0.75,0.5,3.85,1.75,0.25,0.0,-0.6,0.0,0.0,0.0,0.1,0.0,0.5,,0.6,3.75,0.0,0.1,4.0,0.75,0.0,-0.1,0.5,1.5,0.0,1.5,1.5,4.25,1.75,0.0,0.0,0.25,0.25,2.0,0.1,0.0,1.25,1.0,4.25,1.0,0.0,,0.5,17.0,0.125,0.0,3.5
2021-02-28,38.0,0.0,0.1,0.0,2.0,0.25,-0.75,0.5,3.85,1.75,0.25,0.0,-0.6,0.0,0.0,0.0,0.1,0.0,0.5,,0.6,3.5,0.0,0.1,4.0,0.75,0.0,-0.1,0.5,1.5,0.0,1.5,1.5,4.0,1.75,0.0,0.0,0.25,0.25,2.0,0.1,0.0,1.25,1.0,4.25,1.0,0.0,,0.5,17.0,0.125,0.0,3.5
2021-03-31,38.0,0.0,0.1,0.0,2.75,0.25,-0.75,0.5,3.85,1.75,0.25,0.0,-0.5,0.0,0.0,0.0,0.1,0.0,0.5,,0.6,3.5,0.0,0.1,4.0,0.75,0.0,-0.1,0.5,1.5,0.0,1.5,1.25,4.0,1.75,0.0,0.0,0.25,0.25,2.0,0.1,0.0,1.25,1.0,4.5,1.0,0.0,,0.5,19.0,0.125,0.0,3.5
2021-04-30,38.0,0.0,0.1,0.0,2.75,0.25,-0.75,0.5,3.85,1.75,0.25,0.0,-0.5,0.0,0.0,0.0,0.1,0.0,0.5,,0.6,3.5,0.0,0.1,4.0,0.75,0.0,-0.1,0.5,1.5,0.0,1.5,1.25,4.0,1.75,0.0,0.0,0.25,0.25,2.0,0.1,0.0,1.25,1.0,5.0,1.0,0.0,,0.5,19.0,0.125,0.0,3.5
2021-05-31,38.0,0.0,0.1,0.0,3.5,0.25,-0.75,0.5,3.85,1.75,0.25,0.0,-0.5,0.0,0.0,0.0,0.1,0.0,0.5,,0.6,3.5,0.0,0.1,4.0,1.0,0.0,-0.1,0.5,1.5,0.0,1.5,1.25,4.0,1.75,0.0,0.0,0.25,0.25,2.0,0.1,0.0,1.25,1.0,5.0,1.0,0.0,,0.5,19.0,0.125,0.0,3.5
2021-06-30,38.0,0.0,0.1,0.0,4.25,0.25,-0.75,0.5,3.85,1.75,0.5,0.0,-0.5,0.0,0.0,0.0,0.1,0.0,0.5,,0.9,3.5,0.0,0.1,4.0,1.0,0.0,-0.1,0.5,1.5,0.0,1.5,1.25,4.25,1.75,0.0,0.0,0.25,0.25,2.0,0.1,0.0,1.25,1.0,5.5,1.0,0.0,,0.5,19.0,0.125,0.0,3.5
2021-07-31,38.0,0.0,0.1,0.0,4.25,0.25,-0.75,0.75,3.85,1.75,0.5,0.0,-0.5,0.0,0.0,0.0,0.1,0.0,0.5,,1.2,3.5,0.0,0.1,4.0,1.0,0.0,-0.1,0.5,1.5,0.0,1.5,1.25,4.25,1.75,0.0,0.0,0.25,0.25,2.0,0.1,0.0,1.25,1.0,6.5,1.0,0.0,,0.5,19.0,0.125,0.0,3.5
2021-08-31,38.0,0.0,0.1,0.0,5.25,0.25,-0.75,0.75,3.85,1.75,0.75,0.0,-0.5,0.0,0.0,0.0,0.1,0.0,0.5,,1.5,3.5,0.0,0.1,4.0,1.25,0.0,-0.1,0.75,1.5,0.0,1.5,1.25,4.5,1.75,0.0,0.0,0.25,0.5,2.0,0.1,0.0,1.25,1.0,6.5,1.0,0.0,,0.5,19.0,0.125,0.0,3.5
2021-09-30,38.0,0.0,0.1,0.0,6.25,0.25,-0.75,1.5,3.85,1.75,0.75,0.0,-0.5,0.0,0.0,0.0,0.1,0.0,0.5,,1.65,3.5,0.0,0.1,4.0,1.25,0.0,-0.1,0.75,1.5,0.0,1.5,1.25,4.5,1.75,0.0,0.25,0.25,1.0,2.0,0.1,0.0,1.25,1.0,6.75,1.0,0.0,,0.5,18.0,0.125,0.0,3.5
2021-10-31,38.0,0.0,0.1,0.0,7.75,0.25,-0.75,2.75,3.85,2.0,1.5,0.0,-0.6,0.0,0.0,0.0,0.1,0.0,0.5,,1.8,3.5,0.0,0.1,4.0,1.5,0.0,-0.1,0.75,1.5,0.0,1.5,1.25,4.75,1.75,0.0,0.25,0.5,1.5,2.0,0.5,0.0,1.5,1.0,7.5,1.0,0.0,,0.5,16.0,0.125,0.0,3.5
2021-11-30,38.0,0.0,0.1,0.0,7.75,0.25,-0.75,2.75,3.85,2.5,2.75,0.0,-0.6,0.0,0.0,0.0,0.1,0.0,0.5,,2.1,3.5,0.0,0.1,4.0,2.0,0.0,-0.1,1.0,1.5,0.0,1.5,1.25,5.0,1.75,0.0,0.25,0.75,2.0,2.0,1.25,0.0,1.75,1.0,7.5,1.0,0.0,,0.5,15.0,0.125,0.0,3.75
2021-12-31,38.0,0.0,0.1,0.0,9.25,0.25,-0.75,4.0,3.8,3.0,3.75,0.0,-0.6,0.0,0.0,0.0,0.25,0.0,0.5,,2.4,3.5,0.0,0.1,4.0,2.0,0.0,-0.1,1.0,1.5,0.0,1.5,1.25,5.5,1.75,0.0,0.5,0.75,2.5,2.0,1.75,0.0,1.75,1.0,8.5,1.0,0.0,,0.5,14.0,0.125,0.0,3.75
2022-01-31,40.0,0.0,0.1,0.0,9.25,0.25,-0.75,5.5,3.7,4.0,3.75,0.0,-0.6,0.0,0.0,0.0,0.25,0.0,0.5,,2.9,3.5,0.0,0.1,4.0,2.0,0.0,-0.1,1.25,1.5,0.0,1.5,1.25,5.5,1.75,0.0,0.5,0.75,3.0,2.0,2.25,0.0,2.0,1.0,8.5,1.0,0.0,,0.5,14.0,0.125,0.0,4.0
2022-02-28,42.5,0.0,0.1,0.0,10.75,0.25,-0.75,5.5,3.7,4.0,4.5,0.0,-0.6,0.0,0.0,0.0,0.5,0.0,0.5,,3.4,3.5,0.0,0.1,4.0,2.75,0.0,-0.1,1.25,1.5,0.0,1.5,1.25,6.0,1.75,0.0,0.5,1.0,3.5,2.0,2.75,0.0,2.5,1.0,20.0,1.0,0.0,,0.5,14.0,0.125,0.0,4.0
2022-03-31,44.5,0.0,0.1,0.0,11.75,0.5,-0.75,7.0,3.7,4.0,4.5,0.0,-0.6,0.0,0.0,0.0,0.75,0.0,0.75,0.05,4.4,3.5,0.0,0.1,4.0,2.75,0.0,-0.1,1.25,1.75,0.0,1.5,1.25,6.5,1.75,0.0,0.75,1.0,4.0,2.0,3.5,0.0,2.5,1.0,20.0,1.25,0.0,,0.5,14.0,0.375,0.0,4.25
2022-04-30,47.0,0.0,0.1,0.0,11.75,1.0,-0.75,7.0,3.7,5.0,5.0,0.0,-0.6,0.0,0.0,0.0,0.75,0.0,0.75,0.0,5.4,3.5,0.0,0.35,4.0,2.75,0.0,-0.1,1.5,1.75,0.0,1.5,1.5,6.5,1.75,0.0,0.75,1.5,4.5,2.0,4.5,0.0,3.0,1.5,17.0,1.25,0.0,,0.5,14.0,0.375,0.0,4.25
2022-05-31,49.0,0.0,0.35,0.0,12.75,1.0,-0.75,8.25,3.7,6.0,5.75,0.0,-0.6,0.0,0.0,0.0,1.0,0.0,1.25,,5.4,3.5,0.0,0.75,4.4,3.75,0.0,-0.1,1.75,2.0,0.0,1.5,1.75,7.0,2.0,0.0,0.75,2.0,5.0,2.25,5.25,0.0,3.75,2.0,11.0,1.75,0.25,,0.5,14.0,0.875,0.0,4.75
2022-06-30,52.0,0.0,0.85,0.0,13.25,1.5,-0.25,9.0,3.7,6.0,7.0,0.0,-0.6,0.0,0.0,0.0,1.25,0.0,2.0,,7.75,3.5,0.0,0.75,4.9,4.75,0.0,-0.1,1.75,2.25,0.0,1.5,2.0,7.75,2.0,0.0,1.25,2.0,5.5,2.5,6.0,0.0,3.75,2.5,9.5,2.25,0.25,,0.5,14.0,1.625,0.0,4.75
2022-07-31,60.0,0.5,1.35,0.5,13.25,2.5,-0.25,9.75,3.7,7.5,7.0,0.5,-0.1,0.5,0.5,0.5,1.25,0.5,2.75,0.0,10.75,3.5,0.5,1.25,4.9,4.75,0.5,-0.1,2.25,2.5,0.5,1.5,2.5,7.75,2.25,0.5,1.25,2.5,6.0,3.25,6.5,0.5,4.75,2.75,8.0,3.0,0.75,,0.5,14.0,2.375,0.5,5.5
2022-08-31,69.5,0.5,1.85,0.5,13.75,2.5,-0.25,9.75,3.65,9.0,7.0,0.5,-0.1,0.5,0.5,0.5,1.75,0.5,2.75,,11.75,3.75,0.5,2.0,5.4,5.5,0.5,-0.1,2.5,2.75,0.5,1.5,2.5,8.5,2.25,0.5,1.75,3.0,6.5,3.75,6.5,0.5,5.5,3.0,8.0,3.0,0.75,,0.75,13.0,2.375,0.5,5.5
2022-09-30,75.0,1.25,2.35,1.25,13.75,3.25,0.5,10.75,3.65,10.0,7.0,1.25,0.65,1.25,1.25,1.25,2.25,1.25,3.5,,13.0,4.25,1.25,2.0,5.9,5.5,1.25,-0.1,2.5,3.0,1.25,2.0,3.0,9.25,2.5,1.25,2.25,3.0,6.75,4.25,6.75,1.25,5.5,3.5,7.5,3.75,1.75,,1.0,12.0,3.125,1.25,6.25
2022-10-31,75.0,1.25,2.6,1.25,13.75,3.75,0.5,11.25,3.65,11.0,7.0,1.25,1.25,1.25,1.25,1.25,2.25,1.25,3.5,,13.0,4.75,1.25,2.75,5.9,5.75,1.25,-0.1,3.0,3.0,1.25,2.0,3.5,9.25,2.5,1.25,2.25,3.5,7.0,4.25,6.75,1.25,6.25,4.0,7.5,3.75,1.75,,1.0,10.5,3.125,1.25,6.25
2022-11-30,75.0,2.0,2.85,2.0,13.75,3.75,0.5,11.25,3.65,11.0,7.0,2.0,1.25,2.0,2.0,2.0,3.0,2.0,4.25,,13.0,5.25,2.0,3.25,5.9,6.0,2.0,-0.1,3.25,3.0,2.0,2.0,4.25,10.0,2.75,2.0,2.5,4.25,7.25,5.0,6.75,2.0,6.75,4.5,7.5,4.5,2.5,,1.25,9.0,3.875,2.0,7.0
2022-12-31,75.0,2.5,3.1,2.5,13.75,4.25,1.0,11.25,3.65,12.0,7.0,2.5,1.75,2.5,2.5,2.5,3.5,2.5,4.75,,13.0,5.5,2.5,3.25,6.25,6.0,2.5,-0.1,3.25,3.5,2.5,2.5,4.75,10.5,2.75,2.5,2.75,4.25,7.5,5.5,6.75,2.5,6.75,5.0,7.5,5.0,2.5,,1.25,9.0,4.375,2.5,7.0
2023-01-31,75.0,2.5,3.1,2.5,13.75,4.5,1.0,11.25,3.65,12.75,7.0,2.5,1.75,2.5,2.5,2.5,3.5,2.5,4.75,2.5,13.0,5.75,2.5,3.75,6.25,6.0,2.5,-0.1,3.5,4.0,2.5,2.5,4.75,10.5,2.75,2.5,2.75,4.25,7.75,5.5,6.75,2.5,7.0,5.25,7.5,5.0,2.5,,1.5,9.0,4.375,2.5,7.25
2023-02-28,75.0,3.0,3.35,3.0,13.75,4.5,1.0,11.25,3.65,12.75,7.0,3.0,2.1,3.0,3.0,3.0,4.0,3.0,5.0,3.0,13.0,5.75,3.0,4.25,6.5,6.5,3.0,-0.1,3.5,4.0,3.0,2.5,5.25,11.0,2.75,3.0,2.75,4.75,7.75,6.0,6.75,3.0,7.0,5.5,7.5,5.25,3.0,,1.5,8.5,4.625,3.0,7.25
2023-03-31,78.0,3.5,3.6,3.5,13.75,4.5,1.5,11.25,3.65,13.0,7.0,3.5,2.6,3.5,3.5,3.5,4.25,3.5,5.25,3.5,13.0,5.75,3.5,4.25,6.5,7.5,3.5,-0.1,3.5,4.0,3.5,3.0,5.5,11.25,2.75,3.5,3.0,4.75,7.75,6.25,6.75,3.5,7.0,5.75,7.5,5.5,3.0,,1.75,8.5,4.875,3.5,7.75
2023-04-30,91.0,3.5,3.6,3.5,13.75,4.5,1.5,11.25,3.65,13.0,7.0,3.5,2.6,3.5,3.5,3.5,4.25,3.5,5.25,3.5,13.0,5.75,3.5,4.5,6.5,7.5,3.5,-0.1,3.5,4.0,3.5,3.0,5.5,11.25,2.75,3.5,3.0,5.25,7.75,6.25,6.75,3.5,7.0,6.0,7.5,5.5,3.0,,1.75,8.5,4.875,3.5,7.75
2023-05-31,97.0,3.75,3.85,3.75,13.75,4.5,1.5,11.25,3.65,13.25,7.0,3.75,2.85,3.75,3.75,3.75,4.5,3.75,5.5,3.75,13.0,5.75,3.75,4.75,6.5,8.75,3.75,-0.1,3.5,4.0,3.75,3.0,5.75,11.25,3.0,3.75,3.25,5.5,7.75,6.25,6.75,3.75,7.0,6.0,7.5,5.75,3.5,,2.0,8.5,5.125,3.75,8.25
2023-06-30,97.0,4.0,4.1,4.0,13.75,4.75,1.75,11.25,3.55,13.25,7.0,4.0,3.1,4.0,4.0,4.0,5.0,4.0,5.5,4.0,13.0,5.75,4.0,4.75,6.5,8.75,4.0,-0.1,3.5,4.0,4.0,3.0,6.0,11.25,3.0,4.0,3.75,5.5,7.75,6.25,6.75,4.0,7.0,6.25,7.5,5.75,3.5,,2.0,15.0,5.125,4.0,8.25
2023-07-31,97.0,4.0,4.1,4.0,13.75,5.0,1.75,10.25,3.55,13.25,7.0,4.0,3.35,4.0,4.0,4.0,5.0,4.0,5.75,4.0,13.0,5.75,4.0,4.75,6.5,8.75,4.0,-0.1,3.5,4.25,4.0,3.0,6.0,11.25,3.0,4.0,3.75,5.5,7.75,6.25,6.75,4.0,7.0,6.5,8.5,6.0,3.75,,2.0,17.5,5.375,4.0,8.25
2023-08-31,118.0,4.25,4.1,4.25,13.25,5.0,1.75,10.25,3.45,13.25,7.0,4.25,3.35,4.25,4.25,4.25,5.25,4.25,5.75,4.25,13.0,5.75,4.25,4.75,6.5,9.25,4.25,-0.1,3.5,4.25,4.25,3.0,6.15,11.25,3.0,4.25,4.0,5.5,7.75,6.25,6.75,4.25,7.0,6.5,12.0,6.0,3.75,,2.25,25.0,5.375,4.25,8.25
2023-09-30,118.0,4.5,4.1,4.5,12.75,5.0,1.75,9.5,3.45,13.25,7.0,4.5,3.6,4.5,4.5,4.5,5.25,4.5,5.75,4.5,13.0,5.75,4.5,4.75,6.5,9.25,4.5,-0.1,3.5,4.25,4.5,3.0,6.3,11.25,3.0,4.5,4.25,5.5,7.5,6.25,6.0,4.5,7.0,6.5,13.0,6.0,4.0,,2.5,30.0,5.375,4.5,8.25
2023-10-31,133.0,4.5,4.1,4.5,12.75,5.0,1.75,9.0,3.45,13.25,7.0,4.5,3.6,4.5,4.5,4.5,5.25,4.5,5.75,4.5,12.25,6.0,4.5,4.75,6.5,9.25,4.5,-0.1,3.5,4.25,4.5,3.0,6.3,11.25,3.0,4.5,4.25,5.5,7.25,6.5,5.75,4.5,7.0,6.5,15.0,6.0,4.0,,2.5,35.0,5.375,4.5,8.25
2023-11-30,133.0,4.5,4.35,4.5,12.25,5.0,1.75,9.0,3.45,13.25,7.0,4.5,3.6,4.5,4.5,4.5,5.25,4.5,5.75,4.5,11.5,6.0,4.5,4.75,6.5,9.25,4.5,-0.1,3.5,4.25,4.5,3.0,6.3,11.25,3.0,4.5,4.25,5.5,7.0,6.5,5.75,4.5,7.0,6.5,15.0,6.0,4.0,,2.5,40.0,5.375,4.5,8.25
2023-12-31,100.0,4.5,4.35,4.5,11.75,5.0,1.75,8.25,3.45,13.0,6.75,4.5,3.6,4.5,4.5,4.5,5.25,4.5,5.75,4.5,10.75,6.0,4.5,4.75,6.5,9.25,4.5,-0.1,3.5,4.25,4.5,3.0,6.3,11.25,3.0,4.5,4.5,5.5,6.75,6.5,5.75,4.5,7.0,6.5,16.0,6.0,4.0,,2.5,42.5,5.375,4.5,8.25
2024-01-31,100.0,4.5,4.35,4.5,11.75,5.0,1.75,8.25,3.45,13.0,6.75,4.5,3.6,4.5,4.5,4.5,5.25,4.5,5.75,4.5,10.0,6.0,4.5,4.5,6.5,9.25,4.5,-0.1,3.5,4.25,4.5,3.0,6.3,11.25,3.0,4.5,4.5,5.5,6.5,6.5,5.75,4.5,7.0,6.5,16.0,6.0,4.0,,2.5,45.0,5.375,4.5,8.25
2024-02-29,100.0,4.5,4.35,4.5,11.25,5.0,1.75,7.25,3.45,12.75,6.25,4.5,3.6,4.5,4.5,4.5,5.25,4.5,5.75,4.5,9.0,6.0,4.5,4.5,6.5,9.25,4.5,-0.1,3.5,4.25,4.5,3.0,6.3,11.25,3.0,4.5,4.5,5.5,6.25,6.5,5.75,4.5,7.0,6.5,16.0,6.0,4.0,,2.5,45.0,5.375,4.5,8.25
2024-03-31,80.0,4.5,4.35,4.5,10.75,5.0,1.5,7.25,3.45,12.25,5.75,4.5,3.6,4.5,4.5,4.5,5.25,4.5,5.75,4.5,8.25,6.0,4.5,4.5,6.5,9.25,4.5,0.05,3.5,4.25,4.5,3.0,6.3,11.0,3.0,4.5,4.5,5.5,6.25,6.5,5.75,4.5,7.0,6.5,16.0,6.0,4.0,,2.5,50.0,5.375,4.5,8.25
2024-04-30,60.0,4.5,4.35,4.5,10.75,5.0,1.5,6.5,3.45,12.25,5.75,4.5,3.6,4.5,4.5,4.5,5.25,4.5,5.75,4.5,7.75,6.25,4.5,4.5,6.5,9.25,4.5,0.05,3.5,4.25,4.5,3.0,6.3,11.0,3.0,4.5,4.5,5.5,6.0,6.5,5.75,4.5,7.0,6.5,16.0,6.0,4.0,,2.5,50.0,5.375,4.5,8.25
2024-05-31,40.0,4.5,4.35,4.5,10.5,5.0,1.5,6.0,3.45,11.75,5.25,4.5,3.6,4.5,4.5,4.5,5.25,4.5,5.75,4.5,7.25,6.25,4.5,4.5,6.5,9.25,4.5,0.05,3.5,4.25,4.5,3.0,6.3,11.0,3.0,4.5,4.5,5.5,5.75,6.5,5.75,4.5,7.0,6.5,16.0,6.0,3.75,,2.5,50.0,5.375,4.5,8.25
2024-06-30,40.0,4.25,4.35,4.25,10.5,4.75,1.25,5.75,3.45,11.75,4.75,4.25,3.35,4.25,4.25,4.25,5.25,4.25,5.75,4.25,7.0,6.25,4.25,4.5,6.5,9.25,4.25,0.05,3.5,4.25,4.25,2.75,6.3,11.0,3.0,4.25,4.5,5.5,5.75,6.5,5.75,4.25,7.0,6.25,16.0,6.0,3.75,,2.5,50.0,5.375,4.25,8.25
2024-07-31,40.0,4.25,4.35,4.25,10.5,4.5,1.25,5.75,3.35,11.25,4.75,4.25,3.35,4.25,4.25,4.25,5.25,4.25,5.75,4.25,6.75,6.25,4.25,4.5,6.5,9.25,4.25,0.05,3.5,4.25,4.25,2.75,6.3,11.0,3.0,4.25,4.5,5.5,5.75,6.5,5.75,4.25,6.75,6.0,18.0,6.0,3.75,,2.5,50.0,5.375,4.25,8.25
2024-08-31,40.0,4.25,4.35,4.25,10.5,4.5,1.25,5.75,3.35,10.75,4.5,4.25,3.35,4.25,4.25,4.25,5.0,4.25,5.75,4.25,6.75,6.25,4.25,4.5,6.5,9.25,4.25,0.25,3.5,4.25,4.25,2.75,6.3,10.75,3.0,4.25,4.5,5.25,5.5,6.25,5.75,4.25,6.5,6.0,18.0,6.0,3.5,,2.5,50.0,5.375,4.25,8.25
2024-09-30,40.0,3.5,4.35,3.5,10.75,4.25,1.0,5.5,3.35,10.75,4.25,3.5,3.1,3.5,3.5,3.5,5.0,3.5,5.25,3.5,6.5,6.0,3.5,4.5,6.5,9.25,3.5,0.25,3.5,4.0,3.5,2.75,6.05,10.5,3.0,3.5,4.5,5.25,5.25,6.25,5.75,3.5,6.5,5.75,19.0,5.5,3.5,,2.5,50.0,4.875,3.5,8.0
2024-10-31,40.0,3.25,4.35,3.25,10.75,3.75,1.0,5.25,3.1,10.25,4.25,3.25,2.85,3.25,3.25,3.25,5.0,3.25,5.25,3.25,6.5,6.0,3.25,4.5,6.5,9.0,3.25,0.25,3.25,4.0,3.25,2.75,5.8,10.5,3.0,3.25,4.5,4.75,5.25,6.0,5.75,3.25,6.5,5.75,21.0,5.5,3.25,,2.25,50.0,4.875,3.25,8.0
2024-11-30,35.0,3.25,4.35,3.25,11.25,3.75,1.0,5.25,3.1,9.75,4.0,3.25,2.85,3.25,3.25,3.25,4.75,3.25,5.0,3.25,6.5,6.0,3.25,4.5,6.5,8.5,3.25,0.25,3.0,4.0,3.25,2.75,5.8,10.25,3.0,3.25,4.5,4.25,5.0,6.0,5.75,3.25,6.5,5.75,21.0,5.25,2.75,,2.25,50.0,4.625,3.25,7.75
2024-12-31,32.0,3.0,4.35,3.0,12.25,3.25,0.5,5.0,3.1,9.5,4.0,3.0,2.6,3.0,3.0,3.0,4.75,3.0,4.75,3.0,6.5,6.0,3.0,4.5,6.5,8.5,3.0,0.25,3.0,4.0,3.0,2.5,5.55,10.0,3.0,3.0,4.5,4.25,5.0,5.75,5.75,3.0,6.5,5.75,21.0,5.0,2.75,,2.25,47.5,4.375,3.0,7.75
2025-01-31,29.0,3.0,4.35,3.0,13.25,3.0,0.5,5.0,3.1,9.5,4.0,3.0,2.35,3.0,3.0,3.0,4.75,3.0,4.75,3.0,6.5,5.75,3.0,4.5,6.5,8.5,3.0,0.5,3.0,4.0,3.0,2.5,5.55,10.0,3.0,3.0,4.5,4.25,4.75,5.75,5.75,3.0,6.5,5.75,21.0,5.0,2.5,,2.25,45.0,4.375,3.0,7.5
2025-02-28,29.0,2.75,4.1,2.75,13.25,3.0,0.5,5.0,3.1,9.5,3.75,2.75,2.35,2.75,2.75,2.75,4.5,2.75,4.75,2.75,6.5,5.75,2.75,4.5,6.25,8.0,2.75,0.5,2.75,4.0,2.75,2.5,5.35,9.5,3.0,2.75,4.5,3.75,4.75,5.75,5.75,2.75,6.5,5.75,21.0,5.0,2.25,,2.0,45.0,4.375,2.75,7.5
2025-03-31,29.0,2.5,4.1,2.5,14.25,2.75,0.25,5.0,3.1,9.5,3.75,2.5,2.1,2.5,2.5,2.5,4.5,2.5,4.75,2.5,6.5,5.75,2.5,4.5,6.25,7.75,2.5,0.5,2.75,4.0,2.5,2.25,5.35,9.0,3.0,2.5,4.5,3.75,4.75,5.75,5.75,2.5,6.5,5.75,21.0,5.0,2.25,,2.0,42.5,4.375,2.5,7.5
2025-04-30,29.0,2.25,4.1,2.25,14.25,2.75,0.25,5.0,3.1,9.5,3.75,2.25,1.85,2.25,2.25,2.25,4.5,2.25,4.75,2.25,6.5,5.75,2.25,4.5,6.0,7.75,2.25,0.5,2.75,4.0,2.25,2.25,5.35,9.0,3.0,2.25,4.5,3.5,4.75,5.5,5.75,2.25,6.5,5.75,21.0,5.0,2.25,,1.75,46.0,4.375,2.25,7.5
2025-05-31,29.0,2.25,3.85,2.25,14.75,2.75,0.25,5.0,3.0,9.25,3.5,2.25,1.85,2.25,2.25,2.25,4.25,2.25,4.75,2.25,6.5,5.5,2.25,4.5,6.0,7.5,2.25,0.5,2.5,4.0,2.25,2.25,5.35,8.5,3.0,2.25,4.5,3.25,4.5,5.5,5.25,2.25,6.5,5.75,21.0,5.0,2.25,,1.75,46.0,4.375,2.25,7.25
2025-06-30,29.0,2.0,3.85,2.0,15.0,2.75,0.0,5.0,3.0,9.25,3.5,2.0,1.6,2.0,2.0,2.0,4.25,2.0,4.75,2.0,6.5,5.5,2.0,4.5,5.5,7.5,2.0,0.5,2.5,4.0,2.0,2.25,5.35,8.0,3.0,2.0,4.25,3.25,4.5,5.25,5.25,2.0,6.5,5.75,20.0,5.0,2.0,,1.75,46.0,4.375,2.0,7.25
2025-07-31,,2.0,3.85,2.0,15.0,2.75,0.0,4.75,3.0,9.25,3.5,2.0,1.6,2.0,2.0,2.0,4.25,2.0,4.75,2.0,6.5,5.25,2.0,4.5,5.5,7.5,2.0,0.5,2.5,4.0,2.0,2.25,5.35,8.0,2.75,2.0,4.25,3.25,4.5,5.25,5.0,2.0,6.5,5.75,18.0,5.0,2.0,,1.75,43.0,4.375,2.0,7.25
2025-08-31,,2.0,3.6,2.0,15.0,2.75,0.0,4.75,3.0,9.25,3.5,2.0,1.6,2.0,2.0,2.0,4.0,2.0,4.75,2.0,6.5,5.0,2.0,4.5,5.5,7.5,2.0,0.5,2.5,4.0,2.0,2.25,5.35,7.75,2.75,2.0,4.25,3.0,4.5,5.0,5.0,2.0,6.5,5.75,18.0,5.0,2.0,,1.5,43.0,4.375,2.0,7.0
2025-09-30,,2.0,3.6,2.0,15.0,2.5,0.0,4.75,3.0,9.25,3.5,2.0,1.6,2.0,2.0,2.0,4.0,2.0,4.5,2.0,6.5,4.75,2.0,4.5,5.5,7.5,2.0,0.5,2.5,3.75,2.0,2.25,5.35,7.5,2.75,2.0,4.0,3.0,4.25,5.0,4.75,2.0,6.5,5.75,17.0,4.75,2.0,,1.5,40.5,4.125,2.0,7.0
2025-10-31,,2.0,3.6,2.0,15.0,2.25,0.0,4.75,3.0,9.25,3.5,2.0,1.6,2.0,2.0,2.0,4.0,2.0,4.25,2.0,6.5,4.75,2.0,4.5,5.5,7.5,2.0,0.5,2.5,3.75,2.0,2.25,5.35,7.5,2.75,2.0,4.0,2.5,4.25,4.75,4.5,2.0,6.5,5.75,16.5,4.5,1.75,,1.5,39.5,3.875,2.0,7.0
2025-11-30,,2.0,3.6,2.0,15.0,2.25,0.0,4.75,3.0,9.25,3.5,2.0,1.6,2.0,2.0,2.0,4.0,2.0,4.25,2.0,6.5,4.75,2.0,4.25,5.5,7.25,2.0,0.5,2.5,3.75,2.0,2.25,5.35,7.25,2.75,2.0,4.0,2.25,4.25,4.75,4.25,2.0,6.5,5.75,16.5,4.5,1.75,,1.5,39.5,3.875,2.0,6.75
2025-12-31,,2.0,3.6,2.0,15.0,2.25,0.0,4.5,3.0,9.25,3.5,2.0,1.6,2.0,2.0,2.0,3.75,2.0,4.0,2.0,6.5,4.75,2.0,4.25,5.25,7.25,2.0,0.75,2.5,3.5,2.0,2.25,4.0,7.0,2.75,2.0,4.0,2.25,4.25,4.5,4.0,2.0,6.5,5.75,16.0,4.25,1.75,,1.25,38.0,3.625,2.0,6.75
2026-01-31,,2.0,3.6,2.0,15.0,2.25,0.0,4.5,3.0,9.25,3.5,2.0,1.6,2.0,2.0,2.0,3.75,2.0,4.0,2.0,6.5,4.75,2.0,4.0,5.25,7.25,2.0,0.75,2.5,3.5,2.0,2.25,4.0,7.0,2.75,2.0,4.0,2.25,4.25,4.5,4.0,2.0,6.5,5.75,16.0,4.25,1.75,,1.25,37.0,3.625,2.0,6.75
2026-02-28,,2.0,3.85,2.0,15.0,2.25,0.0,4.5,3.0,10.25,3.5,2.0,1.6,2.0,2.0,2.0,3.75,2.0,4.0,2.0,6.25,4.75,2.0,4.0,5.25,7.25,2.0,0.75,2.5,3.5,2.0,2.25,4.0,7.0,2.75,2.0,4.0,2.25,4.25,4.25,4.0,2.0,6.5,5.75,15.5,4.25,1.75,,1.0,37.0,3.625,2.0,6.75
2026-03-31,,2.0,4.1,2.0,14.75,2.25,0.0,4.5,3.0,10.25,3.5,2.0,1.6,2.0,2.0,2.0,3.75,2.0,4.0,2.0,6.25,4.75,2.0,4.0,5.25,7.5,2.0,0.75,2.5,3.5,2.0,2.25,4.0,6.75,2.75,2.0,4.0,2.25,4.25,4.25,3.75,2.0,6.5,5.75,15.0,4.25,1.75,,1.0,37.0,3.625,2.0,6.75
2026-04-30,,2.0,4.1,2.0,14.5,2.25,0.0,4.5,3.0,11.25,3.5,2.0,1.6,2.0,2.0,2.0,3.75,2.0,4.0,2.0,6.25,4.75,2.0,4.0,5.25,7.5,2.0,0.75,2.5,3.5,2.0,2.25,4.0,6.75,2.75,2.0,4.0,2.25,4.25,4.5,3.75,2.0,6.5,5.75,14.5,4.25,1.75,,1.0,37.0,3.625,2.0,6.75
2026-05-31,,2.0,4.35,2.0,14.5,2.25,0.0,4.5,3.0,11.25,3.5,2.0,1.6,2.0,2.0,2.0,3.75,2.0,4.0,2.0,6.25,5.25,2.0,3.75,5.25,7.75,2.0,0.75,2.5,3.5,2.0,2.25,4.0,6.5,2.75,2.0,4.25,2.25,4.25,4.5,3.75,2.0,6.5,5.75,14.5,4.25,1.75,,1.0,37.0,3.625,2.0,7.0
2026-06-30,,2.25,4.35,2.25,14.25,2.25,0.0,4.5,3.0,11.25,3.75,2.25,1.85,2.25,2.25,2.25,3.75,2.25,4.0,2.25,6.25,5.75,2.25,3.75,5.25,7.75,2.25,1.0,2.5,3.5,2.25,2.25,4.25,6.5,2.75,2.25,4.25,2.25,4.25,4.75,3.75,2.25,6.5,5.75,14.25,4.25,1.75,,1.0,37.0,3.625,2.25,7.0
2026-07-31,,2.25,4.35,2.25,14.25,2.25,0.0,4.5,3.0,12.0,3.75,2.25,1.85,2.25,2.25,2.25,3.75,2.25,4.0,2.25,5.75,5.75,2.25,3.5,,7.75,2.25,1.0,2.75,3.5,2.25,2.25,4.25,6.5,2.75,2.25,4.25,2.5,4.25,4.75,3.75,2.25,6.5,5.75,14.0,4.25,1.75,,1.0,37.0,3.625,2.25,7.0
2026-08-31,,2.25,4.35,2.25,14.0,2.25,0.0,4.5,3.0,12.0,3.75,2.25,1.85,2.25,2.25,2.25,3.75,2.25,4.0,2.25,5.5,5.75,2.25,,,8.0,2.25,1.0,,3.5,2.25,2.25,4.25,6.5,2.75,2.25,4.25,2.5,4.25,5.0,3.75,2.25,6.5,5.75,14.0,4.25,1.75,,1.0,37.0,3.625,2.25,7.0
