FREQ,Frequency,BORROWERS_CTY,Borrowers' country,TC_BORROWERS,Borrowing sector,TC_LENDERS,Lending sector,VALUATION,Valuation method,UNIT_TYPE,Unit type,TC_ADJUST,Adjustment,COLLECTION,Collection Indicator,DECIMALS,Decimals,UNIT_MULT,Unit Multiplier,UNIT_MEASURE,Unit of measure,TITLE_TS,TIME_PERIOD,OBS_VALUE,OBS_STATUS,Observation Status,OBS_PRE_BREAK,OBS_CONF,Observation confidentiality
Q,Quarterly,TH,Thailand,P,Private non-financial sector,A,All sectors,M,Market value,770,Percentage of GDP,A,Adjusted for breaks,E,End of period,1,One,0,Units,367,Per cent,Thailand - Credit to Private non-financial sector from All sectors at Market value - Percentage of GDP - Adjusted for breaks,2016-Q1,166.1,A,Normal value,,F,Free
Q,Quarterly,TH,Thailand,P,Private non-financial sector,A,All sectors,M,Market value,770,Percentage of GDP,A,Adjusted for breaks,E,End of period,1,One,0,Units,367,Per cent,Thailand - Credit to Private non-financial sector from All sectors at Market value - Percentage of GDP - Adjusted for breaks,2016-Q2,165.4,A,Normal value,,F,Free
Q,Quarterly,TH,Thailand,P,Private non-financial sector,A,All sectors,M,Market value,770,Percentage of GDP,A,Adjusted for breaks,E,End of period,1,One,0,Units,367,Per cent,Thailand - Credit to Private non-financial sector from All sectors at Market value - Percentage of GDP - Adjusted for breaks,2016-Q3,163.3,A,Normal value,,F,Free
Q,Quarterly,TH,Thailand,P,Private non-financial sector,A,All sectors,M,Market value,770,Percentage of GDP,A,Adjusted for breaks,E,End of period,1,One,0,Units,367,Per cent,Thailand - Credit to Private non-financial sector from All sectors at Market value - Percentage of GDP - Adjusted for breaks,2016-Q4,161.8,A,Normal value,,F,Free
Q,Quarterly,TH,Thailand,P,Private non-financial sector,A,All sectors,M,Market value,770,Percentage of GDP,A,Adjusted for breaks,E,End of period,1,One,0,Units,367,Per cent,Thailand - Credit to Private non-financial sector from All sectors at Market value - Percentage of GDP - Adjusted for breaks,2017-Q1,159.3,A,Normal value,,F,Free
Q,Quarterly,TH,Thailand,P,Private non-financial sector,A,All sectors,M,Market value,770,Percentage of GDP,A,Adjusted for breaks,E,End of period,1,One,0,Units,367,Per cent,Thailand - Credit to Private non-financial sector from All sectors at Market value - Percentage of GDP - Adjusted for breaks,2017-Q2,159.4,A,Normal value,,F,Free
Q,Quarterly,TH,Thailand,P,Private non-financial sector,A,All sectors,M,Market value,770,Percentage of GDP,A,Adjusted for breaks,E,End of period,1,One,0,Units,367,Per cent,Thailand - Credit to Private non-financial sector from All sectors at Market value - Percentage of GDP - Adjusted for breaks,2017-Q3,157.6,A,Normal value,,F,Free
Q,Quarterly,TH,Thailand,P,Private non-financial sector,A,All sectors,M,Market value,770,Percentage of GDP,A,Adjusted for breaks,E,End of period,1,One,0,Units,367,Per cent,Thailand - Credit to Private non-financial sector from All sectors at Market value - Percentage of GDP - Adjusted for breaks,2017-Q4,158.0,A,Normal value,,F,Free
Q,Quarterly,TH,Thailand,P,Private non-financial sector,A,All sectors,M,Market value,770,Percentage of GDP,A,Adjusted for breaks,E,End of period,1,One,0,Units,367,Per cent,Thailand - Credit to Private non-financial sector from All sectors at Market value - Percentage of GDP - Adjusted for breaks,2018-Q1,156.9,A,Normal value,,F,Free
Q,Quarterly,TH,Thailand,P,Private non-financial sector,A,All sectors,M,Market value,770,Percentage of GDP,A,Adjusted for breaks,E,End of period,1,One,0,Units,367,Per cent,Thailand - Credit to Private non-financial sector from All sectors at Market value - Percentage of GDP - Adjusted for breaks,2018-Q2,157.4,A,Normal value,,F,Free
Q,Quarterly,TH,Thailand,P,Private non-financial sector,A,All sectors,M,Market value,770,Percentage of GDP,A,Adjusted for breaks,E,End of period,1,One,0,Units,367,Per cent,Thailand - Credit to Private non-financial sector from All sectors at Market value - Percentage of GDP - Adjusted for breaks,2018-Q3,157.3,A,Normal value,,F,Free
Q,Quarterly,TH,Thailand,P,Private non-financial sector,A,All sectors,M,Market value,770,Percentage of GDP,A,Adjusted for breaks,E,End of period,1,One,0,Units,367,Per cent,Thailand - Credit to Private non-financial sector from All sectors at Market value - Percentage of GDP - Adjusted for breaks,2018-Q4,158.9,A,Normal value,,F,Free
Q,Quarterly,TH,Thailand,P,Private non-financial sector,A,All sectors,M,Market value,770,Percentage of GDP,A,Adjusted for breaks,E,End of period,1,One,0,Units,367,Per cent,Thailand - Credit to Private non-financial sector from All sectors at Market value - Percentage of GDP - Adjusted for breaks,2019-Q1,158.4,A,Normal value,,F,Free
Q,Quarterly,TH,Thailand,P,Private non-financial sector,A,All sectors,M,Market value,770,Percentage of GDP,A,Adjusted for breaks,E,End of period,1,One,0,Units,367,Per cent,Thailand - Credit to Private non-financial sector from All sectors at Market value - Percentage of GDP - Adjusted for breaks,2019-Q2,158.0,A,Normal value,,F,Free
Q,Quarterly,TH,Thailand,P,Private non-financial sector,A,All sectors,M,Market value,770,Percentage of GDP,A,Adjusted for breaks,E,End of period,1,One,0,Units,367,Per cent,Thailand - Credit to Private non-financial sector from All sectors at Market value - Percentage of GDP - Adjusted for breaks,2019-Q3,157.8,A,Normal value,,F,Free
Q,Quarterly,TH,Thailand,P,Private non-financial sector,A,All sectors,M,Market value,770,Percentage of GDP,A,Adjusted for breaks,E,End of period,1,One,0,Units,367,Per cent,Thailand - Credit to Private non-financial sector from All sectors at Market value - Percentage of GDP - Adjusted for breaks,2019-Q4,159.4,A,Normal value,,F,Free
Q,Quarterly,TH,Thailand,P,Private non-financial sector,A,All sectors,M,Market value,770,Percentage of GDP,A,Adjusted for breaks,E,End of period,1,One,0,Units,367,Per cent,Thailand - Credit to Private non-financial sector from All sectors at Market value - Percentage of GDP - Adjusted for breaks,2020-Q1,162.8,A,Normal value,,F,Free
Q,Quarterly,TH,Thailand,P,Private non-financial sector,A,All sectors,M,Market value,770,Percentage of GDP,A,Adjusted for breaks,E,End of period,1,One,0,Units,367,Per cent,Thailand - Credit to Private non-financial sector from All sectors at Market value - Percentage of GDP - Adjusted for breaks,2020-Q2,170.1,A,Normal value,,F,Free
Q,Quarterly,TH,Thailand,P,Private non-financial sector,A,All sectors,M,Market value,770,Percentage of GDP,A,Adjusted for breaks,E,End of period,1,One,0,Units,367,Per cent,Thailand - Credit to Private non-financial sector from All sectors at Market value - Percentage of GDP - Adjusted for breaks,2020-Q3,175.4,A,Normal value,,F,Free
Q,Quarterly,TH,Thailand,P,Private non-financial sector,A,All sectors,M,Market value,770,Percentage of GDP,A,Adjusted for breaks,E,End of period,1,One,0,Units,367,Per cent,Thailand - Credit to Private non-financial sector from All sectors at Market value - Percentage of GDP - Adjusted for breaks,2020-Q4,181.0,A,Normal value,,F,Free
Q,Quarterly,TH,Thailand,P,Private non-financial sector,A,All sectors,M,Market value,770,Percentage of GDP,A,Adjusted for breaks,E,End of period,1,One,0,Units,367,Per cent,Thailand - Credit to Private non-financial sector from All sectors at Market value - Percentage of GDP - Adjusted for breaks,2021-Q1,183.9,A,Normal value,,F,Free
Q,Quarterly,TH,Thailand,P,Private non-financial sector,A,All sectors,M,Market value,770,Percentage of GDP,A,Adjusted for breaks,E,End of period,1,One,0,Units,367,Per cent,Thailand - Credit to Private non-financial sector from All sectors at Market value - Percentage of GDP - Adjusted for breaks,2021-Q2,181.5,A,Normal value,,F,Free
Q,Quarterly,TH,Thailand,P,Private non-financial sector,A,All sectors,M,Market value,770,Percentage of GDP,A,Adjusted for breaks,E,End of period,1,One,0,Units,367,Per cent,Thailand - Credit to Private non-financial sector from All sectors at Market value - Percentage of GDP - Adjusted for breaks,2021-Q3,183.9,A,Normal value,,F,Free
Q,Quarterly,TH,Thailand,P,Private non-financial sector,A,All sectors,M,Market value,770,Percentage of GDP,A,Adjusted for breaks,E,End of period,1,One,0,Units,367,Per cent,Thailand - Credit to Private non-financial sector from All sectors at Market value - Percentage of GDP - Adjusted for breaks,2021-Q4,184.1,A,Normal value,,F,Free
Q,Quarterly,TH,Thailand,P,Private non-financial sector,A,All sectors,M,Market value,770,Percentage of GDP,A,Adjusted for breaks,E,End of period,1,One,0,Units,367,Per cent,Thailand - Credit to Private non-financial sector from All sectors at Market value - Percentage of GDP - Adjusted for breaks,2022-Q1,183.4,A,Normal value,,F,Free
Q,Quarterly,TH,Thailand,P,Private non-financial sector,A,All sectors,M,Market value,770,Percentage of GDP,A,Adjusted for breaks,E,End of period,1,One,0,Units,367,Per cent,Thailand - Credit to Private non-financial sector from All sectors at Market value - Percentage of GDP - Adjusted for breaks,2022-Q2,182.3,A,Normal value,,F,Free
Q,Quarterly,TH,Thailand,P,Private non-financial sector,A,All sectors,M,Market value,770,Percentage of GDP,A,Adjusted for breaks,E,End of period,1,One,0,Units,367,Per cent,Thailand - Credit to Private non-financial sector from All sectors at Market value - Percentage of GDP - Adjusted for breaks,2022-Q3,180.3,A,Normal value,,F,Free
Q,Quarterly,TH,Thailand,P,Private non-financial sector,A,All sectors,M,Market value,770,Percentage of GDP,A,Adjusted for breaks,E,End of period,1,One,0,Units,367,Per cent,Thailand - Credit to Private non-financial sector from All sectors at Market value - Percentage of GDP - Adjusted for breaks,2022-Q4,178.7,A,Normal value,,F,Free
Q,Quarterly,TH,Thailand,P,Private non-financial sector,A,All sectors,M,Market value,770,Percentage of GDP,A,Adjusted for breaks,E,End of period,1,One,0,Units,367,Per cent,Thailand - Credit to Private non-financial sector from All sectors at Market value - Percentage of GDP - Adjusted for breaks,2023-Q1,177.3,A,Normal value,,F,Free
Q,Quarterly,TH,Thailand,P,Private non-financial sector,A,All sectors,M,Market value,770,Percentage of GDP,A,Adjusted for breaks,E,End of period,1,One,0,Units,367,Per cent,Thailand - Credit to Private non-financial sector from All sectors at Market value - Percentage of GDP - Adjusted for breaks,2023-Q2,177.5,A,Normal value,,F,Free
Q,Quarterly,TH,Thailand,P,Private non-financial sector,A,All sectors,M,Market value,770,Percentage of GDP,A,Adjusted for breaks,E,End of period,1,One,0,Units,367,Per cent,Thailand - Credit to Private non-financial sector from All sectors at Market value - Percentage of GDP - Adjusted for breaks,2023-Q3,177.5,A,Normal value,,F,Free
Q,Quarterly,TH,Thailand,P,Private non-financial sector,A,All sectors,M,Market value,770,Percentage of GDP,A,Adjusted for breaks,E,End of period,1,One,0,Units,367,Per cent,Thailand - Credit to Private non-financial sector from All sectors at Market value - Percentage of GDP - Adjusted for breaks,2023-Q4,177.6,A,Normal value,,F,Free
Q,Quarterly,TH,Thailand,P,Private non-financial sector,A,All sectors,M,Market value,770,Percentage of GDP,A,Adjusted for breaks,E,End of period,1,One,0,Units,367,Per cent,Thailand - Credit to Private non-financial sector from All sectors at Market value - Percentage of GDP - Adjusted for breaks,2024-Q1,177.0,A,Normal value,,F,Free
Q,Quarterly,TH,Thailand,P,Private non-financial sector,A,All sectors,M,Market value,770,Percentage of GDP,A,Adjusted for breaks,E,End of period,1,One,0,Units,367,Per cent,Thailand - Credit to Private non-financial sector from All sectors at Market value - Percentage of GDP - Adjusted for breaks,2024-Q2,174.5,A,Normal value,,F,Free
Q,Quarterly,TH,Thailand,P,Private non-financial sector,A,All sectors,M,Market value,770,Percentage of GDP,A,Adjusted for breaks,E,End of period,1,One,0,Units,367,Per cent,Thailand - Credit to Private non-financial sector from All sectors at Market value - Percentage of GDP - Adjusted for breaks,2024-Q3,171.4,A,Normal value,,F,Free
Q,Quarterly,TH,Thailand,P,Private non-financial sector,A,All sectors,M,Market value,770,Percentage of GDP,A,Adjusted for breaks,E,End of period,1,One,0,Units,367,Per cent,Thailand - Credit to Private non-financial sector from All sectors at Market value - Percentage of GDP - Adjusted for breaks,2024-Q4,170.6,A,Normal value,,F,Free
Q,Quarterly,TH,Thailand,P,Private non-financial sector,A,All sectors,M,Market value,770,Percentage of GDP,A,Adjusted for breaks,E,End of period,1,One,0,Units,367,Per cent,Thailand - Credit to Private non-financial sector from All sectors at Market value - Percentage of GDP - Adjusted for breaks,2025-Q1,168.8,A,Normal value,,F,Free
Q,Quarterly,TH,Thailand,P,Private non-financial sector,A,All sectors,M,Market value,770,Percentage of GDP,A,Adjusted for breaks,E,End of period,1,One,0,Units,367,Per cent,Thailand - Credit to Private non-financial sector from All sectors at Market value - Percentage of GDP - Adjusted for breaks,2025-Q2,162.5,A,Normal value,,F,Free
Q,Quarterly,TH,Thailand,P,Private non-financial sector,A,All sectors,M,Market value,770,Percentage of GDP,A,Adjusted for breaks,E,End of period,1,One,0,Units,367,Per cent,Thailand - Credit to Private non-financial sector from All sectors at Market value - Percentage of GDP - Adjusted for breaks,2025-Q3,166.0,A,Normal value,,F,Free
Q,Quarterly,TH,Thailand,P,Private non-financial sector,A,All sectors,M,Market value,770,Percentage of GDP,A,Adjusted for breaks,E,End of period,1,One,0,Units,367,Per cent,Thailand - Credit to Private non-financial sector from All sectors at Market value - Percentage of GDP - Adjusted for breaks,2025-Q4,156.3,A,Normal value,,F,Free
Q,Quarterly,HK,Hong Kong SAR,N,Non-financial corporations,A,All sectors,M,Market value,770,Percentage of GDP,A,Adjusted for breaks,E,End of period,1,One,0,Units,367,Per cent,Hong Kong SAR - Credit to Non-financial corporations from All sectors at Market value - Percentage of GDP - Adjusted for breaks,2016-Q1,229.3,A,Normal value,,F,Free
Q,Quarterly,HK,Hong Kong SAR,N,Non-financial corporations,A,All sectors,M,Market value,770,Percentage of GDP,A,Adjusted for breaks,E,End of period,1,One,0,Units,367,Per cent,Hong Kong SAR - Credit to Non-financial corporations from All sectors at Market value - Percentage of GDP - Adjusted for breaks,2016-Q2,234.5,A,Normal value,,F,Free
Q,Quarterly,HK,Hong Kong SAR,N,Non-financial corporations,A,All sectors,M,Market value,770,Percentage of GDP,A,Adjusted for breaks,E,End of period,1,One,0,Units,367,Per cent,Hong Kong SAR - Credit to Non-financial corporations from All sectors at Market value - Percentage of GDP - Adjusted for breaks,2016-Q3,235.1,A,Normal value,,F,Free
Q,Quarterly,HK,Hong Kong SAR,N,Non-financial corporations,A,All sectors,M,Market value,770,Percentage of GDP,A,Adjusted for breaks,E,End of period,1,One,0,Units,367,Per cent,Hong Kong SAR - Credit to Non-financial corporations from All sectors at Market value - Percentage of GDP - Adjusted for breaks,2016-Q4,238.9,A,Normal value,,F,Free
Q,Quarterly,HK,Hong Kong SAR,N,Non-financial corporations,A,All sectors,M,Market value,770,Percentage of GDP,A,Adjusted for breaks,E,End of period,1,One,0,Units,367,Per cent,Hong Kong SAR - Credit to Non-financial corporations from All sectors at Market value - Percentage of GDP - Adjusted for breaks,2017-Q1,249.3,A,Normal value,,F,Free
Q,Quarterly,HK,Hong Kong SAR,N,Non-financial corporations,A,All sectors,M,Market value,770,Percentage of GDP,A,Adjusted for breaks,E,End of period,1,One,0,Units,367,Per cent,Hong Kong SAR - Credit to Non-financial corporations from All sectors at Market value - Percentage of GDP - Adjusted for breaks,2017-Q2,262.4,A,Normal value,,F,Free
Q,Quarterly,HK,Hong Kong SAR,N,Non-financial corporations,A,All sectors,M,Market value,770,Percentage of GDP,A,Adjusted for breaks,E,End of period,1,One,0,Units,367,Per cent,Hong Kong SAR - Credit to Non-financial corporations from All sectors at Market value - Percentage of GDP - Adjusted for breaks,2017-Q3,265.6,A,Normal value,,F,Free
Q,Quarterly,HK,Hong Kong SAR,N,Non-financial corporations,A,All sectors,M,Market value,770,Percentage of GDP,A,Adjusted for breaks,E,End of period,1,One,0,Units,367,Per cent,Hong Kong SAR - Credit to Non-financial corporations from All sectors at Market value - Percentage of GDP - Adjusted for breaks,2017-Q4,272.6,A,Normal value,,F,Free
Q,Quarterly,HK,Hong Kong SAR,N,Non-financial corporations,A,All sectors,M,Market value,770,Percentage of GDP,A,Adjusted for breaks,E,End of period,1,One,0,Units,367,Per cent,Hong Kong SAR - Credit to Non-financial corporations from All sectors at Market value - Percentage of GDP - Adjusted for breaks,2018-Q1,278.2,A,Normal value,,F,Free
Q,Quarterly,HK,Hong Kong SAR,N,Non-financial corporations,A,All sectors,M,Market value,770,Percentage of GDP,A,Adjusted for breaks,E,End of period,1,One,0,Units,367,Per cent,Hong Kong SAR - Credit to Non-financial corporations from All sectors at Market value - Percentage of GDP - Adjusted for breaks,2018-Q2,273.5,A,Normal value,,F,Free
Q,Quarterly,HK,Hong Kong SAR,N,Non-financial corporations,A,All sectors,M,Market value,770,Percentage of GDP,A,Adjusted for breaks,E,End of period,1,One,0,Units,367,Per cent,Hong Kong SAR - Credit to Non-financial corporations from All sectors at Market value - Percentage of GDP - Adjusted for breaks,2018-Q3,261.5,A,Normal value,,F,Free
Q,Quarterly,HK,Hong Kong SAR,N,Non-financial corporations,A,All sectors,M,Market value,770,Percentage of GDP,A,Adjusted for breaks,E,End of period,1,One,0,Units,367,Per cent,Hong Kong SAR - Credit to Non-financial corporations from All sectors at Market value - Percentage of GDP - Adjusted for breaks,2018-Q4,262.7,A,Normal value,,F,Free
Q,Quarterly,HK,Hong Kong SAR,N,Non-financial corporations,A,All sectors,M,Market value,770,Percentage of GDP,A,Adjusted for breaks,E,End of period,1,One,0,Units,367,Per cent,Hong Kong SAR - Credit to Non-financial corporations from All sectors at Market value - Percentage of GDP - Adjusted for breaks,2019-Q1,262.0,A,Normal value,,F,Free
Q,Quarterly,HK,Hong Kong SAR,N,Non-financial corporations,A,All sectors,M,Market value,770,Percentage of GDP,A,Adjusted for breaks,E,End of period,1,One,0,Units,367,Per cent,Hong Kong SAR - Credit to Non-financial corporations from All sectors at Market value - Percentage of GDP - Adjusted for breaks,2019-Q2,265.0,A,Normal value,,F,Free
Q,Quarterly,HK,Hong Kong SAR,N,Non-financial corporations,A,All sectors,M,Market value,770,Percentage of GDP,A,Adjusted for breaks,E,End of period,1,One,0,Units,367,Per cent,Hong Kong SAR - Credit to Non-financial corporations from All sectors at Market value - Percentage of GDP - Adjusted for breaks,2019-Q3,266.4,A,Normal value,,F,Free
Q,Quarterly,HK,Hong Kong SAR,N,Non-financial corporations,A,All sectors,M,Market value,770,Percentage of GDP,A,Adjusted for breaks,E,End of period,1,One,0,Units,367,Per cent,Hong Kong SAR - Credit to Non-financial corporations from All sectors at Market value - Percentage of GDP - Adjusted for breaks,2019-Q4,267.7,A,Normal value,,F,Free
Q,Quarterly,HK,Hong Kong SAR,N,Non-financial corporations,A,All sectors,M,Market value,770,Percentage of GDP,A,Adjusted for breaks,E,End of period,1,One,0,Units,367,Per cent,Hong Kong SAR - Credit to Non-financial corporations from All sectors at Market value - Percentage of GDP - Adjusted for breaks,2020-Q1,284.4,A,Normal value,,F,Free
Q,Quarterly,HK,Hong Kong SAR,N,Non-financial corporations,A,All sectors,M,Market value,770,Percentage of GDP,A,Adjusted for breaks,E,End of period,1,One,0,Units,367,Per cent,Hong Kong SAR - Credit to Non-financial corporations from All sectors at Market value - Percentage of GDP - Adjusted for breaks,2020-Q2,286.5,A,Normal value,,F,Free
Q,Quarterly,HK,Hong Kong SAR,N,Non-financial corporations,A,All sectors,M,Market value,770,Percentage of GDP,A,Adjusted for breaks,E,End of period,1,One,0,Units,367,Per cent,Hong Kong SAR - Credit to Non-financial corporations from All sectors at Market value - Percentage of GDP - Adjusted for breaks,2020-Q3,303.2,A,Normal value,,F,Free
Q,Quarterly,HK,Hong Kong SAR,N,Non-financial corporations,A,All sectors,M,Market value,770,Percentage of GDP,A,Adjusted for breaks,E,End of period,1,One,0,Units,367,Per cent,Hong Kong SAR - Credit to Non-financial corporations from All sectors at Market value - Percentage of GDP - Adjusted for breaks,2020-Q4,292.4,A,Normal value,,F,Free
Q,Quarterly,HK,Hong Kong SAR,N,Non-financial corporations,A,All sectors,M,Market value,770,Percentage of GDP,A,Adjusted for breaks,E,End of period,1,One,0,Units,367,Per cent,Hong Kong SAR - Credit to Non-financial corporations from All sectors at Market value - Percentage of GDP - Adjusted for breaks,2021-Q1,296.9,A,Normal value,,F,Free
Q,Quarterly,HK,Hong Kong SAR,N,Non-financial corporations,A,All sectors,M,Market value,770,Percentage of GDP,A,Adjusted for breaks,E,End of period,1,One,0,Units,367,Per cent,Hong Kong SAR - Credit to Non-financial corporations from All sectors at Market value - Percentage of GDP - Adjusted for breaks,2021-Q2,304.6,A,Normal value,,F,Free
Q,Quarterly,HK,Hong Kong SAR,N,Non-financial corporations,A,All sectors,M,Market value,770,Percentage of GDP,A,Adjusted for breaks,E,End of period,1,One,0,Units,367,Per cent,Hong Kong SAR - Credit to Non-financial corporations from All sectors at Market value - Percentage of GDP - Adjusted for breaks,2021-Q3,288.2,A,Normal value,,F,Free
Q,Quarterly,HK,Hong Kong SAR,N,Non-financial corporations,A,All sectors,M,Market value,770,Percentage of GDP,A,Adjusted for breaks,E,End of period,1,One,0,Units,367,Per cent,Hong Kong SAR - Credit to Non-financial corporations from All sectors at Market value - Percentage of GDP - Adjusted for breaks,2021-Q4,275.4,A,Normal value,,F,Free
Q,Quarterly,HK,Hong Kong SAR,N,Non-financial corporations,A,All sectors,M,Market value,770,Percentage of GDP,A,Adjusted for breaks,E,End of period,1,One,0,Units,367,Per cent,Hong Kong SAR - Credit to Non-financial corporations from All sectors at Market value - Percentage of GDP - Adjusted for breaks,2022-Q1,287.1,A,Normal value,,F,Free
Q,Quarterly,HK,Hong Kong SAR,N,Non-financial corporations,A,All sectors,M,Market value,770,Percentage of GDP,A,Adjusted for breaks,E,End of period,1,One,0,Units,367,Per cent,Hong Kong SAR - Credit to Non-financial corporations from All sectors at Market value - Percentage of GDP - Adjusted for breaks,2022-Q2,288.9,A,Normal value,,F,Free
Q,Quarterly,HK,Hong Kong SAR,N,Non-financial corporations,A,All sectors,M,Market value,770,Percentage of GDP,A,Adjusted for breaks,E,End of period,1,One,0,Units,367,Per cent,Hong Kong SAR - Credit to Non-financial corporations from All sectors at Market value - Percentage of GDP - Adjusted for breaks,2022-Q3,278.7,A,Normal value,,F,Free
Q,Quarterly,HK,Hong Kong SAR,N,Non-financial corporations,A,All sectors,M,Market value,770,Percentage of GDP,A,Adjusted for breaks,E,End of period,1,One,0,Units,367,Per cent,Hong Kong SAR - Credit to Non-financial corporations from All sectors at Market value - Percentage of GDP - Adjusted for breaks,2022-Q4,276.7,A,Normal value,,F,Free
Q,Quarterly,HK,Hong Kong SAR,N,Non-financial corporations,A,All sectors,M,Market value,770,Percentage of GDP,A,Adjusted for breaks,E,End of period,1,One,0,Units,367,Per cent,Hong Kong SAR - Credit to Non-financial corporations from All sectors at Market value - Percentage of GDP - Adjusted for breaks,2023-Q1,279.4,A,Normal value,,F,Free
Q,Quarterly,HK,Hong Kong SAR,N,Non-financial corporations,A,All sectors,M,Market value,770,Percentage of GDP,A,Adjusted for breaks,E,End of period,1,One,0,Units,367,Per cent,Hong Kong SAR - Credit to Non-financial corporations from All sectors at Market value - Percentage of GDP - Adjusted for breaks,2023-Q2,277.6,A,Normal value,,F,Free
Q,Quarterly,HK,Hong Kong SAR,N,Non-financial corporations,A,All sectors,M,Market value,770,Percentage of GDP,A,Adjusted for breaks,E,End of period,1,One,0,Units,367,Per cent,Hong Kong SAR - Credit to Non-financial corporations from All sectors at Market value - Percentage of GDP - Adjusted for breaks,2023-Q3,269.9,A,Normal value,,F,Free
Q,Quarterly,HK,Hong Kong SAR,N,Non-financial corporations,A,All sectors,M,Market value,770,Percentage of GDP,A,Adjusted for breaks,E,End of period,1,One,0,Units,367,Per cent,Hong Kong SAR - Credit to Non-financial corporations from All sectors at Market value - Percentage of GDP - Adjusted for breaks,2023-Q4,269.7,A,Normal value,,F,Free
Q,Quarterly,HK,Hong Kong SAR,N,Non-financial corporations,A,All sectors,M,Market value,770,Percentage of GDP,A,Adjusted for breaks,E,End of period,1,One,0,Units,367,Per cent,Hong Kong SAR - Credit to Non-financial corporations from All sectors at Market value - Percentage of GDP - Adjusted for breaks,2024-Q1,266.6,A,Normal value,,F,Free
Q,Quarterly,HK,Hong Kong SAR,N,Non-financial corporations,A,All sectors,M,Market value,770,Percentage of GDP,A,Adjusted for breaks,E,End of period,1,One,0,Units,367,Per cent,Hong Kong SAR - Credit to Non-financial corporations from All sectors at Market value - Percentage of GDP - Adjusted for breaks,2024-Q2,249.5,A,Normal value,,F,Free
Q,Quarterly,HK,Hong Kong SAR,N,Non-financial corporations,A,All sectors,M,Market value,770,Percentage of GDP,A,Adjusted for breaks,E,End of period,1,One,0,Units,367,Per cent,Hong Kong SAR - Credit to Non-financial corporations from All sectors at Market value - Percentage of GDP - Adjusted for breaks,2024-Q3,245.9,A,Normal value,,F,Free
Q,Quarterly,HK,Hong Kong SAR,N,Non-financial corporations,A,All sectors,M,Market value,770,Percentage of GDP,A,Adjusted for breaks,E,End of period,1,One,0,Units,367,Per cent,Hong Kong SAR - Credit to Non-financial corporations from All sectors at Market value - Percentage of GDP - Adjusted for breaks,2024-Q4,239.2,A,Normal value,,F,Free
Q,Quarterly,HK,Hong Kong SAR,N,Non-financial corporations,A,All sectors,M,Market value,770,Percentage of GDP,A,Adjusted for breaks,E,End of period,1,One,0,Units,367,Per cent,Hong Kong SAR - Credit to Non-financial corporations from All sectors at Market value - Percentage of GDP - Adjusted for breaks,2025-Q1,242.9,A,Normal value,,F,Free
Q,Quarterly,HK,Hong Kong SAR,N,Non-financial corporations,A,All sectors,M,Market value,770,Percentage of GDP,A,Adjusted for breaks,E,End of period,1,One,0,Units,367,Per cent,Hong Kong SAR - Credit to Non-financial corporations from All sectors at Market value - Percentage of GDP - Adjusted for breaks,2025-Q2,247.6,A,Normal value,,F,Free
Q,Quarterly,HK,Hong Kong SAR,N,Non-financial corporations,A,All sectors,M,Market value,770,Percentage of GDP,A,Adjusted for breaks,E,End of period,1,One,0,Units,367,Per cent,Hong Kong SAR - Credit to Non-financial corporations from All sectors at Market value - Percentage of GDP - Adjusted for breaks,2025-Q3,244.7,A,Normal value,,F,Free
Q,Quarterly,HK,Hong Kong SAR,N,Non-financial corporations,A,All sectors,M,Market value,770,Percentage of GDP,A,Adjusted for breaks,E,End of period,1,One,0,Units,367,Per cent,Hong Kong SAR - Credit to Non-financial corporations from All sectors at Market value - Percentage of GDP - Adjusted for breaks,2025-Q4,240.7,A,Normal value,,F,Free
Q,Quarterly,KR,Korea,N,Non-financial corporations,A,All sectors,M,Market value,770,Percentage of GDP,A,Adjusted for breaks,E,End of period,1,One,0,Units,367,Per cent,Korea - Credit to Non-financial corporations from All sectors at Market value - Percentage of GDP - Adjusted for breaks,2016-Q1,92.7,A,Normal value,,F,Free
Q,Quarterly,KR,Korea,N,Non-financial corporations,A,All sectors,M,Market value,770,Percentage of GDP,A,Adjusted for breaks,E,End of period,1,One,0,Units,367,Per cent,Korea - Credit to Non-financial corporations from All sectors at Market value - Percentage of GDP - Adjusted for breaks,2016-Q2,92.1,A,Normal value,,F,Free
Q,Quarterly,KR,Korea,N,Non-financial corporations,A,All sectors,M,Market value,770,Percentage of GDP,A,Adjusted for breaks,E,End of period,1,One,0,Units,367,Per cent,Korea - Credit to Non-financial corporations from All sectors at Market value - Percentage of GDP - Adjusted for breaks,2016-Q3,90.8,A,Normal value,,F,Free
Q,Quarterly,KR,Korea,N,Non-financial corporations,A,All sectors,M,Market value,770,Percentage of GDP,A,Adjusted for breaks,E,End of period,1,One,0,Units,367,Per cent,Korea - Credit to Non-financial corporations from All sectors at Market value - Percentage of GDP - Adjusted for breaks,2016-Q4,89.6,A,Normal value,,F,Free
Q,Quarterly,KR,Korea,N,Non-financial corporations,A,All sectors,M,Market value,770,Percentage of GDP,A,Adjusted for breaks,E,End of period,1,One,0,Units,367,Per cent,Korea - Credit to Non-financial corporations from All sectors at Market value - Percentage of GDP - Adjusted for breaks,2017-Q1,89.1,A,Normal value,,F,Free
Q,Quarterly,KR,Korea,N,Non-financial corporations,A,All sectors,M,Market value,770,Percentage of GDP,A,Adjusted for breaks,E,End of period,1,One,0,Units,367,Per cent,Korea - Credit to Non-financial corporations from All sectors at Market value - Percentage of GDP - Adjusted for breaks,2017-Q2,89.7,A,Normal value,,F,Free
Q,Quarterly,KR,Korea,N,Non-financial corporations,A,All sectors,M,Market value,770,Percentage of GDP,A,Adjusted for breaks,E,End of period,1,One,0,Units,367,Per cent,Korea - Credit to Non-financial corporations from All sectors at Market value - Percentage of GDP - Adjusted for breaks,2017-Q3,89.0,A,Normal value,,F,Free
Q,Quarterly,KR,Korea,N,Non-financial corporations,A,All sectors,M,Market value,770,Percentage of GDP,A,Adjusted for breaks,E,End of period,1,One,0,Units,367,Per cent,Korea - Credit to Non-financial corporations from All sectors at Market value - Percentage of GDP - Adjusted for breaks,2017-Q4,87.8,A,Normal value,,F,Free
Q,Quarterly,KR,Korea,N,Non-financial corporations,A,All sectors,M,Market value,770,Percentage of GDP,A,Adjusted for breaks,E,End of period,1,One,0,Units,367,Per cent,Korea - Credit to Non-financial corporations from All sectors at Market value - Percentage of GDP - Adjusted for breaks,2018-Q1,88.3,A,Normal value,,F,Free
Q,Quarterly,KR,Korea,N,Non-financial corporations,A,All sectors,M,Market value,770,Percentage of GDP,A,Adjusted for breaks,E,End of period,1,One,0,Units,367,Per cent,Korea - Credit to Non-financial corporations from All sectors at Market value - Percentage of GDP - Adjusted for breaks,2018-Q2,88.9,A,Normal value,,F,Free
Q,Quarterly,KR,Korea,N,Non-financial corporations,A,All sectors,M,Market value,770,Percentage of GDP,A,Adjusted for breaks,E,End of period,1,One,0,Units,367,Per cent,Korea - Credit to Non-financial corporations from All sectors at Market value - Percentage of GDP - Adjusted for breaks,2018-Q3,90.0,A,Normal value,,F,Free
Q,Quarterly,KR,Korea,N,Non-financial corporations,A,All sectors,M,Market value,770,Percentage of GDP,A,Adjusted for breaks,E,End of period,1,One,0,Units,367,Per cent,Korea - Credit to Non-financial corporations from All sectors at Market value - Percentage of GDP - Adjusted for breaks,2018-Q4,90.4,A,Normal value,,F,Free
Q,Quarterly,KR,Korea,N,Non-financial corporations,A,All sectors,M,Market value,770,Percentage of GDP,A,Adjusted for breaks,E,End of period,1,One,0,Units,367,Per cent,Korea - Credit to Non-financial corporations from All sectors at Market value - Percentage of GDP - Adjusted for breaks,2019-Q1,91.7,A,Normal value,,F,Free
Q,Quarterly,KR,Korea,N,Non-financial corporations,A,All sectors,M,Market value,770,Percentage of GDP,A,Adjusted for breaks,E,End of period,1,One,0,Units,367,Per cent,Korea - Credit to Non-financial corporations from All sectors at Market value - Percentage of GDP - Adjusted for breaks,2019-Q2,93.6,A,Normal value,,F,Free
Q,Quarterly,KR,Korea,N,Non-financial corporations,A,All sectors,M,Market value,770,Percentage of GDP,A,Adjusted for breaks,E,End of period,1,One,0,Units,367,Per cent,Korea - Credit to Non-financial corporations from All sectors at Market value - Percentage of GDP - Adjusted for breaks,2019-Q3,94.9,A,Normal value,,F,Free
Q,Quarterly,KR,Korea,N,Non-financial corporations,A,All sectors,M,Market value,770,Percentage of GDP,A,Adjusted for breaks,E,End of period,1,One,0,Units,367,Per cent,Korea - Credit to Non-financial corporations from All sectors at Market value - Percentage of GDP - Adjusted for breaks,2019-Q4,95.5,A,Normal value,,F,Free
Q,Quarterly,KR,Korea,N,Non-financial corporations,A,All sectors,M,Market value,770,Percentage of GDP,A,Adjusted for breaks,E,End of period,1,One,0,Units,367,Per cent,Korea - Credit to Non-financial corporations from All sectors at Market value - Percentage of GDP - Adjusted for breaks,2020-Q1,98.5,A,Normal value,,F,Free
Q,Quarterly,KR,Korea,N,Non-financial corporations,A,All sectors,M,Market value,770,Percentage of GDP,A,Adjusted for breaks,E,End of period,1,One,0,Units,367,Per cent,Korea - Credit to Non-financial corporations from All sectors at Market value - Percentage of GDP - Adjusted for breaks,2020-Q2,101.4,A,Normal value,,F,Free
Q,Quarterly,KR,Korea,N,Non-financial corporations,A,All sectors,M,Market value,770,Percentage of GDP,A,Adjusted for breaks,E,End of period,1,One,0,Units,367,Per cent,Korea - Credit to Non-financial corporations from All sectors at Market value - Percentage of GDP - Adjusted for breaks,2020-Q3,103.3,A,Normal value,,F,Free
Q,Quarterly,KR,Korea,N,Non-financial corporations,A,All sectors,M,Market value,770,Percentage of GDP,A,Adjusted for breaks,E,End of period,1,One,0,Units,367,Per cent,Korea - Credit to Non-financial corporations from All sectors at Market value - Percentage of GDP - Adjusted for breaks,2020-Q4,103.6,A,Normal value,,F,Free
Q,Quarterly,KR,Korea,N,Non-financial corporations,A,All sectors,M,Market value,770,Percentage of GDP,A,Adjusted for breaks,E,End of period,1,One,0,Units,367,Per cent,Korea - Credit to Non-financial corporations from All sectors at Market value - Percentage of GDP - Adjusted for breaks,2021-Q1,104.4,A,Normal value,,F,Free
Q,Quarterly,KR,Korea,N,Non-financial corporations,A,All sectors,M,Market value,770,Percentage of GDP,A,Adjusted for breaks,E,End of period,1,One,0,Units,367,Per cent,Korea - Credit to Non-financial corporations from All sectors at Market value - Percentage of GDP - Adjusted for breaks,2021-Q2,105.2,A,Normal value,,F,Free
Q,Quarterly,KR,Korea,N,Non-financial corporations,A,All sectors,M,Market value,770,Percentage of GDP,A,Adjusted for breaks,E,End of period,1,One,0,Units,367,Per cent,Korea - Credit to Non-financial corporations from All sectors at Market value - Percentage of GDP - Adjusted for breaks,2021-Q3,106.1,A,Normal value,,F,Free
Q,Quarterly,KR,Korea,N,Non-financial corporations,A,All sectors,M,Market value,770,Percentage of GDP,A,Adjusted for breaks,E,End of period,1,One,0,Units,367,Per cent,Korea - Credit to Non-financial corporations from All sectors at Market value - Percentage of GDP - Adjusted for breaks,2021-Q4,106.8,A,Normal value,,F,Free
Q,Quarterly,KR,Korea,N,Non-financial corporations,A,All sectors,M,Market value,770,Percentage of GDP,A,Adjusted for breaks,E,End of period,1,One,0,Units,367,Per cent,Korea - Credit to Non-financial corporations from All sectors at Market value - Percentage of GDP - Adjusted for breaks,2022-Q1,106.8,A,Normal value,,F,Free
Q,Quarterly,KR,Korea,N,Non-financial corporations,A,All sectors,M,Market value,770,Percentage of GDP,A,Adjusted for breaks,E,End of period,1,One,0,Units,367,Per cent,Korea - Credit to Non-financial corporations from All sectors at Market value - Percentage of GDP - Adjusted for breaks,2022-Q2,108.1,A,Normal value,,F,Free
Q,Quarterly,KR,Korea,N,Non-financial corporations,A,All sectors,M,Market value,770,Percentage of GDP,A,Adjusted for breaks,E,End of period,1,One,0,Units,367,Per cent,Korea - Credit to Non-financial corporations from All sectors at Market value - Percentage of GDP - Adjusted for breaks,2022-Q3,110.5,A,Normal value,,F,Free
Q,Quarterly,KR,Korea,N,Non-financial corporations,A,All sectors,M,Market value,770,Percentage of GDP,A,Adjusted for breaks,E,End of period,1,One,0,Units,367,Per cent,Korea - Credit to Non-financial corporations from All sectors at Market value - Percentage of GDP - Adjusted for breaks,2022-Q4,111.5,A,Normal value,,F,Free
Q,Quarterly,KR,Korea,N,Non-financial corporations,A,All sectors,M,Market value,770,Percentage of GDP,A,Adjusted for breaks,E,End of period,1,One,0,Units,367,Per cent,Korea - Credit to Non-financial corporations from All sectors at Market value - Percentage of GDP - Adjusted for breaks,2023-Q1,114.2,A,Normal value,,F,Free
Q,Quarterly,KR,Korea,N,Non-financial corporations,A,All sectors,M,Market value,770,Percentage of GDP,A,Adjusted for breaks,E,End of period,1,One,0,Units,367,Per cent,Korea - Credit to Non-financial corporations from All sectors at Market value - Percentage of GDP - Adjusted for breaks,2023-Q2,114.2,A,Normal value,,F,Free
Q,Quarterly,KR,Korea,N,Non-financial corporations,A,All sectors,M,Market value,770,Percentage of GDP,A,Adjusted for breaks,E,End of period,1,One,0,Units,367,Per cent,Korea - Credit to Non-financial corporations from All sectors at Market value - Percentage of GDP - Adjusted for breaks,2023-Q3,114.7,A,Normal value,,F,Free
Q,Quarterly,KR,Korea,N,Non-financial corporations,A,All sectors,M,Market value,770,Percentage of GDP,A,Adjusted for breaks,E,End of period,1,One,0,Units,367,Per cent,Korea - Credit to Non-financial corporations from All sectors at Market value - Percentage of GDP - Adjusted for breaks,2023-Q4,113.0,A,Normal value,,F,Free
Q,Quarterly,KR,Korea,N,Non-financial corporations,A,All sectors,M,Market value,770,Percentage of GDP,A,Adjusted for breaks,E,End of period,1,One,0,Units,367,Per cent,Korea - Credit to Non-financial corporations from All sectors at Market value - Percentage of GDP - Adjusted for breaks,2024-Q1,112.1,A,Normal value,,F,Free
Q,Quarterly,KR,Korea,N,Non-financial corporations,A,All sectors,M,Market value,770,Percentage of GDP,A,Adjusted for breaks,E,End of period,1,One,0,Units,367,Per cent,Korea - Credit to Non-financial corporations from All sectors at Market value - Percentage of GDP - Adjusted for breaks,2024-Q2,111.4,A,Normal value,,F,Free
Q,Quarterly,KR,Korea,N,Non-financial corporations,A,All sectors,M,Market value,770,Percentage of GDP,A,Adjusted for breaks,E,End of period,1,One,0,Units,367,Per cent,Korea - Credit to Non-financial corporations from All sectors at Market value - Percentage of GDP - Adjusted for breaks,2024-Q3,110.8,A,Normal value,,F,Free
Q,Quarterly,KR,Korea,N,Non-financial corporations,A,All sectors,M,Market value,770,Percentage of GDP,A,Adjusted for breaks,E,End of period,1,One,0,Units,367,Per cent,Korea - Credit to Non-financial corporations from All sectors at Market value - Percentage of GDP - Adjusted for breaks,2024-Q4,110.5,A,Normal value,,F,Free
Q,Quarterly,KR,Korea,N,Non-financial corporations,A,All sectors,M,Market value,770,Percentage of GDP,A,Adjusted for breaks,E,End of period,1,One,0,Units,367,Per cent,Korea - Credit to Non-financial corporations from All sectors at Market value - Percentage of GDP - Adjusted for breaks,2025-Q1,110.9,A,Normal value,,F,Free
Q,Quarterly,KR,Korea,N,Non-financial corporations,A,All sectors,M,Market value,770,Percentage of GDP,A,Adjusted for breaks,E,End of period,1,One,0,Units,367,Per cent,Korea - Credit to Non-financial corporations from All sectors at Market value - Percentage of GDP - Adjusted for breaks,2025-Q2,110.3,A,Normal value,,F,Free
Q,Quarterly,KR,Korea,N,Non-financial corporations,A,All sectors,M,Market value,770,Percentage of GDP,A,Adjusted for breaks,E,End of period,1,One,0,Units,367,Per cent,Korea - Credit to Non-financial corporations from All sectors at Market value - Percentage of GDP - Adjusted for breaks,2025-Q3,110.5,A,Normal value,,F,Free
Q,Quarterly,KR,Korea,N,Non-financial corporations,A,All sectors,M,Market value,770,Percentage of GDP,A,Adjusted for breaks,E,End of period,1,One,0,Units,367,Per cent,Korea - Credit to Non-financial corporations from All sectors at Market value - Percentage of GDP - Adjusted for breaks,2025-Q4,109.9,A,Normal value,,F,Free
Q,Quarterly,TH,Thailand,H,Households & NPISHs,A,All sectors,M,Market value,770,Percentage of GDP,A,Adjusted for breaks,E,End of period,1,One,0,Units,367,Per cent,Thailand - Credit to Households and NPISHs from All sectors at Market value - Percentage of GDP - Adjusted for breaks,2016-Q1,85.8,A,Normal value,,F,Free
Q,Quarterly,TH,Thailand,H,Households & NPISHs,A,All sectors,M,Market value,770,Percentage of GDP,A,Adjusted for breaks,E,End of period,1,One,0,Units,367,Per cent,Thailand - Credit to Households and NPISHs from All sectors at Market value - Percentage of GDP - Adjusted for breaks,2016-Q2,85.2,A,Normal value,,F,Free
Q,Quarterly,TH,Thailand,H,Households & NPISHs,A,All sectors,M,Market value,770,Percentage of GDP,A,Adjusted for breaks,E,End of period,1,One,0,Units,367,Per cent,Thailand - Credit to Households and NPISHs from All sectors at Market value - Percentage of GDP - Adjusted for breaks,2016-Q3,84.8,A,Normal value,,F,Free
Q,Quarterly,TH,Thailand,H,Households & NPISHs,A,All sectors,M,Market value,770,Percentage of GDP,A,Adjusted for breaks,E,End of period,1,One,0,Units,367,Per cent,Thailand - Credit to Households and NPISHs from All sectors at Market value - Percentage of GDP - Adjusted for breaks,2016-Q4,84.7,A,Normal value,,F,Free
Q,Quarterly,TH,Thailand,H,Households & NPISHs,A,All sectors,M,Market value,770,Percentage of GDP,A,Adjusted for breaks,E,End of period,1,One,0,Units,367,Per cent,Thailand - Credit to Households and NPISHs from All sectors at Market value - Percentage of GDP - Adjusted for breaks,2017-Q1,83.4,A,Normal value,,F,Free
Q,Quarterly,TH,Thailand,H,Households & NPISHs,A,All sectors,M,Market value,770,Percentage of GDP,A,Adjusted for breaks,E,End of period,1,One,0,Units,367,Per cent,Thailand - Credit to Households and NPISHs from All sectors at Market value - Percentage of GDP - Adjusted for breaks,2017-Q2,82.9,A,Normal value,,F,Free
Q,Quarterly,TH,Thailand,H,Households & NPISHs,A,All sectors,M,Market value,770,Percentage of GDP,A,Adjusted for breaks,E,End of period,1,One,0,Units,367,Per cent,Thailand - Credit to Households and NPISHs from All sectors at Market value - Percentage of GDP - Adjusted for breaks,2017-Q3,82.7,A,Normal value,,F,Free
Q,Quarterly,TH,Thailand,H,Households & NPISHs,A,All sectors,M,Market value,770,Percentage of GDP,A,Adjusted for breaks,E,End of period,1,One,0,Units,367,Per cent,Thailand - Credit to Households and NPISHs from All sectors at Market value - Percentage of GDP - Adjusted for breaks,2017-Q4,83.2,A,Normal value,,F,Free
Q,Quarterly,TH,Thailand,H,Households & NPISHs,A,All sectors,M,Market value,770,Percentage of GDP,A,Adjusted for breaks,E,End of period,1,One,0,Units,367,Per cent,Thailand - Credit to Households and NPISHs from All sectors at Market value - Percentage of GDP - Adjusted for breaks,2018-Q1,82.6,A,Normal value,,F,Free
Q,Quarterly,TH,Thailand,H,Households & NPISHs,A,All sectors,M,Market value,770,Percentage of GDP,A,Adjusted for breaks,E,End of period,1,One,0,Units,367,Per cent,Thailand - Credit to Households and NPISHs from All sectors at Market value - Percentage of GDP - Adjusted for breaks,2018-Q2,82.4,A,Normal value,,F,Free
Q,Quarterly,TH,Thailand,H,Households & NPISHs,A,All sectors,M,Market value,770,Percentage of GDP,A,Adjusted for breaks,E,End of period,1,One,0,Units,367,Per cent,Thailand - Credit to Households and NPISHs from All sectors at Market value - Percentage of GDP - Adjusted for breaks,2018-Q3,82.4,A,Normal value,,F,Free
Q,Quarterly,TH,Thailand,H,Households & NPISHs,A,All sectors,M,Market value,770,Percentage of GDP,A,Adjusted for breaks,E,End of period,1,One,0,Units,367,Per cent,Thailand - Credit to Households and NPISHs from All sectors at Market value - Percentage of GDP - Adjusted for breaks,2018-Q4,83.3,A,Normal value,,F,Free
Q,Quarterly,TH,Thailand,H,Households & NPISHs,A,All sectors,M,Market value,770,Percentage of GDP,A,Adjusted for breaks,E,End of period,1,One,0,Units,367,Per cent,Thailand - Credit to Households and NPISHs from All sectors at Market value - Percentage of GDP - Adjusted for breaks,2019-Q1,82.9,A,Normal value,,F,Free
Q,Quarterly,TH,Thailand,H,Households & NPISHs,A,All sectors,M,Market value,770,Percentage of GDP,A,Adjusted for breaks,E,End of period,1,One,0,Units,367,Per cent,Thailand - Credit to Households and NPISHs from All sectors at Market value - Percentage of GDP - Adjusted for breaks,2019-Q2,82.8,A,Normal value,,F,Free
Q,Quarterly,TH,Thailand,H,Households & NPISHs,A,All sectors,M,Market value,770,Percentage of GDP,A,Adjusted for breaks,E,End of period,1,One,0,Units,367,Per cent,Thailand - Credit to Households and NPISHs from All sectors at Market value - Percentage of GDP - Adjusted for breaks,2019-Q3,83.5,A,Normal value,,F,Free
Q,Quarterly,TH,Thailand,H,Households & NPISHs,A,All sectors,M,Market value,770,Percentage of GDP,A,Adjusted for breaks,E,End of period,1,One,0,Units,367,Per cent,Thailand - Credit to Households and NPISHs from All sectors at Market value - Percentage of GDP - Adjusted for breaks,2019-Q4,84.7,A,Normal value,,F,Free
Q,Quarterly,TH,Thailand,H,Households & NPISHs,A,All sectors,M,Market value,770,Percentage of GDP,A,Adjusted for breaks,E,End of period,1,One,0,Units,367,Per cent,Thailand - Credit to Households and NPISHs from All sectors at Market value - Percentage of GDP - Adjusted for breaks,2020-Q1,85.1,A,Normal value,,F,Free
Q,Quarterly,TH,Thailand,H,Households & NPISHs,A,All sectors,M,Market value,770,Percentage of GDP,A,Adjusted for breaks,E,End of period,1,One,0,Units,367,Per cent,Thailand - Credit to Households and NPISHs from All sectors at Market value - Percentage of GDP - Adjusted for breaks,2020-Q2,89.1,A,Normal value,,F,Free
Q,Quarterly,TH,Thailand,H,Households & NPISHs,A,All sectors,M,Market value,770,Percentage of GDP,A,Adjusted for breaks,E,End of period,1,One,0,Units,367,Per cent,Thailand - Credit to Households and NPISHs from All sectors at Market value - Percentage of GDP - Adjusted for breaks,2020-Q3,92.2,A,Normal value,,F,Free
Q,Quarterly,TH,Thailand,H,Households & NPISHs,A,All sectors,M,Market value,770,Percentage of GDP,A,Adjusted for breaks,E,End of period,1,One,0,Units,367,Per cent,Thailand - Credit to Households and NPISHs from All sectors at Market value - Percentage of GDP - Adjusted for breaks,2020-Q4,95.3,A,Normal value,,F,Free
Q,Quarterly,TH,Thailand,H,Households & NPISHs,A,All sectors,M,Market value,770,Percentage of GDP,A,Adjusted for breaks,E,End of period,1,One,0,Units,367,Per cent,Thailand - Credit to Households and NPISHs from All sectors at Market value - Percentage of GDP - Adjusted for breaks,2021-Q1,96.6,A,Normal value,,F,Free
Q,Quarterly,TH,Thailand,H,Households & NPISHs,A,All sectors,M,Market value,770,Percentage of GDP,A,Adjusted for breaks,E,End of period,1,One,0,Units,367,Per cent,Thailand - Credit to Households and NPISHs from All sectors at Market value - Percentage of GDP - Adjusted for breaks,2021-Q2,95.2,A,Normal value,,F,Free
Q,Quarterly,TH,Thailand,H,Households & NPISHs,A,All sectors,M,Market value,770,Percentage of GDP,A,Adjusted for breaks,E,End of period,1,One,0,Units,367,Per cent,Thailand - Credit to Households and NPISHs from All sectors at Market value - Percentage of GDP - Adjusted for breaks,2021-Q3,95.2,A,Normal value,,F,Free
Q,Quarterly,TH,Thailand,H,Households & NPISHs,A,All sectors,M,Market value,770,Percentage of GDP,A,Adjusted for breaks,E,End of period,1,One,0,Units,367,Per cent,Thailand - Credit to Households and NPISHs from All sectors at Market value - Percentage of GDP - Adjusted for breaks,2021-Q4,95.7,A,Normal value,,F,Free
Q,Quarterly,TH,Thailand,H,Households & NPISHs,A,All sectors,M,Market value,770,Percentage of GDP,A,Adjusted for breaks,E,End of period,1,One,0,Units,367,Per cent,Thailand - Credit to Households and NPISHs from All sectors at Market value - Percentage of GDP - Adjusted for breaks,2022-Q1,94.8,A,Normal value,,F,Free
Q,Quarterly,TH,Thailand,H,Households & NPISHs,A,All sectors,M,Market value,770,Percentage of GDP,A,Adjusted for breaks,E,End of period,1,One,0,Units,367,Per cent,Thailand - Credit to Households and NPISHs from All sectors at Market value - Percentage of GDP - Adjusted for breaks,2022-Q2,93.8,A,Normal value,,F,Free
Q,Quarterly,TH,Thailand,H,Households & NPISHs,A,All sectors,M,Market value,770,Percentage of GDP,A,Adjusted for breaks,E,End of period,1,One,0,Units,367,Per cent,Thailand - Credit to Households and NPISHs from All sectors at Market value - Percentage of GDP - Adjusted for breaks,2022-Q3,92.6,A,Normal value,,F,Free
Q,Quarterly,TH,Thailand,H,Households & NPISHs,A,All sectors,M,Market value,770,Percentage of GDP,A,Adjusted for breaks,E,End of period,1,One,0,Units,367,Per cent,Thailand - Credit to Households and NPISHs from All sectors at Market value - Percentage of GDP - Adjusted for breaks,2022-Q4,92.6,A,Normal value,,F,Free
Q,Quarterly,TH,Thailand,H,Households & NPISHs,A,All sectors,M,Market value,770,Percentage of GDP,A,Adjusted for breaks,E,End of period,1,One,0,Units,367,Per cent,Thailand - Credit to Households and NPISHs from All sectors at Market value - Percentage of GDP - Adjusted for breaks,2023-Q1,91.6,A,Normal value,,F,Free
Q,Quarterly,TH,Thailand,H,Households & NPISHs,A,All sectors,M,Market value,770,Percentage of GDP,A,Adjusted for breaks,E,End of period,1,One,0,Units,367,Per cent,Thailand - Credit to Households and NPISHs from All sectors at Market value - Percentage of GDP - Adjusted for breaks,2023-Q2,91.6,A,Normal value,,F,Free
Q,Quarterly,TH,Thailand,H,Households & NPISHs,A,All sectors,M,Market value,770,Percentage of GDP,A,Adjusted for breaks,E,End of period,1,One,0,Units,367,Per cent,Thailand - Credit to Households and NPISHs from All sectors at Market value - Percentage of GDP - Adjusted for breaks,2023-Q3,91.7,A,Normal value,,F,Free
Q,Quarterly,TH,Thailand,H,Households & NPISHs,A,All sectors,M,Market value,770,Percentage of GDP,A,Adjusted for breaks,E,End of period,1,One,0,Units,367,Per cent,Thailand - Credit to Households and NPISHs from All sectors at Market value - Percentage of GDP - Adjusted for breaks,2023-Q4,92.1,A,Normal value,,F,Free
Q,Quarterly,TH,Thailand,H,Households & NPISHs,A,All sectors,M,Market value,770,Percentage of GDP,A,Adjusted for breaks,E,End of period,1,One,0,Units,367,Per cent,Thailand - Credit to Households and NPISHs from All sectors at Market value - Percentage of GDP - Adjusted for breaks,2024-Q1,91.4,A,Normal value,,F,Free
Q,Quarterly,TH,Thailand,H,Households & NPISHs,A,All sectors,M,Market value,770,Percentage of GDP,A,Adjusted for breaks,E,End of period,1,One,0,Units,367,Per cent,Thailand - Credit to Households and NPISHs from All sectors at Market value - Percentage of GDP - Adjusted for breaks,2024-Q2,90.2,A,Normal value,,F,Free
Q,Quarterly,TH,Thailand,H,Households & NPISHs,A,All sectors,M,Market value,770,Percentage of GDP,A,Adjusted for breaks,E,End of period,1,One,0,Units,367,Per cent,Thailand - Credit to Households and NPISHs from All sectors at Market value - Percentage of GDP - Adjusted for breaks,2024-Q3,89.4,A,Normal value,,F,Free
Q,Quarterly,TH,Thailand,H,Households & NPISHs,A,All sectors,M,Market value,770,Percentage of GDP,A,Adjusted for breaks,E,End of period,1,One,0,Units,367,Per cent,Thailand - Credit to Households and NPISHs from All sectors at Market value - Percentage of GDP - Adjusted for breaks,2024-Q4,88.8,A,Normal value,,F,Free
Q,Quarterly,TH,Thailand,H,Households & NPISHs,A,All sectors,M,Market value,770,Percentage of GDP,A,Adjusted for breaks,E,End of period,1,One,0,Units,367,Per cent,Thailand - Credit to Households and NPISHs from All sectors at Market value - Percentage of GDP - Adjusted for breaks,2025-Q1,87.5,A,Normal value,,F,Free
Q,Quarterly,TH,Thailand,H,Households & NPISHs,A,All sectors,M,Market value,770,Percentage of GDP,A,Adjusted for breaks,E,End of period,1,One,0,Units,367,Per cent,Thailand - Credit to Households and NPISHs from All sectors at Market value - Percentage of GDP - Adjusted for breaks,2025-Q2,87.2,A,Normal value,,F,Free
Q,Quarterly,TH,Thailand,H,Households & NPISHs,A,All sectors,M,Market value,770,Percentage of GDP,A,Adjusted for breaks,E,End of period,1,One,0,Units,367,Per cent,Thailand - Credit to Households and NPISHs from All sectors at Market value - Percentage of GDP - Adjusted for breaks,2025-Q3,87.3,A,Normal value,,F,Free
Q,Quarterly,TH,Thailand,H,Households & NPISHs,A,All sectors,M,Market value,770,Percentage of GDP,A,Adjusted for breaks,E,End of period,1,One,0,Units,367,Per cent,Thailand - Credit to Households and NPISHs from All sectors at Market value - Percentage of GDP - Adjusted for breaks,2025-Q4,87.5,A,Normal value,,F,Free
Q,Quarterly,KR,Korea,H,Households & NPISHs,A,All sectors,M,Market value,770,Percentage of GDP,A,Adjusted for breaks,E,End of period,1,One,0,Units,367,Per cent,Korea - Credit to Households and NPISHs from All sectors at Market value - Percentage of GDP - Adjusted for breaks,2016-Q1,79.3,A,Normal value,,F,Free
Q,Quarterly,KR,Korea,H,Households & NPISHs,A,All sectors,M,Market value,770,Percentage of GDP,A,Adjusted for breaks,E,End of period,1,One,0,Units,367,Per cent,Korea - Credit to Households and NPISHs from All sectors at Market value - Percentage of GDP - Adjusted for breaks,2016-Q2,80.2,A,Normal value,,F,Free
Q,Quarterly,KR,Korea,H,Households & NPISHs,A,All sectors,M,Market value,770,Percentage of GDP,A,Adjusted for breaks,E,End of period,1,One,0,Units,367,Per cent,Korea - Credit to Households and NPISHs from All sectors at Market value - Percentage of GDP - Adjusted for breaks,2016-Q3,81.4,A,Normal value,,F,Free
Q,Quarterly,KR,Korea,H,Households & NPISHs,A,All sectors,M,Market value,770,Percentage of GDP,A,Adjusted for breaks,E,End of period,1,One,0,Units,367,Per cent,Korea - Credit to Households and NPISHs from All sectors at Market value - Percentage of GDP - Adjusted for breaks,2016-Q4,82.9,A,Normal value,,F,Free
Q,Quarterly,KR,Korea,H,Households & NPISHs,A,All sectors,M,Market value,770,Percentage of GDP,A,Adjusted for breaks,E,End of period,1,One,0,Units,367,Per cent,Korea - Credit to Households and NPISHs from All sectors at Market value - Percentage of GDP - Adjusted for breaks,2017-Q1,82.9,A,Normal value,,F,Free
Q,Quarterly,KR,Korea,H,Households & NPISHs,A,All sectors,M,Market value,770,Percentage of GDP,A,Adjusted for breaks,E,End of period,1,One,0,Units,367,Per cent,Korea - Credit to Households and NPISHs from All sectors at Market value - Percentage of GDP - Adjusted for breaks,2017-Q2,83.6,A,Normal value,,F,Free
Q,Quarterly,KR,Korea,H,Households & NPISHs,A,All sectors,M,Market value,770,Percentage of GDP,A,Adjusted for breaks,E,End of period,1,One,0,Units,367,Per cent,Korea - Credit to Households and NPISHs from All sectors at Market value - Percentage of GDP - Adjusted for breaks,2017-Q3,84.1,A,Normal value,,F,Free
Q,Quarterly,KR,Korea,H,Households & NPISHs,A,All sectors,M,Market value,770,Percentage of GDP,A,Adjusted for breaks,E,End of period,1,One,0,Units,367,Per cent,Korea - Credit to Households and NPISHs from All sectors at Market value - Percentage of GDP - Adjusted for breaks,2017-Q4,84.8,A,Normal value,,F,Free
Q,Quarterly,KR,Korea,H,Households & NPISHs,A,All sectors,M,Market value,770,Percentage of GDP,A,Adjusted for breaks,E,End of period,1,One,0,Units,367,Per cent,Korea - Credit to Households and NPISHs from All sectors at Market value - Percentage of GDP - Adjusted for breaks,2018-Q1,85.1,A,Normal value,,F,Free
Q,Quarterly,KR,Korea,H,Households & NPISHs,A,All sectors,M,Market value,770,Percentage of GDP,A,Adjusted for breaks,E,End of period,1,One,0,Units,367,Per cent,Korea - Credit to Households and NPISHs from All sectors at Market value - Percentage of GDP - Adjusted for breaks,2018-Q2,85.5,A,Normal value,,F,Free
Q,Quarterly,KR,Korea,H,Households & NPISHs,A,All sectors,M,Market value,770,Percentage of GDP,A,Adjusted for breaks,E,End of period,1,One,0,Units,367,Per cent,Korea - Credit to Households and NPISHs from All sectors at Market value - Percentage of GDP - Adjusted for breaks,2018-Q3,86.2,A,Normal value,,F,Free
Q,Quarterly,KR,Korea,H,Households & NPISHs,A,All sectors,M,Market value,770,Percentage of GDP,A,Adjusted for breaks,E,End of period,1,One,0,Units,367,Per cent,Korea - Credit to Households and NPISHs from All sectors at Market value - Percentage of GDP - Adjusted for breaks,2018-Q4,86.8,A,Normal value,,F,Free
Q,Quarterly,KR,Korea,H,Households & NPISHs,A,All sectors,M,Market value,770,Percentage of GDP,A,Adjusted for breaks,E,End of period,1,One,0,Units,367,Per cent,Korea - Credit to Households and NPISHs from All sectors at Market value - Percentage of GDP - Adjusted for breaks,2019-Q1,86.7,A,Normal value,,F,Free
Q,Quarterly,KR,Korea,H,Households & NPISHs,A,All sectors,M,Market value,770,Percentage of GDP,A,Adjusted for breaks,E,End of period,1,One,0,Units,367,Per cent,Korea - Credit to Households and NPISHs from All sectors at Market value - Percentage of GDP - Adjusted for breaks,2019-Q2,87.3,A,Normal value,,F,Free
Q,Quarterly,KR,Korea,H,Households & NPISHs,A,All sectors,M,Market value,770,Percentage of GDP,A,Adjusted for breaks,E,End of period,1,One,0,Units,367,Per cent,Korea - Credit to Households and NPISHs from All sectors at Market value - Percentage of GDP - Adjusted for breaks,2019-Q3,88.3,A,Normal value,,F,Free
Q,Quarterly,KR,Korea,H,Households & NPISHs,A,All sectors,M,Market value,770,Percentage of GDP,A,Adjusted for breaks,E,End of period,1,One,0,Units,367,Per cent,Korea - Credit to Households and NPISHs from All sectors at Market value - Percentage of GDP - Adjusted for breaks,2019-Q4,89.6,A,Normal value,,F,Free
Q,Quarterly,KR,Korea,H,Households & NPISHs,A,All sectors,M,Market value,770,Percentage of GDP,A,Adjusted for breaks,E,End of period,1,One,0,Units,367,Per cent,Korea - Credit to Households and NPISHs from All sectors at Market value - Percentage of GDP - Adjusted for breaks,2020-Q1,90.1,A,Normal value,,F,Free
Q,Quarterly,KR,Korea,H,Households & NPISHs,A,All sectors,M,Market value,770,Percentage of GDP,A,Adjusted for breaks,E,End of period,1,One,0,Units,367,Per cent,Korea - Credit to Households and NPISHs from All sectors at Market value - Percentage of GDP - Adjusted for breaks,2020-Q2,92.5,A,Normal value,,F,Free
Q,Quarterly,KR,Korea,H,Households & NPISHs,A,All sectors,M,Market value,770,Percentage of GDP,A,Adjusted for breaks,E,End of period,1,One,0,Units,367,Per cent,Korea - Credit to Households and NPISHs from All sectors at Market value - Percentage of GDP - Adjusted for breaks,2020-Q3,94.7,A,Normal value,,F,Free
Q,Quarterly,KR,Korea,H,Households & NPISHs,A,All sectors,M,Market value,770,Percentage of GDP,A,Adjusted for breaks,E,End of period,1,One,0,Units,367,Per cent,Korea - Credit to Households and NPISHs from All sectors at Market value - Percentage of GDP - Adjusted for breaks,2020-Q4,97.1,A,Normal value,,F,Free
Q,Quarterly,KR,Korea,H,Households & NPISHs,A,All sectors,M,Market value,770,Percentage of GDP,A,Adjusted for breaks,E,End of period,1,One,0,Units,367,Per cent,Korea - Credit to Households and NPISHs from All sectors at Market value - Percentage of GDP - Adjusted for breaks,2021-Q1,98.3,A,Normal value,,F,Free
Q,Quarterly,KR,Korea,H,Households & NPISHs,A,All sectors,M,Market value,770,Percentage of GDP,A,Adjusted for breaks,E,End of period,1,One,0,Units,367,Per cent,Korea - Credit to Households and NPISHs from All sectors at Market value - Percentage of GDP - Adjusted for breaks,2021-Q2,98.7,A,Normal value,,F,Free
Q,Quarterly,KR,Korea,H,Households & NPISHs,A,All sectors,M,Market value,770,Percentage of GDP,A,Adjusted for breaks,E,End of period,1,One,0,Units,367,Per cent,Korea - Credit to Households and NPISHs from All sectors at Market value - Percentage of GDP - Adjusted for breaks,2021-Q3,99.1,A,Normal value,,F,Free
Q,Quarterly,KR,Korea,H,Households & NPISHs,A,All sectors,M,Market value,770,Percentage of GDP,A,Adjusted for breaks,E,End of period,1,One,0,Units,367,Per cent,Korea - Credit to Households and NPISHs from All sectors at Market value - Percentage of GDP - Adjusted for breaks,2021-Q4,98.6,A,Normal value,,F,Free
Q,Quarterly,KR,Korea,H,Households & NPISHs,A,All sectors,M,Market value,770,Percentage of GDP,A,Adjusted for breaks,E,End of period,1,One,0,Units,367,Per cent,Korea - Credit to Households and NPISHs from All sectors at Market value - Percentage of GDP - Adjusted for breaks,2022-Q1,97.8,A,Normal value,,F,Free
Q,Quarterly,KR,Korea,H,Households & NPISHs,A,All sectors,M,Market value,770,Percentage of GDP,A,Adjusted for breaks,E,End of period,1,One,0,Units,367,Per cent,Korea - Credit to Households and NPISHs from All sectors at Market value - Percentage of GDP - Adjusted for breaks,2022-Q2,97.7,A,Normal value,,F,Free
Q,Quarterly,KR,Korea,H,Households & NPISHs,A,All sectors,M,Market value,770,Percentage of GDP,A,Adjusted for breaks,E,End of period,1,One,0,Units,367,Per cent,Korea - Credit to Households and NPISHs from All sectors at Market value - Percentage of GDP - Adjusted for breaks,2022-Q3,97.3,A,Normal value,,F,Free
Q,Quarterly,KR,Korea,H,Households & NPISHs,A,All sectors,M,Market value,770,Percentage of GDP,A,Adjusted for breaks,E,End of period,1,One,0,Units,367,Per cent,Korea - Credit to Households and NPISHs from All sectors at Market value - Percentage of GDP - Adjusted for breaks,2022-Q4,97.1,A,Normal value,,F,Free
Q,Quarterly,KR,Korea,H,Households & NPISHs,A,All sectors,M,Market value,770,Percentage of GDP,A,Adjusted for breaks,E,End of period,1,One,0,Units,367,Per cent,Korea - Credit to Households and NPISHs from All sectors at Market value - Percentage of GDP - Adjusted for breaks,2023-Q1,94.0,A,Normal value,,F,Free
Q,Quarterly,KR,Korea,H,Households & NPISHs,A,All sectors,M,Market value,770,Percentage of GDP,A,Adjusted for breaks,E,End of period,1,One,0,Units,367,Per cent,Korea - Credit to Households and NPISHs from All sectors at Market value - Percentage of GDP - Adjusted for breaks,2023-Q2,94.1,A,Normal value,,F,Free
Q,Quarterly,KR,Korea,H,Households & NPISHs,A,All sectors,M,Market value,770,Percentage of GDP,A,Adjusted for breaks,E,End of period,1,One,0,Units,367,Per cent,Korea - Credit to Households and NPISHs from All sectors at Market value - Percentage of GDP - Adjusted for breaks,2023-Q3,94.1,A,Normal value,,F,Free
Q,Quarterly,KR,Korea,H,Households & NPISHs,A,All sectors,M,Market value,770,Percentage of GDP,A,Adjusted for breaks,E,End of period,1,One,0,Units,367,Per cent,Korea - Credit to Households and NPISHs from All sectors at Market value - Percentage of GDP - Adjusted for breaks,2023-Q4,93.0,A,Normal value,,F,Free
Q,Quarterly,KR,Korea,H,Households & NPISHs,A,All sectors,M,Market value,770,Percentage of GDP,A,Adjusted for breaks,E,End of period,1,One,0,Units,367,Per cent,Korea - Credit to Households and NPISHs from All sectors at Market value - Percentage of GDP - Adjusted for breaks,2024-Q1,91.2,A,Normal value,,F,Free
Q,Quarterly,KR,Korea,H,Households & NPISHs,A,All sectors,M,Market value,770,Percentage of GDP,A,Adjusted for breaks,E,End of period,1,One,0,Units,367,Per cent,Korea - Credit to Households and NPISHs from All sectors at Market value - Percentage of GDP - Adjusted for breaks,2024-Q2,90.2,A,Normal value,,F,Free
Q,Quarterly,KR,Korea,H,Households & NPISHs,A,All sectors,M,Market value,770,Percentage of GDP,A,Adjusted for breaks,E,End of period,1,One,0,Units,367,Per cent,Korea - Credit to Households and NPISHs from All sectors at Market value - Percentage of GDP - Adjusted for breaks,2024-Q3,89.9,A,Normal value,,F,Free
Q,Quarterly,KR,Korea,H,Households & NPISHs,A,All sectors,M,Market value,770,Percentage of GDP,A,Adjusted for breaks,E,End of period,1,One,0,Units,367,Per cent,Korea - Credit to Households and NPISHs from All sectors at Market value - Percentage of GDP - Adjusted for breaks,2024-Q4,89.4,A,Normal value,,F,Free
Q,Quarterly,KR,Korea,H,Households & NPISHs,A,All sectors,M,Market value,770,Percentage of GDP,A,Adjusted for breaks,E,End of period,1,One,0,Units,367,Per cent,Korea - Credit to Households and NPISHs from All sectors at Market value - Percentage of GDP - Adjusted for breaks,2025-Q1,89.1,A,Normal value,,F,Free
Q,Quarterly,KR,Korea,H,Households & NPISHs,A,All sectors,M,Market value,770,Percentage of GDP,A,Adjusted for breaks,E,End of period,1,One,0,Units,367,Per cent,Korea - Credit to Households and NPISHs from All sectors at Market value - Percentage of GDP - Adjusted for breaks,2025-Q2,89.4,A,Normal value,,F,Free
Q,Quarterly,KR,Korea,H,Households & NPISHs,A,All sectors,M,Market value,770,Percentage of GDP,A,Adjusted for breaks,E,End of period,1,One,0,Units,367,Per cent,Korea - Credit to Households and NPISHs from All sectors at Market value - Percentage of GDP - Adjusted for breaks,2025-Q3,88.9,A,Normal value,,F,Free
Q,Quarterly,KR,Korea,H,Households & NPISHs,A,All sectors,M,Market value,770,Percentage of GDP,A,Adjusted for breaks,E,End of period,1,One,0,Units,367,Per cent,Korea - Credit to Households and NPISHs from All sectors at Market value - Percentage of GDP - Adjusted for breaks,2025-Q4,88.1,A,Normal value,,F,Free
Q,Quarterly,TH,Thailand,N,Non-financial corporations,A,All sectors,M,Market value,770,Percentage of GDP,A,Adjusted for breaks,E,End of period,1,One,0,Units,367,Per cent,Thailand - Credit to Non-financial corporations from All sectors at Market value - Percentage of GDP - Adjusted for breaks,2016-Q1,80.3,A,Normal value,,F,Free
Q,Quarterly,TH,Thailand,N,Non-financial corporations,A,All sectors,M,Market value,770,Percentage of GDP,A,Adjusted for breaks,E,End of period,1,One,0,Units,367,Per cent,Thailand - Credit to Non-financial corporations from All sectors at Market value - Percentage of GDP - Adjusted for breaks,2016-Q2,80.2,A,Normal value,,F,Free
Q,Quarterly,TH,Thailand,N,Non-financial corporations,A,All sectors,M,Market value,770,Percentage of GDP,A,Adjusted for breaks,E,End of period,1,One,0,Units,367,Per cent,Thailand - Credit to Non-financial corporations from All sectors at Market value - Percentage of GDP - Adjusted for breaks,2016-Q3,78.6,A,Normal value,,F,Free
Q,Quarterly,TH,Thailand,N,Non-financial corporations,A,All sectors,M,Market value,770,Percentage of GDP,A,Adjusted for breaks,E,End of period,1,One,0,Units,367,Per cent,Thailand - Credit to Non-financial corporations from All sectors at Market value - Percentage of GDP - Adjusted for breaks,2016-Q4,77.0,A,Normal value,,F,Free
Q,Quarterly,TH,Thailand,N,Non-financial corporations,A,All sectors,M,Market value,770,Percentage of GDP,A,Adjusted for breaks,E,End of period,1,One,0,Units,367,Per cent,Thailand - Credit to Non-financial corporations from All sectors at Market value - Percentage of GDP - Adjusted for breaks,2017-Q1,76.0,A,Normal value,,F,Free
Q,Quarterly,TH,Thailand,N,Non-financial corporations,A,All sectors,M,Market value,770,Percentage of GDP,A,Adjusted for breaks,E,End of period,1,One,0,Units,367,Per cent,Thailand - Credit to Non-financial corporations from All sectors at Market value - Percentage of GDP - Adjusted for breaks,2017-Q2,76.5,A,Normal value,,F,Free
Q,Quarterly,TH,Thailand,N,Non-financial corporations,A,All sectors,M,Market value,770,Percentage of GDP,A,Adjusted for breaks,E,End of period,1,One,0,Units,367,Per cent,Thailand - Credit to Non-financial corporations from All sectors at Market value - Percentage of GDP - Adjusted for breaks,2017-Q3,74.8,A,Normal value,,F,Free
Q,Quarterly,TH,Thailand,N,Non-financial corporations,A,All sectors,M,Market value,770,Percentage of GDP,A,Adjusted for breaks,E,End of period,1,One,0,Units,367,Per cent,Thailand - Credit to Non-financial corporations from All sectors at Market value - Percentage of GDP - Adjusted for breaks,2017-Q4,74.8,A,Normal value,,F,Free
Q,Quarterly,TH,Thailand,N,Non-financial corporations,A,All sectors,M,Market value,770,Percentage of GDP,A,Adjusted for breaks,E,End of period,1,One,0,Units,367,Per cent,Thailand - Credit to Non-financial corporations from All sectors at Market value - Percentage of GDP - Adjusted for breaks,2018-Q1,74.2,A,Normal value,,F,Free
Q,Quarterly,TH,Thailand,N,Non-financial corporations,A,All sectors,M,Market value,770,Percentage of GDP,A,Adjusted for breaks,E,End of period,1,One,0,Units,367,Per cent,Thailand - Credit to Non-financial corporations from All sectors at Market value - Percentage of GDP - Adjusted for breaks,2018-Q2,75.1,A,Normal value,,F,Free
Q,Quarterly,TH,Thailand,N,Non-financial corporations,A,All sectors,M,Market value,770,Percentage of GDP,A,Adjusted for breaks,E,End of period,1,One,0,Units,367,Per cent,Thailand - Credit to Non-financial corporations from All sectors at Market value - Percentage of GDP - Adjusted for breaks,2018-Q3,74.9,A,Normal value,,F,Free
Q,Quarterly,TH,Thailand,N,Non-financial corporations,A,All sectors,M,Market value,770,Percentage of GDP,A,Adjusted for breaks,E,End of period,1,One,0,Units,367,Per cent,Thailand - Credit to Non-financial corporations from All sectors at Market value - Percentage of GDP - Adjusted for breaks,2018-Q4,75.6,A,Normal value,,F,Free
Q,Quarterly,TH,Thailand,N,Non-financial corporations,A,All sectors,M,Market value,770,Percentage of GDP,A,Adjusted for breaks,E,End of period,1,One,0,Units,367,Per cent,Thailand - Credit to Non-financial corporations from All sectors at Market value - Percentage of GDP - Adjusted for breaks,2019-Q1,75.5,A,Normal value,,F,Free
Q,Quarterly,TH,Thailand,N,Non-financial corporations,A,All sectors,M,Market value,770,Percentage of GDP,A,Adjusted for breaks,E,End of period,1,One,0,Units,367,Per cent,Thailand - Credit to Non-financial corporations from All sectors at Market value - Percentage of GDP - Adjusted for breaks,2019-Q2,75.3,A,Normal value,,F,Free
Q,Quarterly,TH,Thailand,N,Non-financial corporations,A,All sectors,M,Market value,770,Percentage of GDP,A,Adjusted for breaks,E,End of period,1,One,0,Units,367,Per cent,Thailand - Credit to Non-financial corporations from All sectors at Market value - Percentage of GDP - Adjusted for breaks,2019-Q3,74.3,A,Normal value,,F,Free
Q,Quarterly,TH,Thailand,N,Non-financial corporations,A,All sectors,M,Market value,770,Percentage of GDP,A,Adjusted for breaks,E,End of period,1,One,0,Units,367,Per cent,Thailand - Credit to Non-financial corporations from All sectors at Market value - Percentage of GDP - Adjusted for breaks,2019-Q4,74.7,A,Normal value,,F,Free
Q,Quarterly,TH,Thailand,N,Non-financial corporations,A,All sectors,M,Market value,770,Percentage of GDP,A,Adjusted for breaks,E,End of period,1,One,0,Units,367,Per cent,Thailand - Credit to Non-financial corporations from All sectors at Market value - Percentage of GDP - Adjusted for breaks,2020-Q1,77.7,A,Normal value,,F,Free
Q,Quarterly,TH,Thailand,N,Non-financial corporations,A,All sectors,M,Market value,770,Percentage of GDP,A,Adjusted for breaks,E,End of period,1,One,0,Units,367,Per cent,Thailand - Credit to Non-financial corporations from All sectors at Market value - Percentage of GDP - Adjusted for breaks,2020-Q2,81.1,A,Normal value,,F,Free
Q,Quarterly,TH,Thailand,N,Non-financial corporations,A,All sectors,M,Market value,770,Percentage of GDP,A,Adjusted for breaks,E,End of period,1,One,0,Units,367,Per cent,Thailand - Credit to Non-financial corporations from All sectors at Market value - Percentage of GDP - Adjusted for breaks,2020-Q3,83.2,A,Normal value,,F,Free
Q,Quarterly,TH,Thailand,N,Non-financial corporations,A,All sectors,M,Market value,770,Percentage of GDP,A,Adjusted for breaks,E,End of period,1,One,0,Units,367,Per cent,Thailand - Credit to Non-financial corporations from All sectors at Market value - Percentage of GDP - Adjusted for breaks,2020-Q4,85.6,A,Normal value,,F,Free
Q,Quarterly,TH,Thailand,N,Non-financial corporations,A,All sectors,M,Market value,770,Percentage of GDP,A,Adjusted for breaks,E,End of period,1,One,0,Units,367,Per cent,Thailand - Credit to Non-financial corporations from All sectors at Market value - Percentage of GDP - Adjusted for breaks,2021-Q1,87.3,A,Normal value,,F,Free
Q,Quarterly,TH,Thailand,N,Non-financial corporations,A,All sectors,M,Market value,770,Percentage of GDP,A,Adjusted for breaks,E,End of period,1,One,0,Units,367,Per cent,Thailand - Credit to Non-financial corporations from All sectors at Market value - Percentage of GDP - Adjusted for breaks,2021-Q2,86.3,A,Normal value,,F,Free
Q,Quarterly,TH,Thailand,N,Non-financial corporations,A,All sectors,M,Market value,770,Percentage of GDP,A,Adjusted for breaks,E,End of period,1,One,0,Units,367,Per cent,Thailand - Credit to Non-financial corporations from All sectors at Market value - Percentage of GDP - Adjusted for breaks,2021-Q3,88.6,A,Normal value,,F,Free
Q,Quarterly,TH,Thailand,N,Non-financial corporations,A,All sectors,M,Market value,770,Percentage of GDP,A,Adjusted for breaks,E,End of period,1,One,0,Units,367,Per cent,Thailand - Credit to Non-financial corporations from All sectors at Market value - Percentage of GDP - Adjusted for breaks,2021-Q4,88.5,A,Normal value,,F,Free
Q,Quarterly,TH,Thailand,N,Non-financial corporations,A,All sectors,M,Market value,770,Percentage of GDP,A,Adjusted for breaks,E,End of period,1,One,0,Units,367,Per cent,Thailand - Credit to Non-financial corporations from All sectors at Market value - Percentage of GDP - Adjusted for breaks,2022-Q1,88.6,A,Normal value,,F,Free
Q,Quarterly,TH,Thailand,N,Non-financial corporations,A,All sectors,M,Market value,770,Percentage of GDP,A,Adjusted for breaks,E,End of period,1,One,0,Units,367,Per cent,Thailand - Credit to Non-financial corporations from All sectors at Market value - Percentage of GDP - Adjusted for breaks,2022-Q2,88.5,A,Normal value,,F,Free
Q,Quarterly,TH,Thailand,N,Non-financial corporations,A,All sectors,M,Market value,770,Percentage of GDP,A,Adjusted for breaks,E,End of period,1,One,0,Units,367,Per cent,Thailand - Credit to Non-financial corporations from All sectors at Market value - Percentage of GDP - Adjusted for breaks,2022-Q3,87.6,A,Normal value,,F,Free
Q,Quarterly,TH,Thailand,N,Non-financial corporations,A,All sectors,M,Market value,770,Percentage of GDP,A,Adjusted for breaks,E,End of period,1,One,0,Units,367,Per cent,Thailand - Credit to Non-financial corporations from All sectors at Market value - Percentage of GDP - Adjusted for breaks,2022-Q4,86.1,A,Normal value,,F,Free
Q,Quarterly,TH,Thailand,N,Non-financial corporations,A,All sectors,M,Market value,770,Percentage of GDP,A,Adjusted for breaks,E,End of period,1,One,0,Units,367,Per cent,Thailand - Credit to Non-financial corporations from All sectors at Market value - Percentage of GDP - Adjusted for breaks,2023-Q1,85.7,A,Normal value,,F,Free
Q,Quarterly,TH,Thailand,N,Non-financial corporations,A,All sectors,M,Market value,770,Percentage of GDP,A,Adjusted for breaks,E,End of period,1,One,0,Units,367,Per cent,Thailand - Credit to Non-financial corporations from All sectors at Market value - Percentage of GDP - Adjusted for breaks,2023-Q2,85.9,A,Normal value,,F,Free
Q,Quarterly,TH,Thailand,N,Non-financial corporations,A,All sectors,M,Market value,770,Percentage of GDP,A,Adjusted for breaks,E,End of period,1,One,0,Units,367,Per cent,Thailand - Credit to Non-financial corporations from All sectors at Market value - Percentage of GDP - Adjusted for breaks,2023-Q3,85.8,A,Normal value,,F,Free
Q,Quarterly,TH,Thailand,N,Non-financial corporations,A,All sectors,M,Market value,770,Percentage of GDP,A,Adjusted for breaks,E,End of period,1,One,0,Units,367,Per cent,Thailand - Credit to Non-financial corporations from All sectors at Market value - Percentage of GDP - Adjusted for breaks,2023-Q4,85.5,A,Normal value,,F,Free
Q,Quarterly,TH,Thailand,N,Non-financial corporations,A,All sectors,M,Market value,770,Percentage of GDP,A,Adjusted for breaks,E,End of period,1,One,0,Units,367,Per cent,Thailand - Credit to Non-financial corporations from All sectors at Market value - Percentage of GDP - Adjusted for breaks,2024-Q1,85.6,A,Normal value,,F,Free
Q,Quarterly,TH,Thailand,N,Non-financial corporations,A,All sectors,M,Market value,770,Percentage of GDP,A,Adjusted for breaks,E,End of period,1,One,0,Units,367,Per cent,Thailand - Credit to Non-financial corporations from All sectors at Market value - Percentage of GDP - Adjusted for breaks,2024-Q2,84.3,A,Normal value,,F,Free
Q,Quarterly,TH,Thailand,N,Non-financial corporations,A,All sectors,M,Market value,770,Percentage of GDP,A,Adjusted for breaks,E,End of period,1,One,0,Units,367,Per cent,Thailand - Credit to Non-financial corporations from All sectors at Market value - Percentage of GDP - Adjusted for breaks,2024-Q3,82.0,A,Normal value,,F,Free
Q,Quarterly,TH,Thailand,N,Non-financial corporations,A,All sectors,M,Market value,770,Percentage of GDP,A,Adjusted for breaks,E,End of period,1,One,0,Units,367,Per cent,Thailand - Credit to Non-financial corporations from All sectors at Market value - Percentage of GDP - Adjusted for breaks,2024-Q4,81.8,A,Normal value,,F,Free
Q,Quarterly,TH,Thailand,N,Non-financial corporations,A,All sectors,M,Market value,770,Percentage of GDP,A,Adjusted for breaks,E,End of period,1,One,0,Units,367,Per cent,Thailand - Credit to Non-financial corporations from All sectors at Market value - Percentage of GDP - Adjusted for breaks,2025-Q1,81.2,A,Normal value,,F,Free
Q,Quarterly,TH,Thailand,N,Non-financial corporations,A,All sectors,M,Market value,770,Percentage of GDP,A,Adjusted for breaks,E,End of period,1,One,0,Units,367,Per cent,Thailand - Credit to Non-financial corporations from All sectors at Market value - Percentage of GDP - Adjusted for breaks,2025-Q2,75.3,A,Normal value,,F,Free
Q,Quarterly,TH,Thailand,N,Non-financial corporations,A,All sectors,M,Market value,770,Percentage of GDP,A,Adjusted for breaks,E,End of period,1,One,0,Units,367,Per cent,Thailand - Credit to Non-financial corporations from All sectors at Market value - Percentage of GDP - Adjusted for breaks,2025-Q3,78.8,A,Normal value,,F,Free
Q,Quarterly,TH,Thailand,N,Non-financial corporations,A,All sectors,M,Market value,770,Percentage of GDP,A,Adjusted for breaks,E,End of period,1,One,0,Units,367,Per cent,Thailand - Credit to Non-financial corporations from All sectors at Market value - Percentage of GDP - Adjusted for breaks,2025-Q4,68.8,A,Normal value,,F,Free
Q,Quarterly,KR,Korea,P,Private non-financial sector,A,All sectors,M,Market value,770,Percentage of GDP,A,Adjusted for breaks,E,End of period,1,One,0,Units,367,Per cent,Korea - Credit to Private non-financial sector from All sectors at Market value - Percentage of GDP - Adjusted for breaks,2016-Q1,172.0,A,Normal value,,F,Free
Q,Quarterly,KR,Korea,P,Private non-financial sector,A,All sectors,M,Market value,770,Percentage of GDP,A,Adjusted for breaks,E,End of period,1,One,0,Units,367,Per cent,Korea - Credit to Private non-financial sector from All sectors at Market value - Percentage of GDP - Adjusted for breaks,2016-Q2,172.3,A,Normal value,,F,Free
Q,Quarterly,KR,Korea,P,Private non-financial sector,A,All sectors,M,Market value,770,Percentage of GDP,A,Adjusted for breaks,E,End of period,1,One,0,Units,367,Per cent,Korea - Credit to Private non-financial sector from All sectors at Market value - Percentage of GDP - Adjusted for breaks,2016-Q3,172.2,A,Normal value,,F,Free
Q,Quarterly,KR,Korea,P,Private non-financial sector,A,All sectors,M,Market value,770,Percentage of GDP,A,Adjusted for breaks,E,End of period,1,One,0,Units,367,Per cent,Korea - Credit to Private non-financial sector from All sectors at Market value - Percentage of GDP - Adjusted for breaks,2016-Q4,172.6,A,Normal value,,F,Free
Q,Quarterly,KR,Korea,P,Private non-financial sector,A,All sectors,M,Market value,770,Percentage of GDP,A,Adjusted for breaks,E,End of period,1,One,0,Units,367,Per cent,Korea - Credit to Private non-financial sector from All sectors at Market value - Percentage of GDP - Adjusted for breaks,2017-Q1,172.0,A,Normal value,,F,Free
Q,Quarterly,KR,Korea,P,Private non-financial sector,A,All sectors,M,Market value,770,Percentage of GDP,A,Adjusted for breaks,E,End of period,1,One,0,Units,367,Per cent,Korea - Credit to Private non-financial sector from All sectors at Market value - Percentage of GDP - Adjusted for breaks,2017-Q2,173.3,A,Normal value,,F,Free
Q,Quarterly,KR,Korea,P,Private non-financial sector,A,All sectors,M,Market value,770,Percentage of GDP,A,Adjusted for breaks,E,End of period,1,One,0,Units,367,Per cent,Korea - Credit to Private non-financial sector from All sectors at Market value - Percentage of GDP - Adjusted for breaks,2017-Q3,173.1,A,Normal value,,F,Free
Q,Quarterly,KR,Korea,P,Private non-financial sector,A,All sectors,M,Market value,770,Percentage of GDP,A,Adjusted for breaks,E,End of period,1,One,0,Units,367,Per cent,Korea - Credit to Private non-financial sector from All sectors at Market value - Percentage of GDP - Adjusted for breaks,2017-Q4,172.6,A,Normal value,,F,Free
Q,Quarterly,KR,Korea,P,Private non-financial sector,A,All sectors,M,Market value,770,Percentage of GDP,A,Adjusted for breaks,E,End of period,1,One,0,Units,367,Per cent,Korea - Credit to Private non-financial sector from All sectors at Market value - Percentage of GDP - Adjusted for breaks,2018-Q1,173.4,A,Normal value,,F,Free
Q,Quarterly,KR,Korea,P,Private non-financial sector,A,All sectors,M,Market value,770,Percentage of GDP,A,Adjusted for breaks,E,End of period,1,One,0,Units,367,Per cent,Korea - Credit to Private non-financial sector from All sectors at Market value - Percentage of GDP - Adjusted for breaks,2018-Q2,174.4,A,Normal value,,F,Free
Q,Quarterly,KR,Korea,P,Private non-financial sector,A,All sectors,M,Market value,770,Percentage of GDP,A,Adjusted for breaks,E,End of period,1,One,0,Units,367,Per cent,Korea - Credit to Private non-financial sector from All sectors at Market value - Percentage of GDP - Adjusted for breaks,2018-Q3,176.2,A,Normal value,,F,Free
Q,Quarterly,KR,Korea,P,Private non-financial sector,A,All sectors,M,Market value,770,Percentage of GDP,A,Adjusted for breaks,E,End of period,1,One,0,Units,367,Per cent,Korea - Credit to Private non-financial sector from All sectors at Market value - Percentage of GDP - Adjusted for breaks,2018-Q4,177.2,A,Normal value,,F,Free
Q,Quarterly,KR,Korea,P,Private non-financial sector,A,All sectors,M,Market value,770,Percentage of GDP,A,Adjusted for breaks,E,End of period,1,One,0,Units,367,Per cent,Korea - Credit to Private non-financial sector from All sectors at Market value - Percentage of GDP - Adjusted for breaks,2019-Q1,178.4,A,Normal value,,F,Free
Q,Quarterly,KR,Korea,P,Private non-financial sector,A,All sectors,M,Market value,770,Percentage of GDP,A,Adjusted for breaks,E,End of period,1,One,0,Units,367,Per cent,Korea - Credit to Private non-financial sector from All sectors at Market value - Percentage of GDP - Adjusted for breaks,2019-Q2,180.9,A,Normal value,,F,Free
Q,Quarterly,KR,Korea,P,Private non-financial sector,A,All sectors,M,Market value,770,Percentage of GDP,A,Adjusted for breaks,E,End of period,1,One,0,Units,367,Per cent,Korea - Credit to Private non-financial sector from All sectors at Market value - Percentage of GDP - Adjusted for breaks,2019-Q3,183.1,A,Normal value,,F,Free
Q,Quarterly,KR,Korea,P,Private non-financial sector,A,All sectors,M,Market value,770,Percentage of GDP,A,Adjusted for breaks,E,End of period,1,One,0,Units,367,Per cent,Korea - Credit to Private non-financial sector from All sectors at Market value - Percentage of GDP - Adjusted for breaks,2019-Q4,185.1,A,Normal value,,F,Free
Q,Quarterly,KR,Korea,P,Private non-financial sector,A,All sectors,M,Market value,770,Percentage of GDP,A,Adjusted for breaks,E,End of period,1,One,0,Units,367,Per cent,Korea - Credit to Private non-financial sector from All sectors at Market value - Percentage of GDP - Adjusted for breaks,2020-Q1,188.6,A,Normal value,,F,Free
Q,Quarterly,KR,Korea,P,Private non-financial sector,A,All sectors,M,Market value,770,Percentage of GDP,A,Adjusted for breaks,E,End of period,1,One,0,Units,367,Per cent,Korea - Credit to Private non-financial sector from All sectors at Market value - Percentage of GDP - Adjusted for breaks,2020-Q2,194.0,A,Normal value,,F,Free
Q,Quarterly,KR,Korea,P,Private non-financial sector,A,All sectors,M,Market value,770,Percentage of GDP,A,Adjusted for breaks,E,End of period,1,One,0,Units,367,Per cent,Korea - Credit to Private non-financial sector from All sectors at Market value - Percentage of GDP - Adjusted for breaks,2020-Q3,198.1,A,Normal value,,F,Free
Q,Quarterly,KR,Korea,P,Private non-financial sector,A,All sectors,M,Market value,770,Percentage of GDP,A,Adjusted for breaks,E,End of period,1,One,0,Units,367,Per cent,Korea - Credit to Private non-financial sector from All sectors at Market value - Percentage of GDP - Adjusted for breaks,2020-Q4,200.6,A,Normal value,,F,Free
Q,Quarterly,KR,Korea,P,Private non-financial sector,A,All sectors,M,Market value,770,Percentage of GDP,A,Adjusted for breaks,E,End of period,1,One,0,Units,367,Per cent,Korea - Credit to Private non-financial sector from All sectors at Market value - Percentage of GDP - Adjusted for breaks,2021-Q1,202.7,A,Normal value,,F,Free
Q,Quarterly,KR,Korea,P,Private non-financial sector,A,All sectors,M,Market value,770,Percentage of GDP,A,Adjusted for breaks,E,End of period,1,One,0,Units,367,Per cent,Korea - Credit to Private non-financial sector from All sectors at Market value - Percentage of GDP - Adjusted for breaks,2021-Q2,203.9,A,Normal value,,F,Free
Q,Quarterly,KR,Korea,P,Private non-financial sector,A,All sectors,M,Market value,770,Percentage of GDP,A,Adjusted for breaks,E,End of period,1,One,0,Units,367,Per cent,Korea - Credit to Private non-financial sector from All sectors at Market value - Percentage of GDP - Adjusted for breaks,2021-Q3,205.2,A,Normal value,,F,Free
Q,Quarterly,KR,Korea,P,Private non-financial sector,A,All sectors,M,Market value,770,Percentage of GDP,A,Adjusted for breaks,E,End of period,1,One,0,Units,367,Per cent,Korea - Credit to Private non-financial sector from All sectors at Market value - Percentage of GDP - Adjusted for breaks,2021-Q4,205.4,A,Normal value,,F,Free
Q,Quarterly,KR,Korea,P,Private non-financial sector,A,All sectors,M,Market value,770,Percentage of GDP,A,Adjusted for breaks,E,End of period,1,One,0,Units,367,Per cent,Korea - Credit to Private non-financial sector from All sectors at Market value - Percentage of GDP - Adjusted for breaks,2022-Q1,204.5,A,Normal value,,F,Free
Q,Quarterly,KR,Korea,P,Private non-financial sector,A,All sectors,M,Market value,770,Percentage of GDP,A,Adjusted for breaks,E,End of period,1,One,0,Units,367,Per cent,Korea - Credit to Private non-financial sector from All sectors at Market value - Percentage of GDP - Adjusted for breaks,2022-Q2,205.8,A,Normal value,,F,Free
Q,Quarterly,KR,Korea,P,Private non-financial sector,A,All sectors,M,Market value,770,Percentage of GDP,A,Adjusted for breaks,E,End of period,1,One,0,Units,367,Per cent,Korea - Credit to Private non-financial sector from All sectors at Market value - Percentage of GDP - Adjusted for breaks,2022-Q3,207.8,A,Normal value,,F,Free
Q,Quarterly,KR,Korea,P,Private non-financial sector,A,All sectors,M,Market value,770,Percentage of GDP,A,Adjusted for breaks,E,End of period,1,One,0,Units,367,Per cent,Korea - Credit to Private non-financial sector from All sectors at Market value - Percentage of GDP - Adjusted for breaks,2022-Q4,208.6,A,Normal value,,F,Free
Q,Quarterly,KR,Korea,P,Private non-financial sector,A,All sectors,M,Market value,770,Percentage of GDP,A,Adjusted for breaks,E,End of period,1,One,0,Units,367,Per cent,Korea - Credit to Private non-financial sector from All sectors at Market value - Percentage of GDP - Adjusted for breaks,2023-Q1,208.2,A,Normal value,,F,Free
Q,Quarterly,KR,Korea,P,Private non-financial sector,A,All sectors,M,Market value,770,Percentage of GDP,A,Adjusted for breaks,E,End of period,1,One,0,Units,367,Per cent,Korea - Credit to Private non-financial sector from All sectors at Market value - Percentage of GDP - Adjusted for breaks,2023-Q2,208.4,A,Normal value,,F,Free
Q,Quarterly,KR,Korea,P,Private non-financial sector,A,All sectors,M,Market value,770,Percentage of GDP,A,Adjusted for breaks,E,End of period,1,One,0,Units,367,Per cent,Korea - Credit to Private non-financial sector from All sectors at Market value - Percentage of GDP - Adjusted for breaks,2023-Q3,208.8,A,Normal value,,F,Free
Q,Quarterly,KR,Korea,P,Private non-financial sector,A,All sectors,M,Market value,770,Percentage of GDP,A,Adjusted for breaks,E,End of period,1,One,0,Units,367,Per cent,Korea - Credit to Private non-financial sector from All sectors at Market value - Percentage of GDP - Adjusted for breaks,2023-Q4,206.0,A,Normal value,,F,Free
Q,Quarterly,KR,Korea,P,Private non-financial sector,A,All sectors,M,Market value,770,Percentage of GDP,A,Adjusted for breaks,E,End of period,1,One,0,Units,367,Per cent,Korea - Credit to Private non-financial sector from All sectors at Market value - Percentage of GDP - Adjusted for breaks,2024-Q1,203.3,A,Normal value,,F,Free
Q,Quarterly,KR,Korea,P,Private non-financial sector,A,All sectors,M,Market value,770,Percentage of GDP,A,Adjusted for breaks,E,End of period,1,One,0,Units,367,Per cent,Korea - Credit to Private non-financial sector from All sectors at Market value - Percentage of GDP - Adjusted for breaks,2024-Q2,201.6,A,Normal value,,F,Free
Q,Quarterly,KR,Korea,P,Private non-financial sector,A,All sectors,M,Market value,770,Percentage of GDP,A,Adjusted for breaks,E,End of period,1,One,0,Units,367,Per cent,Korea - Credit to Private non-financial sector from All sectors at Market value - Percentage of GDP - Adjusted for breaks,2024-Q3,200.7,A,Normal value,,F,Free
Q,Quarterly,KR,Korea,P,Private non-financial sector,A,All sectors,M,Market value,770,Percentage of GDP,A,Adjusted for breaks,E,End of period,1,One,0,Units,367,Per cent,Korea - Credit to Private non-financial sector from All sectors at Market value - Percentage of GDP - Adjusted for breaks,2024-Q4,199.8,A,Normal value,,F,Free
Q,Quarterly,KR,Korea,P,Private non-financial sector,A,All sectors,M,Market value,770,Percentage of GDP,A,Adjusted for breaks,E,End of period,1,One,0,Units,367,Per cent,Korea - Credit to Private non-financial sector from All sectors at Market value - Percentage of GDP - Adjusted for breaks,2025-Q1,200.0,A,Normal value,,F,Free
Q,Quarterly,KR,Korea,P,Private non-financial sector,A,All sectors,M,Market value,770,Percentage of GDP,A,Adjusted for breaks,E,End of period,1,One,0,Units,367,Per cent,Korea - Credit to Private non-financial sector from All sectors at Market value - Percentage of GDP - Adjusted for breaks,2025-Q2,199.7,A,Normal value,,F,Free
Q,Quarterly,KR,Korea,P,Private non-financial sector,A,All sectors,M,Market value,770,Percentage of GDP,A,Adjusted for breaks,E,End of period,1,One,0,Units,367,Per cent,Korea - Credit to Private non-financial sector from All sectors at Market value - Percentage of GDP - Adjusted for breaks,2025-Q3,199.4,A,Normal value,,F,Free
Q,Quarterly,KR,Korea,P,Private non-financial sector,A,All sectors,M,Market value,770,Percentage of GDP,A,Adjusted for breaks,E,End of period,1,One,0,Units,367,Per cent,Korea - Credit to Private non-financial sector from All sectors at Market value - Percentage of GDP - Adjusted for breaks,2025-Q4,198.0,A,Normal value,,F,Free
Q,Quarterly,HK,Hong Kong SAR,P,Private non-financial sector,A,All sectors,M,Market value,770,Percentage of GDP,A,Adjusted for breaks,E,End of period,1,One,0,Units,367,Per cent,Hong Kong SAR - Credit to Private non-financial sector from All sectors at Market value - Percentage of GDP - Adjusted for breaks,2016-Q1,295.8,A,Normal value,,F,Free
Q,Quarterly,HK,Hong Kong SAR,P,Private non-financial sector,A,All sectors,M,Market value,770,Percentage of GDP,A,Adjusted for breaks,E,End of period,1,One,0,Units,367,Per cent,Hong Kong SAR - Credit to Private non-financial sector from All sectors at Market value - Percentage of GDP - Adjusted for breaks,2016-Q2,300.9,A,Normal value,,F,Free
Q,Quarterly,HK,Hong Kong SAR,P,Private non-financial sector,A,All sectors,M,Market value,770,Percentage of GDP,A,Adjusted for breaks,E,End of period,1,One,0,Units,367,Per cent,Hong Kong SAR - Credit to Private non-financial sector from All sectors at Market value - Percentage of GDP - Adjusted for breaks,2016-Q3,301.8,A,Normal value,,F,Free
Q,Quarterly,HK,Hong Kong SAR,P,Private non-financial sector,A,All sectors,M,Market value,770,Percentage of GDP,A,Adjusted for breaks,E,End of period,1,One,0,Units,367,Per cent,Hong Kong SAR - Credit to Private non-financial sector from All sectors at Market value - Percentage of GDP - Adjusted for breaks,2016-Q4,306.5,A,Normal value,,F,Free
Q,Quarterly,HK,Hong Kong SAR,P,Private non-financial sector,A,All sectors,M,Market value,770,Percentage of GDP,A,Adjusted for breaks,E,End of period,1,One,0,Units,367,Per cent,Hong Kong SAR - Credit to Private non-financial sector from All sectors at Market value - Percentage of GDP - Adjusted for breaks,2017-Q1,316.9,A,Normal value,,F,Free
Q,Quarterly,HK,Hong Kong SAR,P,Private non-financial sector,A,All sectors,M,Market value,770,Percentage of GDP,A,Adjusted for breaks,E,End of period,1,One,0,Units,367,Per cent,Hong Kong SAR - Credit to Private non-financial sector from All sectors at Market value - Percentage of GDP - Adjusted for breaks,2017-Q2,331.1,A,Normal value,,F,Free
Q,Quarterly,HK,Hong Kong SAR,P,Private non-financial sector,A,All sectors,M,Market value,770,Percentage of GDP,A,Adjusted for breaks,E,End of period,1,One,0,Units,367,Per cent,Hong Kong SAR - Credit to Private non-financial sector from All sectors at Market value - Percentage of GDP - Adjusted for breaks,2017-Q3,335.1,A,Normal value,,F,Free
Q,Quarterly,HK,Hong Kong SAR,P,Private non-financial sector,A,All sectors,M,Market value,770,Percentage of GDP,A,Adjusted for breaks,E,End of period,1,One,0,Units,367,Per cent,Hong Kong SAR - Credit to Private non-financial sector from All sectors at Market value - Percentage of GDP - Adjusted for breaks,2017-Q4,343.4,A,Normal value,,F,Free
Q,Quarterly,HK,Hong Kong SAR,P,Private non-financial sector,A,All sectors,M,Market value,770,Percentage of GDP,A,Adjusted for breaks,E,End of period,1,One,0,Units,367,Per cent,Hong Kong SAR - Credit to Private non-financial sector from All sectors at Market value - Percentage of GDP - Adjusted for breaks,2018-Q1,349.5,A,Normal value,,F,Free
Q,Quarterly,HK,Hong Kong SAR,P,Private non-financial sector,A,All sectors,M,Market value,770,Percentage of GDP,A,Adjusted for breaks,E,End of period,1,One,0,Units,367,Per cent,Hong Kong SAR - Credit to Private non-financial sector from All sectors at Market value - Percentage of GDP - Adjusted for breaks,2018-Q2,345.4,A,Normal value,,F,Free
Q,Quarterly,HK,Hong Kong SAR,P,Private non-financial sector,A,All sectors,M,Market value,770,Percentage of GDP,A,Adjusted for breaks,E,End of period,1,One,0,Units,367,Per cent,Hong Kong SAR - Credit to Private non-financial sector from All sectors at Market value - Percentage of GDP - Adjusted for breaks,2018-Q3,332.9,A,Normal value,,F,Free
Q,Quarterly,HK,Hong Kong SAR,P,Private non-financial sector,A,All sectors,M,Market value,770,Percentage of GDP,A,Adjusted for breaks,E,End of period,1,One,0,Units,367,Per cent,Hong Kong SAR - Credit to Private non-financial sector from All sectors at Market value - Percentage of GDP - Adjusted for breaks,2018-Q4,335.4,A,Normal value,,F,Free
Q,Quarterly,HK,Hong Kong SAR,P,Private non-financial sector,A,All sectors,M,Market value,770,Percentage of GDP,A,Adjusted for breaks,E,End of period,1,One,0,Units,367,Per cent,Hong Kong SAR - Credit to Private non-financial sector from All sectors at Market value - Percentage of GDP - Adjusted for breaks,2019-Q1,335.9,A,Normal value,,F,Free
Q,Quarterly,HK,Hong Kong SAR,P,Private non-financial sector,A,All sectors,M,Market value,770,Percentage of GDP,A,Adjusted for breaks,E,End of period,1,One,0,Units,367,Per cent,Hong Kong SAR - Credit to Private non-financial sector from All sectors at Market value - Percentage of GDP - Adjusted for breaks,2019-Q2,341.6,A,Normal value,,F,Free
Q,Quarterly,HK,Hong Kong SAR,P,Private non-financial sector,A,All sectors,M,Market value,770,Percentage of GDP,A,Adjusted for breaks,E,End of period,1,One,0,Units,367,Per cent,Hong Kong SAR - Credit to Private non-financial sector from All sectors at Market value - Percentage of GDP - Adjusted for breaks,2019-Q3,346.3,A,Normal value,,F,Free
Q,Quarterly,HK,Hong Kong SAR,P,Private non-financial sector,A,All sectors,M,Market value,770,Percentage of GDP,A,Adjusted for breaks,E,End of period,1,One,0,Units,367,Per cent,Hong Kong SAR - Credit to Private non-financial sector from All sectors at Market value - Percentage of GDP - Adjusted for breaks,2019-Q4,349.3,A,Normal value,,F,Free
Q,Quarterly,HK,Hong Kong SAR,P,Private non-financial sector,A,All sectors,M,Market value,770,Percentage of GDP,A,Adjusted for breaks,E,End of period,1,One,0,Units,367,Per cent,Hong Kong SAR - Credit to Private non-financial sector from All sectors at Market value - Percentage of GDP - Adjusted for breaks,2020-Q1,367.9,A,Normal value,,F,Free
Q,Quarterly,HK,Hong Kong SAR,P,Private non-financial sector,A,All sectors,M,Market value,770,Percentage of GDP,A,Adjusted for breaks,E,End of period,1,One,0,Units,367,Per cent,Hong Kong SAR - Credit to Private non-financial sector from All sectors at Market value - Percentage of GDP - Adjusted for breaks,2020-Q2,372.8,A,Normal value,,F,Free
Q,Quarterly,HK,Hong Kong SAR,P,Private non-financial sector,A,All sectors,M,Market value,770,Percentage of GDP,A,Adjusted for breaks,E,End of period,1,One,0,Units,367,Per cent,Hong Kong SAR - Credit to Private non-financial sector from All sectors at Market value - Percentage of GDP - Adjusted for breaks,2020-Q3,392.3,A,Normal value,,F,Free
Q,Quarterly,HK,Hong Kong SAR,P,Private non-financial sector,A,All sectors,M,Market value,770,Percentage of GDP,A,Adjusted for breaks,E,End of period,1,One,0,Units,367,Per cent,Hong Kong SAR - Credit to Private non-financial sector from All sectors at Market value - Percentage of GDP - Adjusted for breaks,2020-Q4,383.9,A,Normal value,,F,Free
Q,Quarterly,HK,Hong Kong SAR,P,Private non-financial sector,A,All sectors,M,Market value,770,Percentage of GDP,A,Adjusted for breaks,E,End of period,1,One,0,Units,367,Per cent,Hong Kong SAR - Credit to Private non-financial sector from All sectors at Market value - Percentage of GDP - Adjusted for breaks,2021-Q1,388.6,A,Normal value,,F,Free
Q,Quarterly,HK,Hong Kong SAR,P,Private non-financial sector,A,All sectors,M,Market value,770,Percentage of GDP,A,Adjusted for breaks,E,End of period,1,One,0,Units,367,Per cent,Hong Kong SAR - Credit to Private non-financial sector from All sectors at Market value - Percentage of GDP - Adjusted for breaks,2021-Q2,396.6,A,Normal value,,F,Free
Q,Quarterly,HK,Hong Kong SAR,P,Private non-financial sector,A,All sectors,M,Market value,770,Percentage of GDP,A,Adjusted for breaks,E,End of period,1,One,0,Units,367,Per cent,Hong Kong SAR - Credit to Private non-financial sector from All sectors at Market value - Percentage of GDP - Adjusted for breaks,2021-Q3,380.8,A,Normal value,,F,Free
Q,Quarterly,HK,Hong Kong SAR,P,Private non-financial sector,A,All sectors,M,Market value,770,Percentage of GDP,A,Adjusted for breaks,E,End of period,1,One,0,Units,367,Per cent,Hong Kong SAR - Credit to Private non-financial sector from All sectors at Market value - Percentage of GDP - Adjusted for breaks,2021-Q4,368.5,A,Normal value,,F,Free
Q,Quarterly,HK,Hong Kong SAR,P,Private non-financial sector,A,All sectors,M,Market value,770,Percentage of GDP,A,Adjusted for breaks,E,End of period,1,One,0,Units,367,Per cent,Hong Kong SAR - Credit to Private non-financial sector from All sectors at Market value - Percentage of GDP - Adjusted for breaks,2022-Q1,381.1,A,Normal value,,F,Free
Q,Quarterly,HK,Hong Kong SAR,P,Private non-financial sector,A,All sectors,M,Market value,770,Percentage of GDP,A,Adjusted for breaks,E,End of period,1,One,0,Units,367,Per cent,Hong Kong SAR - Credit to Private non-financial sector from All sectors at Market value - Percentage of GDP - Adjusted for breaks,2022-Q2,383.5,A,Normal value,,F,Free
Q,Quarterly,HK,Hong Kong SAR,P,Private non-financial sector,A,All sectors,M,Market value,770,Percentage of GDP,A,Adjusted for breaks,E,End of period,1,One,0,Units,367,Per cent,Hong Kong SAR - Credit to Private non-financial sector from All sectors at Market value - Percentage of GDP - Adjusted for breaks,2022-Q3,374.0,A,Normal value,,F,Free
Q,Quarterly,HK,Hong Kong SAR,P,Private non-financial sector,A,All sectors,M,Market value,770,Percentage of GDP,A,Adjusted for breaks,E,End of period,1,One,0,Units,367,Per cent,Hong Kong SAR - Credit to Private non-financial sector from All sectors at Market value - Percentage of GDP - Adjusted for breaks,2022-Q4,373.0,A,Normal value,,F,Free
Q,Quarterly,HK,Hong Kong SAR,P,Private non-financial sector,A,All sectors,M,Market value,770,Percentage of GDP,A,Adjusted for breaks,E,End of period,1,One,0,Units,367,Per cent,Hong Kong SAR - Credit to Private non-financial sector from All sectors at Market value - Percentage of GDP - Adjusted for breaks,2023-Q1,375.8,A,Normal value,,F,Free
Q,Quarterly,HK,Hong Kong SAR,P,Private non-financial sector,A,All sectors,M,Market value,770,Percentage of GDP,A,Adjusted for breaks,E,End of period,1,One,0,Units,367,Per cent,Hong Kong SAR - Credit to Private non-financial sector from All sectors at Market value - Percentage of GDP - Adjusted for breaks,2023-Q2,373.9,A,Normal value,,F,Free
Q,Quarterly,HK,Hong Kong SAR,P,Private non-financial sector,A,All sectors,M,Market value,770,Percentage of GDP,A,Adjusted for breaks,E,End of period,1,One,0,Units,367,Per cent,Hong Kong SAR - Credit to Private non-financial sector from All sectors at Market value - Percentage of GDP - Adjusted for breaks,2023-Q3,364.7,A,Normal value,,F,Free
Q,Quarterly,HK,Hong Kong SAR,P,Private non-financial sector,A,All sectors,M,Market value,770,Percentage of GDP,A,Adjusted for breaks,E,End of period,1,One,0,Units,367,Per cent,Hong Kong SAR - Credit to Private non-financial sector from All sectors at Market value - Percentage of GDP - Adjusted for breaks,2023-Q4,362.9,A,Normal value,,F,Free
Q,Quarterly,HK,Hong Kong SAR,P,Private non-financial sector,A,All sectors,M,Market value,770,Percentage of GDP,A,Adjusted for breaks,E,End of period,1,One,0,Units,367,Per cent,Hong Kong SAR - Credit to Private non-financial sector from All sectors at Market value - Percentage of GDP - Adjusted for breaks,2024-Q1,358.1,A,Normal value,,F,Free
Q,Quarterly,HK,Hong Kong SAR,P,Private non-financial sector,A,All sectors,M,Market value,770,Percentage of GDP,A,Adjusted for breaks,E,End of period,1,One,0,Units,367,Per cent,Hong Kong SAR - Credit to Private non-financial sector from All sectors at Market value - Percentage of GDP - Adjusted for breaks,2024-Q2,339.6,A,Normal value,,F,Free
Q,Quarterly,HK,Hong Kong SAR,P,Private non-financial sector,A,All sectors,M,Market value,770,Percentage of GDP,A,Adjusted for breaks,E,End of period,1,One,0,Units,367,Per cent,Hong Kong SAR - Credit to Private non-financial sector from All sectors at Market value - Percentage of GDP - Adjusted for breaks,2024-Q3,334.7,A,Normal value,,F,Free
Q,Quarterly,HK,Hong Kong SAR,P,Private non-financial sector,A,All sectors,M,Market value,770,Percentage of GDP,A,Adjusted for breaks,E,End of period,1,One,0,Units,367,Per cent,Hong Kong SAR - Credit to Private non-financial sector from All sectors at Market value - Percentage of GDP - Adjusted for breaks,2024-Q4,326.9,A,Normal value,,F,Free
Q,Quarterly,HK,Hong Kong SAR,P,Private non-financial sector,A,All sectors,M,Market value,770,Percentage of GDP,A,Adjusted for breaks,E,End of period,1,One,0,Units,367,Per cent,Hong Kong SAR - Credit to Private non-financial sector from All sectors at Market value - Percentage of GDP - Adjusted for breaks,2025-Q1,330.4,A,Normal value,,F,Free
Q,Quarterly,HK,Hong Kong SAR,P,Private non-financial sector,A,All sectors,M,Market value,770,Percentage of GDP,A,Adjusted for breaks,E,End of period,1,One,0,Units,367,Per cent,Hong Kong SAR - Credit to Private non-financial sector from All sectors at Market value - Percentage of GDP - Adjusted for breaks,2025-Q2,335.2,A,Normal value,,F,Free
Q,Quarterly,HK,Hong Kong SAR,P,Private non-financial sector,A,All sectors,M,Market value,770,Percentage of GDP,A,Adjusted for breaks,E,End of period,1,One,0,Units,367,Per cent,Hong Kong SAR - Credit to Private non-financial sector from All sectors at Market value - Percentage of GDP - Adjusted for breaks,2025-Q3,332.4,A,Normal value,,F,Free
Q,Quarterly,HK,Hong Kong SAR,P,Private non-financial sector,A,All sectors,M,Market value,770,Percentage of GDP,A,Adjusted for breaks,E,End of period,1,One,0,Units,367,Per cent,Hong Kong SAR - Credit to Private non-financial sector from All sectors at Market value - Percentage of GDP - Adjusted for breaks,2025-Q4,328.5,A,Normal value,,F,Free
Q,Quarterly,HK,Hong Kong SAR,H,Households & NPISHs,A,All sectors,M,Market value,770,Percentage of GDP,A,Adjusted for breaks,E,End of period,1,One,0,Units,367,Per cent,Hong Kong SAR - Credit to Households and NPISHs from All sectors at Market value - Percentage of GDP - Adjusted for breaks,2016-Q1,66.5,A,Normal value,,F,Free
Q,Quarterly,HK,Hong Kong SAR,H,Households & NPISHs,A,All sectors,M,Market value,770,Percentage of GDP,A,Adjusted for breaks,E,End of period,1,One,0,Units,367,Per cent,Hong Kong SAR - Credit to Households and NPISHs from All sectors at Market value - Percentage of GDP - Adjusted for breaks,2016-Q2,66.4,A,Normal value,,F,Free
Q,Quarterly,HK,Hong Kong SAR,H,Households & NPISHs,A,All sectors,M,Market value,770,Percentage of GDP,A,Adjusted for breaks,E,End of period,1,One,0,Units,367,Per cent,Hong Kong SAR - Credit to Households and NPISHs from All sectors at Market value - Percentage of GDP - Adjusted for breaks,2016-Q3,66.7,A,Normal value,,F,Free
Q,Quarterly,HK,Hong Kong SAR,H,Households & NPISHs,A,All sectors,M,Market value,770,Percentage of GDP,A,Adjusted for breaks,E,End of period,1,One,0,Units,367,Per cent,Hong Kong SAR - Credit to Households and NPISHs from All sectors at Market value - Percentage of GDP - Adjusted for breaks,2016-Q4,67.6,A,Normal value,,F,Free
Q,Quarterly,HK,Hong Kong SAR,H,Households & NPISHs,A,All sectors,M,Market value,770,Percentage of GDP,A,Adjusted for breaks,E,End of period,1,One,0,Units,367,Per cent,Hong Kong SAR - Credit to Households and NPISHs from All sectors at Market value - Percentage of GDP - Adjusted for breaks,2017-Q1,67.6,A,Normal value,,F,Free
Q,Quarterly,HK,Hong Kong SAR,H,Households & NPISHs,A,All sectors,M,Market value,770,Percentage of GDP,A,Adjusted for breaks,E,End of period,1,One,0,Units,367,Per cent,Hong Kong SAR - Credit to Households and NPISHs from All sectors at Market value - Percentage of GDP - Adjusted for breaks,2017-Q2,68.7,A,Normal value,,F,Free
Q,Quarterly,HK,Hong Kong SAR,H,Households & NPISHs,A,All sectors,M,Market value,770,Percentage of GDP,A,Adjusted for breaks,E,End of period,1,One,0,Units,367,Per cent,Hong Kong SAR - Credit to Households and NPISHs from All sectors at Market value - Percentage of GDP - Adjusted for breaks,2017-Q3,69.5,A,Normal value,,F,Free
Q,Quarterly,HK,Hong Kong SAR,H,Households & NPISHs,A,All sectors,M,Market value,770,Percentage of GDP,A,Adjusted for breaks,E,End of period,1,One,0,Units,367,Per cent,Hong Kong SAR - Credit to Households and NPISHs from All sectors at Market value - Percentage of GDP - Adjusted for breaks,2017-Q4,70.8,A,Normal value,,F,Free
Q,Quarterly,HK,Hong Kong SAR,H,Households & NPISHs,A,All sectors,M,Market value,770,Percentage of GDP,A,Adjusted for breaks,E,End of period,1,One,0,Units,367,Per cent,Hong Kong SAR - Credit to Households and NPISHs from All sectors at Market value - Percentage of GDP - Adjusted for breaks,2018-Q1,71.3,A,Normal value,,F,Free
Q,Quarterly,HK,Hong Kong SAR,H,Households & NPISHs,A,All sectors,M,Market value,770,Percentage of GDP,A,Adjusted for breaks,E,End of period,1,One,0,Units,367,Per cent,Hong Kong SAR - Credit to Households and NPISHs from All sectors at Market value - Percentage of GDP - Adjusted for breaks,2018-Q2,71.8,A,Normal value,,F,Free
Q,Quarterly,HK,Hong Kong SAR,H,Households & NPISHs,A,All sectors,M,Market value,770,Percentage of GDP,A,Adjusted for breaks,E,End of period,1,One,0,Units,367,Per cent,Hong Kong SAR - Credit to Households and NPISHs from All sectors at Market value - Percentage of GDP - Adjusted for breaks,2018-Q3,71.4,A,Normal value,,F,Free
Q,Quarterly,HK,Hong Kong SAR,H,Households & NPISHs,A,All sectors,M,Market value,770,Percentage of GDP,A,Adjusted for breaks,E,End of period,1,One,0,Units,367,Per cent,Hong Kong SAR - Credit to Households and NPISHs from All sectors at Market value - Percentage of GDP - Adjusted for breaks,2018-Q4,72.7,A,Normal value,,F,Free
Q,Quarterly,HK,Hong Kong SAR,H,Households & NPISHs,A,All sectors,M,Market value,770,Percentage of GDP,A,Adjusted for breaks,E,End of period,1,One,0,Units,367,Per cent,Hong Kong SAR - Credit to Households and NPISHs from All sectors at Market value - Percentage of GDP - Adjusted for breaks,2019-Q1,73.9,A,Normal value,,F,Free
Q,Quarterly,HK,Hong Kong SAR,H,Households & NPISHs,A,All sectors,M,Market value,770,Percentage of GDP,A,Adjusted for breaks,E,End of period,1,One,0,Units,367,Per cent,Hong Kong SAR - Credit to Households and NPISHs from All sectors at Market value - Percentage of GDP - Adjusted for breaks,2019-Q2,76.6,A,Normal value,,F,Free
Q,Quarterly,HK,Hong Kong SAR,H,Households & NPISHs,A,All sectors,M,Market value,770,Percentage of GDP,A,Adjusted for breaks,E,End of period,1,One,0,Units,367,Per cent,Hong Kong SAR - Credit to Households and NPISHs from All sectors at Market value - Percentage of GDP - Adjusted for breaks,2019-Q3,79.9,A,Normal value,,F,Free
Q,Quarterly,HK,Hong Kong SAR,H,Households & NPISHs,A,All sectors,M,Market value,770,Percentage of GDP,A,Adjusted for breaks,E,End of period,1,One,0,Units,367,Per cent,Hong Kong SAR - Credit to Households and NPISHs from All sectors at Market value - Percentage of GDP - Adjusted for breaks,2019-Q4,81.6,A,Normal value,,F,Free
Q,Quarterly,HK,Hong Kong SAR,H,Households & NPISHs,A,All sectors,M,Market value,770,Percentage of GDP,A,Adjusted for breaks,E,End of period,1,One,0,Units,367,Per cent,Hong Kong SAR - Credit to Households and NPISHs from All sectors at Market value - Percentage of GDP - Adjusted for breaks,2020-Q1,83.5,A,Normal value,,F,Free
Q,Quarterly,HK,Hong Kong SAR,H,Households & NPISHs,A,All sectors,M,Market value,770,Percentage of GDP,A,Adjusted for breaks,E,End of period,1,One,0,Units,367,Per cent,Hong Kong SAR - Credit to Households and NPISHs from All sectors at Market value - Percentage of GDP - Adjusted for breaks,2020-Q2,86.3,A,Normal value,,F,Free
Q,Quarterly,HK,Hong Kong SAR,H,Households & NPISHs,A,All sectors,M,Market value,770,Percentage of GDP,A,Adjusted for breaks,E,End of period,1,One,0,Units,367,Per cent,Hong Kong SAR - Credit to Households and NPISHs from All sectors at Market value - Percentage of GDP - Adjusted for breaks,2020-Q3,89.2,A,Normal value,,F,Free
Q,Quarterly,HK,Hong Kong SAR,H,Households & NPISHs,A,All sectors,M,Market value,770,Percentage of GDP,A,Adjusted for breaks,E,End of period,1,One,0,Units,367,Per cent,Hong Kong SAR - Credit to Households and NPISHs from All sectors at Market value - Percentage of GDP - Adjusted for breaks,2020-Q4,91.6,A,Normal value,,F,Free
Q,Quarterly,HK,Hong Kong SAR,H,Households & NPISHs,A,All sectors,M,Market value,770,Percentage of GDP,A,Adjusted for breaks,E,End of period,1,One,0,Units,367,Per cent,Hong Kong SAR - Credit to Households and NPISHs from All sectors at Market value - Percentage of GDP - Adjusted for breaks,2021-Q1,91.7,A,Normal value,,F,Free
Q,Quarterly,HK,Hong Kong SAR,H,Households & NPISHs,A,All sectors,M,Market value,770,Percentage of GDP,A,Adjusted for breaks,E,End of period,1,One,0,Units,367,Per cent,Hong Kong SAR - Credit to Households and NPISHs from All sectors at Market value - Percentage of GDP - Adjusted for breaks,2021-Q2,92.0,A,Normal value,,F,Free
Q,Quarterly,HK,Hong Kong SAR,H,Households & NPISHs,A,All sectors,M,Market value,770,Percentage of GDP,A,Adjusted for breaks,E,End of period,1,One,0,Units,367,Per cent,Hong Kong SAR - Credit to Households and NPISHs from All sectors at Market value - Percentage of GDP - Adjusted for breaks,2021-Q3,92.6,A,Normal value,,F,Free
Q,Quarterly,HK,Hong Kong SAR,H,Households & NPISHs,A,All sectors,M,Market value,770,Percentage of GDP,A,Adjusted for breaks,E,End of period,1,One,0,Units,367,Per cent,Hong Kong SAR - Credit to Households and NPISHs from All sectors at Market value - Percentage of GDP - Adjusted for breaks,2021-Q4,93.1,A,Normal value,,F,Free
Q,Quarterly,HK,Hong Kong SAR,H,Households & NPISHs,A,All sectors,M,Market value,770,Percentage of GDP,A,Adjusted for breaks,E,End of period,1,One,0,Units,367,Per cent,Hong Kong SAR - Credit to Households and NPISHs from All sectors at Market value - Percentage of GDP - Adjusted for breaks,2022-Q1,93.9,A,Normal value,,F,Free
Q,Quarterly,HK,Hong Kong SAR,H,Households & NPISHs,A,All sectors,M,Market value,770,Percentage of GDP,A,Adjusted for breaks,E,End of period,1,One,0,Units,367,Per cent,Hong Kong SAR - Credit to Households and NPISHs from All sectors at Market value - Percentage of GDP - Adjusted for breaks,2022-Q2,94.6,A,Normal value,,F,Free
Q,Quarterly,HK,Hong Kong SAR,H,Households & NPISHs,A,All sectors,M,Market value,770,Percentage of GDP,A,Adjusted for breaks,E,End of period,1,One,0,Units,367,Per cent,Hong Kong SAR - Credit to Households and NPISHs from All sectors at Market value - Percentage of GDP - Adjusted for breaks,2022-Q3,95.3,A,Normal value,,F,Free
Q,Quarterly,HK,Hong Kong SAR,H,Households & NPISHs,A,All sectors,M,Market value,770,Percentage of GDP,A,Adjusted for breaks,E,End of period,1,One,0,Units,367,Per cent,Hong Kong SAR - Credit to Households and NPISHs from All sectors at Market value - Percentage of GDP - Adjusted for breaks,2022-Q4,96.3,A,Normal value,,F,Free
Q,Quarterly,HK,Hong Kong SAR,H,Households & NPISHs,A,All sectors,M,Market value,770,Percentage of GDP,A,Adjusted for breaks,E,End of period,1,One,0,Units,367,Per cent,Hong Kong SAR - Credit to Households and NPISHs from All sectors at Market value - Percentage of GDP - Adjusted for breaks,2023-Q1,96.4,A,Normal value,,F,Free
Q,Quarterly,HK,Hong Kong SAR,H,Households & NPISHs,A,All sectors,M,Market value,770,Percentage of GDP,A,Adjusted for breaks,E,End of period,1,One,0,Units,367,Per cent,Hong Kong SAR - Credit to Households and NPISHs from All sectors at Market value - Percentage of GDP - Adjusted for breaks,2023-Q2,96.3,A,Normal value,,F,Free
Q,Quarterly,HK,Hong Kong SAR,H,Households & NPISHs,A,All sectors,M,Market value,770,Percentage of GDP,A,Adjusted for breaks,E,End of period,1,One,0,Units,367,Per cent,Hong Kong SAR - Credit to Households and NPISHs from All sectors at Market value - Percentage of GDP - Adjusted for breaks,2023-Q3,94.9,A,Normal value,,F,Free
Q,Quarterly,HK,Hong Kong SAR,H,Households & NPISHs,A,All sectors,M,Market value,770,Percentage of GDP,A,Adjusted for breaks,E,End of period,1,One,0,Units,367,Per cent,Hong Kong SAR - Credit to Households and NPISHs from All sectors at Market value - Percentage of GDP - Adjusted for breaks,2023-Q4,93.3,A,Normal value,,F,Free
Q,Quarterly,HK,Hong Kong SAR,H,Households & NPISHs,A,All sectors,M,Market value,770,Percentage of GDP,A,Adjusted for breaks,E,End of period,1,One,0,Units,367,Per cent,Hong Kong SAR - Credit to Households and NPISHs from All sectors at Market value - Percentage of GDP - Adjusted for breaks,2024-Q1,91.5,A,Normal value,,F,Free
Q,Quarterly,HK,Hong Kong SAR,H,Households & NPISHs,A,All sectors,M,Market value,770,Percentage of GDP,A,Adjusted for breaks,E,End of period,1,One,0,Units,367,Per cent,Hong Kong SAR - Credit to Households and NPISHs from All sectors at Market value - Percentage of GDP - Adjusted for breaks,2024-Q2,90.0,A,Normal value,,F,Free
Q,Quarterly,HK,Hong Kong SAR,H,Households & NPISHs,A,All sectors,M,Market value,770,Percentage of GDP,A,Adjusted for breaks,E,End of period,1,One,0,Units,367,Per cent,Hong Kong SAR - Credit to Households and NPISHs from All sectors at Market value - Percentage of GDP - Adjusted for breaks,2024-Q3,88.8,A,Normal value,,F,Free
Q,Quarterly,HK,Hong Kong SAR,H,Households & NPISHs,A,All sectors,M,Market value,770,Percentage of GDP,A,Adjusted for breaks,E,End of period,1,One,0,Units,367,Per cent,Hong Kong SAR - Credit to Households and NPISHs from All sectors at Market value - Percentage of GDP - Adjusted for breaks,2024-Q4,87.8,A,Normal value,,F,Free
Q,Quarterly,HK,Hong Kong SAR,H,Households & NPISHs,A,All sectors,M,Market value,770,Percentage of GDP,A,Adjusted for breaks,E,End of period,1,One,0,Units,367,Per cent,Hong Kong SAR - Credit to Households and NPISHs from All sectors at Market value - Percentage of GDP - Adjusted for breaks,2025-Q1,87.5,A,Normal value,,F,Free
Q,Quarterly,HK,Hong Kong SAR,H,Households & NPISHs,A,All sectors,M,Market value,770,Percentage of GDP,A,Adjusted for breaks,E,End of period,1,One,0,Units,367,Per cent,Hong Kong SAR - Credit to Households and NPISHs from All sectors at Market value - Percentage of GDP - Adjusted for breaks,2025-Q2,87.6,A,Normal value,,F,Free
Q,Quarterly,HK,Hong Kong SAR,H,Households & NPISHs,A,All sectors,M,Market value,770,Percentage of GDP,A,Adjusted for breaks,E,End of period,1,One,0,Units,367,Per cent,Hong Kong SAR - Credit to Households and NPISHs from All sectors at Market value - Percentage of GDP - Adjusted for breaks,2025-Q3,87.7,A,Normal value,,F,Free
Q,Quarterly,HK,Hong Kong SAR,H,Households & NPISHs,A,All sectors,M,Market value,770,Percentage of GDP,A,Adjusted for breaks,E,End of period,1,One,0,Units,367,Per cent,Hong Kong SAR - Credit to Households and NPISHs from All sectors at Market value - Percentage of GDP - Adjusted for breaks,2025-Q4,87.8,A,Normal value,,F,Free
Q,Quarterly,MY,Malaysia,P,Private non-financial sector,A,All sectors,M,Market value,770,Percentage of GDP,A,Adjusted for breaks,E,End of period,1,One,0,Units,367,Per cent,Malaysia - Credit to Private non-financial sector from All sectors at Market value - Percentage of GDP - Adjusted for breaks,2016-Q1,162.8,A,Normal value,,F,Free
Q,Quarterly,MY,Malaysia,P,Private non-financial sector,A,All sectors,M,Market value,770,Percentage of GDP,A,Adjusted for breaks,E,End of period,1,One,0,Units,367,Per cent,Malaysia - Credit to Private non-financial sector from All sectors at Market value - Percentage of GDP - Adjusted for breaks,2016-Q2,162.2,A,Normal value,,F,Free
Q,Quarterly,MY,Malaysia,P,Private non-financial sector,A,All sectors,M,Market value,770,Percentage of GDP,A,Adjusted for breaks,E,End of period,1,One,0,Units,367,Per cent,Malaysia - Credit to Private non-financial sector from All sectors at Market value - Percentage of GDP - Adjusted for breaks,2016-Q3,164.0,A,Normal value,,F,Free
Q,Quarterly,MY,Malaysia,P,Private non-financial sector,A,All sectors,M,Market value,770,Percentage of GDP,A,Adjusted for breaks,E,End of period,1,One,0,Units,367,Per cent,Malaysia - Credit to Private non-financial sector from All sectors at Market value - Percentage of GDP - Adjusted for breaks,2016-Q4,166.4,A,Normal value,,F,Free
Q,Quarterly,MY,Malaysia,P,Private non-financial sector,A,All sectors,M,Market value,770,Percentage of GDP,A,Adjusted for breaks,E,End of period,1,One,0,Units,367,Per cent,Malaysia - Credit to Private non-financial sector from All sectors at Market value - Percentage of GDP - Adjusted for breaks,2017-Q1,164.8,A,Normal value,,F,Free
Q,Quarterly,MY,Malaysia,P,Private non-financial sector,A,All sectors,M,Market value,770,Percentage of GDP,A,Adjusted for breaks,E,End of period,1,One,0,Units,367,Per cent,Malaysia - Credit to Private non-financial sector from All sectors at Market value - Percentage of GDP - Adjusted for breaks,2017-Q2,163.9,A,Normal value,,F,Free
Q,Quarterly,MY,Malaysia,P,Private non-financial sector,A,All sectors,M,Market value,770,Percentage of GDP,A,Adjusted for breaks,E,End of period,1,One,0,Units,367,Per cent,Malaysia - Credit to Private non-financial sector from All sectors at Market value - Percentage of GDP - Adjusted for breaks,2017-Q3,162.1,A,Normal value,,F,Free
Q,Quarterly,MY,Malaysia,P,Private non-financial sector,A,All sectors,M,Market value,770,Percentage of GDP,A,Adjusted for breaks,E,End of period,1,One,0,Units,367,Per cent,Malaysia - Credit to Private non-financial sector from All sectors at Market value - Percentage of GDP - Adjusted for breaks,2017-Q4,161.9,A,Normal value,,F,Free
Q,Quarterly,MY,Malaysia,P,Private non-financial sector,A,All sectors,M,Market value,770,Percentage of GDP,A,Adjusted for breaks,E,End of period,1,One,0,Units,367,Per cent,Malaysia - Credit to Private non-financial sector from All sectors at Market value - Percentage of GDP - Adjusted for breaks,2018-Q1,162.8,A,Normal value,,F,Free
Q,Quarterly,MY,Malaysia,P,Private non-financial sector,A,All sectors,M,Market value,770,Percentage of GDP,A,Adjusted for breaks,E,End of period,1,One,0,Units,367,Per cent,Malaysia - Credit to Private non-financial sector from All sectors at Market value - Percentage of GDP - Adjusted for breaks,2018-Q2,164.9,A,Normal value,,F,Free
Q,Quarterly,MY,Malaysia,P,Private non-financial sector,A,All sectors,M,Market value,770,Percentage of GDP,A,Adjusted for breaks,E,End of period,1,One,0,Units,367,Per cent,Malaysia - Credit to Private non-financial sector from All sectors at Market value - Percentage of GDP - Adjusted for breaks,2018-Q3,164.1,A,Normal value,,F,Free
Q,Quarterly,MY,Malaysia,P,Private non-financial sector,A,All sectors,M,Market value,770,Percentage of GDP,A,Adjusted for breaks,E,End of period,1,One,0,Units,367,Per cent,Malaysia - Credit to Private non-financial sector from All sectors at Market value - Percentage of GDP - Adjusted for breaks,2018-Q4,164.0,A,Normal value,,F,Free
Q,Quarterly,MY,Malaysia,P,Private non-financial sector,A,All sectors,M,Market value,770,Percentage of GDP,A,Adjusted for breaks,E,End of period,1,One,0,Units,367,Per cent,Malaysia - Credit to Private non-financial sector from All sectors at Market value - Percentage of GDP - Adjusted for breaks,2019-Q1,163.5,A,Normal value,,F,Free
Q,Quarterly,MY,Malaysia,P,Private non-financial sector,A,All sectors,M,Market value,770,Percentage of GDP,A,Adjusted for breaks,E,End of period,1,One,0,Units,367,Per cent,Malaysia - Credit to Private non-financial sector from All sectors at Market value - Percentage of GDP - Adjusted for breaks,2019-Q2,165.1,A,Normal value,,F,Free
Q,Quarterly,MY,Malaysia,P,Private non-financial sector,A,All sectors,M,Market value,770,Percentage of GDP,A,Adjusted for breaks,E,End of period,1,One,0,Units,367,Per cent,Malaysia - Credit to Private non-financial sector from All sectors at Market value - Percentage of GDP - Adjusted for breaks,2019-Q3,163.9,A,Normal value,,F,Free
Q,Quarterly,MY,Malaysia,P,Private non-financial sector,A,All sectors,M,Market value,770,Percentage of GDP,A,Adjusted for breaks,E,End of period,1,One,0,Units,367,Per cent,Malaysia - Credit to Private non-financial sector from All sectors at Market value - Percentage of GDP - Adjusted for breaks,2019-Q4,164.2,A,Normal value,,F,Free
Q,Quarterly,MY,Malaysia,P,Private non-financial sector,A,All sectors,M,Market value,770,Percentage of GDP,A,Adjusted for breaks,E,End of period,1,One,0,Units,367,Per cent,Malaysia - Credit to Private non-financial sector from All sectors at Market value - Percentage of GDP - Adjusted for breaks,2020-Q1,165.1,A,Normal value,,F,Free
Q,Quarterly,MY,Malaysia,P,Private non-financial sector,A,All sectors,M,Market value,770,Percentage of GDP,A,Adjusted for breaks,E,End of period,1,One,0,Units,367,Per cent,Malaysia - Credit to Private non-financial sector from All sectors at Market value - Percentage of GDP - Adjusted for breaks,2020-Q2,175.5,A,Normal value,,F,Free
Q,Quarterly,MY,Malaysia,P,Private non-financial sector,A,All sectors,M,Market value,770,Percentage of GDP,A,Adjusted for breaks,E,End of period,1,One,0,Units,367,Per cent,Malaysia - Credit to Private non-financial sector from All sectors at Market value - Percentage of GDP - Adjusted for breaks,2020-Q3,178.7,A,Normal value,,F,Free
Q,Quarterly,MY,Malaysia,P,Private non-financial sector,A,All sectors,M,Market value,770,Percentage of GDP,A,Adjusted for breaks,E,End of period,1,One,0,Units,367,Per cent,Malaysia - Credit to Private non-financial sector from All sectors at Market value - Percentage of GDP - Adjusted for breaks,2020-Q4,181.8,A,Normal value,,F,Free
Q,Quarterly,MY,Malaysia,P,Private non-financial sector,A,All sectors,M,Market value,770,Percentage of GDP,A,Adjusted for breaks,E,End of period,1,One,0,Units,367,Per cent,Malaysia - Credit to Private non-financial sector from All sectors at Market value - Percentage of GDP - Adjusted for breaks,2021-Q1,182.9,A,Normal value,,F,Free
Q,Quarterly,MY,Malaysia,P,Private non-financial sector,A,All sectors,M,Market value,770,Percentage of GDP,A,Adjusted for breaks,E,End of period,1,One,0,Units,367,Per cent,Malaysia - Credit to Private non-financial sector from All sectors at Market value - Percentage of GDP - Adjusted for breaks,2021-Q2,176.0,A,Normal value,,F,Free
Q,Quarterly,MY,Malaysia,P,Private non-financial sector,A,All sectors,M,Market value,770,Percentage of GDP,A,Adjusted for breaks,E,End of period,1,One,0,Units,367,Per cent,Malaysia - Credit to Private non-financial sector from All sectors at Market value - Percentage of GDP - Adjusted for breaks,2021-Q3,176.9,A,Normal value,,F,Free
Q,Quarterly,MY,Malaysia,P,Private non-financial sector,A,All sectors,M,Market value,770,Percentage of GDP,A,Adjusted for breaks,E,End of period,1,One,0,Units,367,Per cent,Malaysia - Credit to Private non-financial sector from All sectors at Market value - Percentage of GDP - Adjusted for breaks,2021-Q4,174.7,A,Normal value,,F,Free
Q,Quarterly,MY,Malaysia,P,Private non-financial sector,A,All sectors,M,Market value,770,Percentage of GDP,A,Adjusted for breaks,E,End of period,1,One,0,Units,367,Per cent,Malaysia - Credit to Private non-financial sector from All sectors at Market value - Percentage of GDP - Adjusted for breaks,2022-Q1,170.5,A,Normal value,,F,Free
Q,Quarterly,MY,Malaysia,P,Private non-financial sector,A,All sectors,M,Market value,770,Percentage of GDP,A,Adjusted for breaks,E,End of period,1,One,0,Units,367,Per cent,Malaysia - Credit to Private non-financial sector from All sectors at Market value - Percentage of GDP - Adjusted for breaks,2022-Q2,164.4,A,Normal value,,F,Free
Q,Quarterly,MY,Malaysia,P,Private non-financial sector,A,All sectors,M,Market value,770,Percentage of GDP,A,Adjusted for breaks,E,End of period,1,One,0,Units,367,Per cent,Malaysia - Credit to Private non-financial sector from All sectors at Market value - Percentage of GDP - Adjusted for breaks,2022-Q3,156.3,A,Normal value,,F,Free
Q,Quarterly,MY,Malaysia,P,Private non-financial sector,A,All sectors,M,Market value,770,Percentage of GDP,A,Adjusted for breaks,E,End of period,1,One,0,Units,367,Per cent,Malaysia - Credit to Private non-financial sector from All sectors at Market value - Percentage of GDP - Adjusted for breaks,2022-Q4,154.1,A,Normal value,,F,Free
Q,Quarterly,MY,Malaysia,P,Private non-financial sector,A,All sectors,M,Market value,770,Percentage of GDP,A,Adjusted for breaks,E,End of period,1,One,0,Units,367,Per cent,Malaysia - Credit to Private non-financial sector from All sectors at Market value - Percentage of GDP - Adjusted for breaks,2023-Q1,153.3,A,Normal value,,F,Free
Q,Quarterly,MY,Malaysia,P,Private non-financial sector,A,All sectors,M,Market value,770,Percentage of GDP,A,Adjusted for breaks,E,End of period,1,One,0,Units,367,Per cent,Malaysia - Credit to Private non-financial sector from All sectors at Market value - Percentage of GDP - Adjusted for breaks,2023-Q2,155.7,A,Normal value,,F,Free
Q,Quarterly,MY,Malaysia,P,Private non-financial sector,A,All sectors,M,Market value,770,Percentage of GDP,A,Adjusted for breaks,E,End of period,1,One,0,Units,367,Per cent,Malaysia - Credit to Private non-financial sector from All sectors at Market value - Percentage of GDP - Adjusted for breaks,2023-Q3,157.3,A,Normal value,,F,Free
Q,Quarterly,MY,Malaysia,P,Private non-financial sector,A,All sectors,M,Market value,770,Percentage of GDP,A,Adjusted for breaks,E,End of period,1,One,0,Units,367,Per cent,Malaysia - Credit to Private non-financial sector from All sectors at Market value - Percentage of GDP - Adjusted for breaks,2023-Q4,159.0,A,Normal value,,F,Free
Q,Quarterly,MY,Malaysia,P,Private non-financial sector,A,All sectors,M,Market value,770,Percentage of GDP,A,Adjusted for breaks,E,End of period,1,One,0,Units,367,Per cent,Malaysia - Credit to Private non-financial sector from All sectors at Market value - Percentage of GDP - Adjusted for breaks,2024-Q1,158.8,A,Normal value,,F,Free
Q,Quarterly,MY,Malaysia,P,Private non-financial sector,A,All sectors,M,Market value,770,Percentage of GDP,A,Adjusted for breaks,E,End of period,1,One,0,Units,367,Per cent,Malaysia - Credit to Private non-financial sector from All sectors at Market value - Percentage of GDP - Adjusted for breaks,2024-Q2,157.6,A,Normal value,,F,Free
Q,Quarterly,MY,Malaysia,P,Private non-financial sector,A,All sectors,M,Market value,770,Percentage of GDP,A,Adjusted for breaks,E,End of period,1,One,0,Units,367,Per cent,Malaysia - Credit to Private non-financial sector from All sectors at Market value - Percentage of GDP - Adjusted for breaks,2024-Q3,155.3,A,Normal value,,F,Free
Q,Quarterly,MY,Malaysia,P,Private non-financial sector,A,All sectors,M,Market value,770,Percentage of GDP,A,Adjusted for breaks,E,End of period,1,One,0,Units,367,Per cent,Malaysia - Credit to Private non-financial sector from All sectors at Market value - Percentage of GDP - Adjusted for breaks,2024-Q4,156.8,A,Normal value,,F,Free
Q,Quarterly,MY,Malaysia,P,Private non-financial sector,A,All sectors,M,Market value,770,Percentage of GDP,A,Adjusted for breaks,E,End of period,1,One,0,Units,367,Per cent,Malaysia - Credit to Private non-financial sector from All sectors at Market value - Percentage of GDP - Adjusted for breaks,2025-Q1,156.8,A,Normal value,,F,Free
Q,Quarterly,MY,Malaysia,P,Private non-financial sector,A,All sectors,M,Market value,770,Percentage of GDP,A,Adjusted for breaks,E,End of period,1,One,0,Units,367,Per cent,Malaysia - Credit to Private non-financial sector from All sectors at Market value - Percentage of GDP - Adjusted for breaks,2025-Q2,157.8,A,Normal value,,F,Free
Q,Quarterly,MY,Malaysia,P,Private non-financial sector,A,All sectors,M,Market value,770,Percentage of GDP,A,Adjusted for breaks,E,End of period,1,One,0,Units,367,Per cent,Malaysia - Credit to Private non-financial sector from All sectors at Market value - Percentage of GDP - Adjusted for breaks,2025-Q3,158.3,A,Normal value,,F,Free
Q,Quarterly,MY,Malaysia,P,Private non-financial sector,A,All sectors,M,Market value,770,Percentage of GDP,A,Adjusted for breaks,E,End of period,1,One,0,Units,367,Per cent,Malaysia - Credit to Private non-financial sector from All sectors at Market value - Percentage of GDP - Adjusted for breaks,2025-Q4,158.4,A,Normal value,,F,Free
Q,Quarterly,MY,Malaysia,H,Households & NPISHs,A,All sectors,M,Market value,770,Percentage of GDP,A,Adjusted for breaks,E,End of period,1,One,0,Units,367,Per cent,Malaysia - Credit to Households and NPISHs from All sectors at Market value - Percentage of GDP - Adjusted for breaks,2016-Q1,69.6,A,Normal value,,F,Free
Q,Quarterly,MY,Malaysia,H,Households & NPISHs,A,All sectors,M,Market value,770,Percentage of GDP,A,Adjusted for breaks,E,End of period,1,One,0,Units,367,Per cent,Malaysia - Credit to Households and NPISHs from All sectors at Market value - Percentage of GDP - Adjusted for breaks,2016-Q2,69.5,A,Normal value,,F,Free
Q,Quarterly,MY,Malaysia,H,Households & NPISHs,A,All sectors,M,Market value,770,Percentage of GDP,A,Adjusted for breaks,E,End of period,1,One,0,Units,367,Per cent,Malaysia - Credit to Households and NPISHs from All sectors at Market value - Percentage of GDP - Adjusted for breaks,2016-Q3,69.3,A,Normal value,,F,Free
Q,Quarterly,MY,Malaysia,H,Households & NPISHs,A,All sectors,M,Market value,770,Percentage of GDP,A,Adjusted for breaks,E,End of period,1,One,0,Units,367,Per cent,Malaysia - Credit to Households and NPISHs from All sectors at Market value - Percentage of GDP - Adjusted for breaks,2016-Q4,69.2,A,Normal value,,F,Free
Q,Quarterly,MY,Malaysia,H,Households & NPISHs,A,All sectors,M,Market value,770,Percentage of GDP,A,Adjusted for breaks,E,End of period,1,One,0,Units,367,Per cent,Malaysia - Credit to Households and NPISHs from All sectors at Market value - Percentage of GDP - Adjusted for breaks,2017-Q1,67.9,A,Normal value,,F,Free
Q,Quarterly,MY,Malaysia,H,Households & NPISHs,A,All sectors,M,Market value,770,Percentage of GDP,A,Adjusted for breaks,E,End of period,1,One,0,Units,367,Per cent,Malaysia - Credit to Households and NPISHs from All sectors at Market value - Percentage of GDP - Adjusted for breaks,2017-Q2,67.0,A,Normal value,,F,Free
Q,Quarterly,MY,Malaysia,H,Households & NPISHs,A,All sectors,M,Market value,770,Percentage of GDP,A,Adjusted for breaks,E,End of period,1,One,0,Units,367,Per cent,Malaysia - Credit to Households and NPISHs from All sectors at Market value - Percentage of GDP - Adjusted for breaks,2017-Q3,66.3,A,Normal value,,F,Free
Q,Quarterly,MY,Malaysia,H,Households & NPISHs,A,All sectors,M,Market value,770,Percentage of GDP,A,Adjusted for breaks,E,End of period,1,One,0,Units,367,Per cent,Malaysia - Credit to Households and NPISHs from All sectors at Market value - Percentage of GDP - Adjusted for breaks,2017-Q4,66.2,A,Normal value,,F,Free
Q,Quarterly,MY,Malaysia,H,Households & NPISHs,A,All sectors,M,Market value,770,Percentage of GDP,A,Adjusted for breaks,E,End of period,1,One,0,Units,367,Per cent,Malaysia - Credit to Households and NPISHs from All sectors at Market value - Percentage of GDP - Adjusted for breaks,2018-Q1,66.2,A,Normal value,,F,Free
Q,Quarterly,MY,Malaysia,H,Households & NPISHs,A,All sectors,M,Market value,770,Percentage of GDP,A,Adjusted for breaks,E,End of period,1,One,0,Units,367,Per cent,Malaysia - Credit to Households and NPISHs from All sectors at Market value - Percentage of GDP - Adjusted for breaks,2018-Q2,67.9,A,Normal value,,F,Free
Q,Quarterly,MY,Malaysia,H,Households & NPISHs,A,All sectors,M,Market value,770,Percentage of GDP,A,Adjusted for breaks,E,End of period,1,One,0,Units,367,Per cent,Malaysia - Credit to Households and NPISHs from All sectors at Market value - Percentage of GDP - Adjusted for breaks,2018-Q3,67.9,A,Normal value,,F,Free
Q,Quarterly,MY,Malaysia,H,Households & NPISHs,A,All sectors,M,Market value,770,Percentage of GDP,A,Adjusted for breaks,E,End of period,1,One,0,Units,367,Per cent,Malaysia - Credit to Households and NPISHs from All sectors at Market value - Percentage of GDP - Adjusted for breaks,2018-Q4,68.0,A,Normal value,,F,Free
Q,Quarterly,MY,Malaysia,H,Households & NPISHs,A,All sectors,M,Market value,770,Percentage of GDP,A,Adjusted for breaks,E,End of period,1,One,0,Units,367,Per cent,Malaysia - Credit to Households and NPISHs from All sectors at Market value - Percentage of GDP - Adjusted for breaks,2019-Q1,67.9,A,Normal value,,F,Free
Q,Quarterly,MY,Malaysia,H,Households & NPISHs,A,All sectors,M,Market value,770,Percentage of GDP,A,Adjusted for breaks,E,End of period,1,One,0,Units,367,Per cent,Malaysia - Credit to Households and NPISHs from All sectors at Market value - Percentage of GDP - Adjusted for breaks,2019-Q2,67.8,A,Normal value,,F,Free
Q,Quarterly,MY,Malaysia,H,Households & NPISHs,A,All sectors,M,Market value,770,Percentage of GDP,A,Adjusted for breaks,E,End of period,1,One,0,Units,367,Per cent,Malaysia - Credit to Households and NPISHs from All sectors at Market value - Percentage of GDP - Adjusted for breaks,2019-Q3,67.9,A,Normal value,,F,Free
Q,Quarterly,MY,Malaysia,H,Households & NPISHs,A,All sectors,M,Market value,770,Percentage of GDP,A,Adjusted for breaks,E,End of period,1,One,0,Units,367,Per cent,Malaysia - Credit to Households and NPISHs from All sectors at Market value - Percentage of GDP - Adjusted for breaks,2019-Q4,68.1,A,Normal value,,F,Free
Q,Quarterly,MY,Malaysia,H,Households & NPISHs,A,All sectors,M,Market value,770,Percentage of GDP,A,Adjusted for breaks,E,End of period,1,One,0,Units,367,Per cent,Malaysia - Credit to Households and NPISHs from All sectors at Market value - Percentage of GDP - Adjusted for breaks,2020-Q1,67.9,A,Normal value,,F,Free
Q,Quarterly,MY,Malaysia,H,Households & NPISHs,A,All sectors,M,Market value,770,Percentage of GDP,A,Adjusted for breaks,E,End of period,1,One,0,Units,367,Per cent,Malaysia - Credit to Households and NPISHs from All sectors at Market value - Percentage of GDP - Adjusted for breaks,2020-Q2,71.8,A,Normal value,,F,Free
Q,Quarterly,MY,Malaysia,H,Households & NPISHs,A,All sectors,M,Market value,770,Percentage of GDP,A,Adjusted for breaks,E,End of period,1,One,0,Units,367,Per cent,Malaysia - Credit to Households and NPISHs from All sectors at Market value - Percentage of GDP - Adjusted for breaks,2020-Q3,74.5,A,Normal value,,F,Free
Q,Quarterly,MY,Malaysia,H,Households & NPISHs,A,All sectors,M,Market value,770,Percentage of GDP,A,Adjusted for breaks,E,End of period,1,One,0,Units,367,Per cent,Malaysia - Credit to Households and NPISHs from All sectors at Market value - Percentage of GDP - Adjusted for breaks,2020-Q4,76.3,A,Normal value,,F,Free
Q,Quarterly,MY,Malaysia,H,Households & NPISHs,A,All sectors,M,Market value,770,Percentage of GDP,A,Adjusted for breaks,E,End of period,1,One,0,Units,367,Per cent,Malaysia - Credit to Households and NPISHs from All sectors at Market value - Percentage of GDP - Adjusted for breaks,2021-Q1,76.6,A,Normal value,,F,Free
Q,Quarterly,MY,Malaysia,H,Households & NPISHs,A,All sectors,M,Market value,770,Percentage of GDP,A,Adjusted for breaks,E,End of period,1,One,0,Units,367,Per cent,Malaysia - Credit to Households and NPISHs from All sectors at Market value - Percentage of GDP - Adjusted for breaks,2021-Q2,73.2,A,Normal value,,F,Free
Q,Quarterly,MY,Malaysia,H,Households & NPISHs,A,All sectors,M,Market value,770,Percentage of GDP,A,Adjusted for breaks,E,End of period,1,One,0,Units,367,Per cent,Malaysia - Credit to Households and NPISHs from All sectors at Market value - Percentage of GDP - Adjusted for breaks,2021-Q3,73.4,A,Normal value,,F,Free
Q,Quarterly,MY,Malaysia,H,Households & NPISHs,A,All sectors,M,Market value,770,Percentage of GDP,A,Adjusted for breaks,E,End of period,1,One,0,Units,367,Per cent,Malaysia - Credit to Households and NPISHs from All sectors at Market value - Percentage of GDP - Adjusted for breaks,2021-Q4,72.9,A,Normal value,,F,Free
Q,Quarterly,MY,Malaysia,H,Households & NPISHs,A,All sectors,M,Market value,770,Percentage of GDP,A,Adjusted for breaks,E,End of period,1,One,0,Units,367,Per cent,Malaysia - Credit to Households and NPISHs from All sectors at Market value - Percentage of GDP - Adjusted for breaks,2022-Q1,71.4,A,Normal value,,F,Free
Q,Quarterly,MY,Malaysia,H,Households & NPISHs,A,All sectors,M,Market value,770,Percentage of GDP,A,Adjusted for breaks,E,End of period,1,One,0,Units,367,Per cent,Malaysia - Credit to Households and NPISHs from All sectors at Market value - Percentage of GDP - Adjusted for breaks,2022-Q2,69.2,A,Normal value,,F,Free
Q,Quarterly,MY,Malaysia,H,Households & NPISHs,A,All sectors,M,Market value,770,Percentage of GDP,A,Adjusted for breaks,E,End of period,1,One,0,Units,367,Per cent,Malaysia - Credit to Households and NPISHs from All sectors at Market value - Percentage of GDP - Adjusted for breaks,2022-Q3,67.1,A,Normal value,,F,Free
Q,Quarterly,MY,Malaysia,H,Households & NPISHs,A,All sectors,M,Market value,770,Percentage of GDP,A,Adjusted for breaks,E,End of period,1,One,0,Units,367,Per cent,Malaysia - Credit to Households and NPISHs from All sectors at Market value - Percentage of GDP - Adjusted for breaks,2022-Q4,66.6,A,Normal value,,F,Free
Q,Quarterly,MY,Malaysia,H,Households & NPISHs,A,All sectors,M,Market value,770,Percentage of GDP,A,Adjusted for breaks,E,End of period,1,One,0,Units,367,Per cent,Malaysia - Credit to Households and NPISHs from All sectors at Market value - Percentage of GDP - Adjusted for breaks,2023-Q1,66.4,A,Normal value,,F,Free
Q,Quarterly,MY,Malaysia,H,Households & NPISHs,A,All sectors,M,Market value,770,Percentage of GDP,A,Adjusted for breaks,E,End of period,1,One,0,Units,367,Per cent,Malaysia - Credit to Households and NPISHs from All sectors at Market value - Percentage of GDP - Adjusted for breaks,2023-Q2,67.3,A,Normal value,,F,Free
Q,Quarterly,MY,Malaysia,H,Households & NPISHs,A,All sectors,M,Market value,770,Percentage of GDP,A,Adjusted for breaks,E,End of period,1,One,0,Units,367,Per cent,Malaysia - Credit to Households and NPISHs from All sectors at Market value - Percentage of GDP - Adjusted for breaks,2023-Q3,68.4,A,Normal value,,F,Free
Q,Quarterly,MY,Malaysia,H,Households & NPISHs,A,All sectors,M,Market value,770,Percentage of GDP,A,Adjusted for breaks,E,End of period,1,One,0,Units,367,Per cent,Malaysia - Credit to Households and NPISHs from All sectors at Market value - Percentage of GDP - Adjusted for breaks,2023-Q4,69.4,A,Normal value,,F,Free
Q,Quarterly,MY,Malaysia,H,Households & NPISHs,A,All sectors,M,Market value,770,Percentage of GDP,A,Adjusted for breaks,E,End of period,1,One,0,Units,367,Per cent,Malaysia - Credit to Households and NPISHs from All sectors at Market value - Percentage of GDP - Adjusted for breaks,2024-Q1,69.5,A,Normal value,,F,Free
Q,Quarterly,MY,Malaysia,H,Households & NPISHs,A,All sectors,M,Market value,770,Percentage of GDP,A,Adjusted for breaks,E,End of period,1,One,0,Units,367,Per cent,Malaysia - Credit to Households and NPISHs from All sectors at Market value - Percentage of GDP - Adjusted for breaks,2024-Q2,69.1,A,Normal value,,F,Free
Q,Quarterly,MY,Malaysia,H,Households & NPISHs,A,All sectors,M,Market value,770,Percentage of GDP,A,Adjusted for breaks,E,End of period,1,One,0,Units,367,Per cent,Malaysia - Credit to Households and NPISHs from All sectors at Market value - Percentage of GDP - Adjusted for breaks,2024-Q3,69.2,A,Normal value,,F,Free
Q,Quarterly,MY,Malaysia,H,Households & NPISHs,A,All sectors,M,Market value,770,Percentage of GDP,A,Adjusted for breaks,E,End of period,1,One,0,Units,367,Per cent,Malaysia - Credit to Households and NPISHs from All sectors at Market value - Percentage of GDP - Adjusted for breaks,2024-Q4,69.4,A,Normal value,,F,Free
Q,Quarterly,MY,Malaysia,H,Households & NPISHs,A,All sectors,M,Market value,770,Percentage of GDP,A,Adjusted for breaks,E,End of period,1,One,0,Units,367,Per cent,Malaysia - Credit to Households and NPISHs from All sectors at Market value - Percentage of GDP - Adjusted for breaks,2025-Q1,69.5,A,Normal value,,F,Free
Q,Quarterly,MY,Malaysia,H,Households & NPISHs,A,All sectors,M,Market value,770,Percentage of GDP,A,Adjusted for breaks,E,End of period,1,One,0,Units,367,Per cent,Malaysia - Credit to Households and NPISHs from All sectors at Market value - Percentage of GDP - Adjusted for breaks,2025-Q2,69.8,A,Normal value,,F,Free
Q,Quarterly,MY,Malaysia,H,Households & NPISHs,A,All sectors,M,Market value,770,Percentage of GDP,A,Adjusted for breaks,E,End of period,1,One,0,Units,367,Per cent,Malaysia - Credit to Households and NPISHs from All sectors at Market value - Percentage of GDP - Adjusted for breaks,2025-Q3,69.9,A,Normal value,,F,Free
Q,Quarterly,MY,Malaysia,H,Households & NPISHs,A,All sectors,M,Market value,770,Percentage of GDP,A,Adjusted for breaks,E,End of period,1,One,0,Units,367,Per cent,Malaysia - Credit to Households and NPISHs from All sectors at Market value - Percentage of GDP - Adjusted for breaks,2025-Q4,69.8,A,Normal value,,F,Free
Q,Quarterly,MY,Malaysia,N,Non-financial corporations,A,All sectors,M,Market value,770,Percentage of GDP,A,Adjusted for breaks,E,End of period,1,One,0,Units,367,Per cent,Malaysia - Credit to Non-financial corporations from All sectors at Market value - Percentage of GDP - Adjusted for breaks,2016-Q1,93.2,A,Normal value,,F,Free
Q,Quarterly,MY,Malaysia,N,Non-financial corporations,A,All sectors,M,Market value,770,Percentage of GDP,A,Adjusted for breaks,E,End of period,1,One,0,Units,367,Per cent,Malaysia - Credit to Non-financial corporations from All sectors at Market value - Percentage of GDP - Adjusted for breaks,2016-Q2,92.7,A,Normal value,,F,Free
Q,Quarterly,MY,Malaysia,N,Non-financial corporations,A,All sectors,M,Market value,770,Percentage of GDP,A,Adjusted for breaks,E,End of period,1,One,0,Units,367,Per cent,Malaysia - Credit to Non-financial corporations from All sectors at Market value - Percentage of GDP - Adjusted for breaks,2016-Q3,94.6,A,Normal value,,F,Free
Q,Quarterly,MY,Malaysia,N,Non-financial corporations,A,All sectors,M,Market value,770,Percentage of GDP,A,Adjusted for breaks,E,End of period,1,One,0,Units,367,Per cent,Malaysia - Credit to Non-financial corporations from All sectors at Market value - Percentage of GDP - Adjusted for breaks,2016-Q4,97.2,A,Normal value,,F,Free
Q,Quarterly,MY,Malaysia,N,Non-financial corporations,A,All sectors,M,Market value,770,Percentage of GDP,A,Adjusted for breaks,E,End of period,1,One,0,Units,367,Per cent,Malaysia - Credit to Non-financial corporations from All sectors at Market value - Percentage of GDP - Adjusted for breaks,2017-Q1,96.9,A,Normal value,,F,Free
Q,Quarterly,MY,Malaysia,N,Non-financial corporations,A,All sectors,M,Market value,770,Percentage of GDP,A,Adjusted for breaks,E,End of period,1,One,0,Units,367,Per cent,Malaysia - Credit to Non-financial corporations from All sectors at Market value - Percentage of GDP - Adjusted for breaks,2017-Q2,96.9,A,Normal value,,F,Free
Q,Quarterly,MY,Malaysia,N,Non-financial corporations,A,All sectors,M,Market value,770,Percentage of GDP,A,Adjusted for breaks,E,End of period,1,One,0,Units,367,Per cent,Malaysia - Credit to Non-financial corporations from All sectors at Market value - Percentage of GDP - Adjusted for breaks,2017-Q3,95.8,A,Normal value,,F,Free
Q,Quarterly,MY,Malaysia,N,Non-financial corporations,A,All sectors,M,Market value,770,Percentage of GDP,A,Adjusted for breaks,E,End of period,1,One,0,Units,367,Per cent,Malaysia - Credit to Non-financial corporations from All sectors at Market value - Percentage of GDP - Adjusted for breaks,2017-Q4,95.7,A,Normal value,,F,Free
Q,Quarterly,MY,Malaysia,N,Non-financial corporations,A,All sectors,M,Market value,770,Percentage of GDP,A,Adjusted for breaks,E,End of period,1,One,0,Units,367,Per cent,Malaysia - Credit to Non-financial corporations from All sectors at Market value - Percentage of GDP - Adjusted for breaks,2018-Q1,96.6,A,Normal value,,F,Free
Q,Quarterly,MY,Malaysia,N,Non-financial corporations,A,All sectors,M,Market value,770,Percentage of GDP,A,Adjusted for breaks,E,End of period,1,One,0,Units,367,Per cent,Malaysia - Credit to Non-financial corporations from All sectors at Market value - Percentage of GDP - Adjusted for breaks,2018-Q2,97.0,A,Normal value,,F,Free
Q,Quarterly,MY,Malaysia,N,Non-financial corporations,A,All sectors,M,Market value,770,Percentage of GDP,A,Adjusted for breaks,E,End of period,1,One,0,Units,367,Per cent,Malaysia - Credit to Non-financial corporations from All sectors at Market value - Percentage of GDP - Adjusted for breaks,2018-Q3,96.2,A,Normal value,,F,Free
Q,Quarterly,MY,Malaysia,N,Non-financial corporations,A,All sectors,M,Market value,770,Percentage of GDP,A,Adjusted for breaks,E,End of period,1,One,0,Units,367,Per cent,Malaysia - Credit to Non-financial corporations from All sectors at Market value - Percentage of GDP - Adjusted for breaks,2018-Q4,96.0,A,Normal value,,F,Free
Q,Quarterly,MY,Malaysia,N,Non-financial corporations,A,All sectors,M,Market value,770,Percentage of GDP,A,Adjusted for breaks,E,End of period,1,One,0,Units,367,Per cent,Malaysia - Credit to Non-financial corporations from All sectors at Market value - Percentage of GDP - Adjusted for breaks,2019-Q1,95.6,A,Normal value,,F,Free
Q,Quarterly,MY,Malaysia,N,Non-financial corporations,A,All sectors,M,Market value,770,Percentage of GDP,A,Adjusted for breaks,E,End of period,1,One,0,Units,367,Per cent,Malaysia - Credit to Non-financial corporations from All sectors at Market value - Percentage of GDP - Adjusted for breaks,2019-Q2,97.3,A,Normal value,,F,Free
Q,Quarterly,MY,Malaysia,N,Non-financial corporations,A,All sectors,M,Market value,770,Percentage of GDP,A,Adjusted for breaks,E,End of period,1,One,0,Units,367,Per cent,Malaysia - Credit to Non-financial corporations from All sectors at Market value - Percentage of GDP - Adjusted for breaks,2019-Q3,96.0,A,Normal value,,F,Free
Q,Quarterly,MY,Malaysia,N,Non-financial corporations,A,All sectors,M,Market value,770,Percentage of GDP,A,Adjusted for breaks,E,End of period,1,One,0,Units,367,Per cent,Malaysia - Credit to Non-financial corporations from All sectors at Market value - Percentage of GDP - Adjusted for breaks,2019-Q4,96.0,A,Normal value,,F,Free
Q,Quarterly,MY,Malaysia,N,Non-financial corporations,A,All sectors,M,Market value,770,Percentage of GDP,A,Adjusted for breaks,E,End of period,1,One,0,Units,367,Per cent,Malaysia - Credit to Non-financial corporations from All sectors at Market value - Percentage of GDP - Adjusted for breaks,2020-Q1,97.2,A,Normal value,,F,Free
Q,Quarterly,MY,Malaysia,N,Non-financial corporations,A,All sectors,M,Market value,770,Percentage of GDP,A,Adjusted for breaks,E,End of period,1,One,0,Units,367,Per cent,Malaysia - Credit to Non-financial corporations from All sectors at Market value - Percentage of GDP - Adjusted for breaks,2020-Q2,103.7,A,Normal value,,F,Free
Q,Quarterly,MY,Malaysia,N,Non-financial corporations,A,All sectors,M,Market value,770,Percentage of GDP,A,Adjusted for breaks,E,End of period,1,One,0,Units,367,Per cent,Malaysia - Credit to Non-financial corporations from All sectors at Market value - Percentage of GDP - Adjusted for breaks,2020-Q3,104.2,A,Normal value,,F,Free
Q,Quarterly,MY,Malaysia,N,Non-financial corporations,A,All sectors,M,Market value,770,Percentage of GDP,A,Adjusted for breaks,E,End of period,1,One,0,Units,367,Per cent,Malaysia - Credit to Non-financial corporations from All sectors at Market value - Percentage of GDP - Adjusted for breaks,2020-Q4,105.4,A,Normal value,,F,Free
Q,Quarterly,MY,Malaysia,N,Non-financial corporations,A,All sectors,M,Market value,770,Percentage of GDP,A,Adjusted for breaks,E,End of period,1,One,0,Units,367,Per cent,Malaysia - Credit to Non-financial corporations from All sectors at Market value - Percentage of GDP - Adjusted for breaks,2021-Q1,106.3,A,Normal value,,F,Free
Q,Quarterly,MY,Malaysia,N,Non-financial corporations,A,All sectors,M,Market value,770,Percentage of GDP,A,Adjusted for breaks,E,End of period,1,One,0,Units,367,Per cent,Malaysia - Credit to Non-financial corporations from All sectors at Market value - Percentage of GDP - Adjusted for breaks,2021-Q2,102.8,A,Normal value,,F,Free
Q,Quarterly,MY,Malaysia,N,Non-financial corporations,A,All sectors,M,Market value,770,Percentage of GDP,A,Adjusted for breaks,E,End of period,1,One,0,Units,367,Per cent,Malaysia - Credit to Non-financial corporations from All sectors at Market value - Percentage of GDP - Adjusted for breaks,2021-Q3,103.5,A,Normal value,,F,Free
Q,Quarterly,MY,Malaysia,N,Non-financial corporations,A,All sectors,M,Market value,770,Percentage of GDP,A,Adjusted for breaks,E,End of period,1,One,0,Units,367,Per cent,Malaysia - Credit to Non-financial corporations from All sectors at Market value - Percentage of GDP - Adjusted for breaks,2021-Q4,101.8,A,Normal value,,F,Free
Q,Quarterly,MY,Malaysia,N,Non-financial corporations,A,All sectors,M,Market value,770,Percentage of GDP,A,Adjusted for breaks,E,End of period,1,One,0,Units,367,Per cent,Malaysia - Credit to Non-financial corporations from All sectors at Market value - Percentage of GDP - Adjusted for breaks,2022-Q1,99.1,A,Normal value,,F,Free
Q,Quarterly,MY,Malaysia,N,Non-financial corporations,A,All sectors,M,Market value,770,Percentage of GDP,A,Adjusted for breaks,E,End of period,1,One,0,Units,367,Per cent,Malaysia - Credit to Non-financial corporations from All sectors at Market value - Percentage of GDP - Adjusted for breaks,2022-Q2,95.2,A,Normal value,,F,Free
Q,Quarterly,MY,Malaysia,N,Non-financial corporations,A,All sectors,M,Market value,770,Percentage of GDP,A,Adjusted for breaks,E,End of period,1,One,0,Units,367,Per cent,Malaysia - Credit to Non-financial corporations from All sectors at Market value - Percentage of GDP - Adjusted for breaks,2022-Q3,89.1,A,Normal value,,F,Free
Q,Quarterly,MY,Malaysia,N,Non-financial corporations,A,All sectors,M,Market value,770,Percentage of GDP,A,Adjusted for breaks,E,End of period,1,One,0,Units,367,Per cent,Malaysia - Credit to Non-financial corporations from All sectors at Market value - Percentage of GDP - Adjusted for breaks,2022-Q4,87.5,A,Normal value,,F,Free
Q,Quarterly,MY,Malaysia,N,Non-financial corporations,A,All sectors,M,Market value,770,Percentage of GDP,A,Adjusted for breaks,E,End of period,1,One,0,Units,367,Per cent,Malaysia - Credit to Non-financial corporations from All sectors at Market value - Percentage of GDP - Adjusted for breaks,2023-Q1,86.9,A,Normal value,,F,Free
Q,Quarterly,MY,Malaysia,N,Non-financial corporations,A,All sectors,M,Market value,770,Percentage of GDP,A,Adjusted for breaks,E,End of period,1,One,0,Units,367,Per cent,Malaysia - Credit to Non-financial corporations from All sectors at Market value - Percentage of GDP - Adjusted for breaks,2023-Q2,88.3,A,Normal value,,F,Free
Q,Quarterly,MY,Malaysia,N,Non-financial corporations,A,All sectors,M,Market value,770,Percentage of GDP,A,Adjusted for breaks,E,End of period,1,One,0,Units,367,Per cent,Malaysia - Credit to Non-financial corporations from All sectors at Market value - Percentage of GDP - Adjusted for breaks,2023-Q3,88.9,A,Normal value,,F,Free
Q,Quarterly,MY,Malaysia,N,Non-financial corporations,A,All sectors,M,Market value,770,Percentage of GDP,A,Adjusted for breaks,E,End of period,1,One,0,Units,367,Per cent,Malaysia - Credit to Non-financial corporations from All sectors at Market value - Percentage of GDP - Adjusted for breaks,2023-Q4,89.6,A,Normal value,,F,Free
Q,Quarterly,MY,Malaysia,N,Non-financial corporations,A,All sectors,M,Market value,770,Percentage of GDP,A,Adjusted for breaks,E,End of period,1,One,0,Units,367,Per cent,Malaysia - Credit to Non-financial corporations from All sectors at Market value - Percentage of GDP - Adjusted for breaks,2024-Q1,89.4,A,Normal value,,F,Free
Q,Quarterly,MY,Malaysia,N,Non-financial corporations,A,All sectors,M,Market value,770,Percentage of GDP,A,Adjusted for breaks,E,End of period,1,One,0,Units,367,Per cent,Malaysia - Credit to Non-financial corporations from All sectors at Market value - Percentage of GDP - Adjusted for breaks,2024-Q2,88.5,A,Normal value,,F,Free
Q,Quarterly,MY,Malaysia,N,Non-financial corporations,A,All sectors,M,Market value,770,Percentage of GDP,A,Adjusted for breaks,E,End of period,1,One,0,Units,367,Per cent,Malaysia - Credit to Non-financial corporations from All sectors at Market value - Percentage of GDP - Adjusted for breaks,2024-Q3,86.1,A,Normal value,,F,Free
Q,Quarterly,MY,Malaysia,N,Non-financial corporations,A,All sectors,M,Market value,770,Percentage of GDP,A,Adjusted for breaks,E,End of period,1,One,0,Units,367,Per cent,Malaysia - Credit to Non-financial corporations from All sectors at Market value - Percentage of GDP - Adjusted for breaks,2024-Q4,87.4,A,Normal value,,F,Free
Q,Quarterly,MY,Malaysia,N,Non-financial corporations,A,All sectors,M,Market value,770,Percentage of GDP,A,Adjusted for breaks,E,End of period,1,One,0,Units,367,Per cent,Malaysia - Credit to Non-financial corporations from All sectors at Market value - Percentage of GDP - Adjusted for breaks,2025-Q1,87.3,A,Normal value,,F,Free
Q,Quarterly,MY,Malaysia,N,Non-financial corporations,A,All sectors,M,Market value,770,Percentage of GDP,A,Adjusted for breaks,E,End of period,1,One,0,Units,367,Per cent,Malaysia - Credit to Non-financial corporations from All sectors at Market value - Percentage of GDP - Adjusted for breaks,2025-Q2,88.0,A,Normal value,,F,Free
Q,Quarterly,MY,Malaysia,N,Non-financial corporations,A,All sectors,M,Market value,770,Percentage of GDP,A,Adjusted for breaks,E,End of period,1,One,0,Units,367,Per cent,Malaysia - Credit to Non-financial corporations from All sectors at Market value - Percentage of GDP - Adjusted for breaks,2025-Q3,88.4,A,Normal value,,F,Free
Q,Quarterly,MY,Malaysia,N,Non-financial corporations,A,All sectors,M,Market value,770,Percentage of GDP,A,Adjusted for breaks,E,End of period,1,One,0,Units,367,Per cent,Malaysia - Credit to Non-financial corporations from All sectors at Market value - Percentage of GDP - Adjusted for breaks,2025-Q4,88.6,A,Normal value,,F,Free
