FREQ,Frequency,BORROWERS_CTY,Borrowers' country,DSR_BORROWERS,Borrowers,COLLECTION,Collection Indicator,UNIT_MEASURE,Unit of measure,UNIT_MULT,Unit Multiplier,DECIMALS,Decimals,TITLE_TS,TIME_PERIOD,OBS_VALUE,OBS_CONF,Observation confidentiality,OBS_PRE_BREAK,OBS_STATUS,Observation Status
Q,Quarterly,KR,Korea,N,Non-financial corporations,,,367,Per cent,0,Units,1,One,Korea - Non-financial corporations,1999-Q1,65.9,F,Free,,A,Normal value
Q,Quarterly,KR,Korea,N,Non-financial corporations,,,367,Per cent,0,Units,1,One,Korea - Non-financial corporations,1999-Q2,61.7,F,Free,,A,Normal value
Q,Quarterly,KR,Korea,N,Non-financial corporations,,,367,Per cent,0,Units,1,One,Korea - Non-financial corporations,1999-Q3,58.0,F,Free,,A,Normal value
Q,Quarterly,KR,Korea,N,Non-financial corporations,,,367,Per cent,0,Units,1,One,Korea - Non-financial corporations,1999-Q4,53.8,F,Free,,A,Normal value
Q,Quarterly,KR,Korea,N,Non-financial corporations,,,367,Per cent,0,Units,1,One,Korea - Non-financial corporations,2000-Q1,51.1,F,Free,,A,Normal value
Q,Quarterly,KR,Korea,N,Non-financial corporations,,,367,Per cent,0,Units,1,One,Korea - Non-financial corporations,2000-Q2,49.2,F,Free,,A,Normal value
Q,Quarterly,KR,Korea,N,Non-financial corporations,,,367,Per cent,0,Units,1,One,Korea - Non-financial corporations,2000-Q3,48.0,F,Free,,A,Normal value
Q,Quarterly,KR,Korea,N,Non-financial corporations,,,367,Per cent,0,Units,1,One,Korea - Non-financial corporations,2000-Q4,46.7,F,Free,,A,Normal value
Q,Quarterly,KR,Korea,N,Non-financial corporations,,,367,Per cent,0,Units,1,One,Korea - Non-financial corporations,2001-Q1,45.9,F,Free,,A,Normal value
Q,Quarterly,KR,Korea,N,Non-financial corporations,,,367,Per cent,0,Units,1,One,Korea - Non-financial corporations,2001-Q2,44.4,F,Free,,A,Normal value
Q,Quarterly,KR,Korea,N,Non-financial corporations,,,367,Per cent,0,Units,1,One,Korea - Non-financial corporations,2001-Q3,43.4,F,Free,,A,Normal value
Q,Quarterly,KR,Korea,N,Non-financial corporations,,,367,Per cent,0,Units,1,One,Korea - Non-financial corporations,2001-Q4,41.5,F,Free,,A,Normal value
Q,Quarterly,KR,Korea,N,Non-financial corporations,,,367,Per cent,0,Units,1,One,Korea - Non-financial corporations,2002-Q1,40.4,F,Free,,A,Normal value
Q,Quarterly,KR,Korea,N,Non-financial corporations,,,367,Per cent,0,Units,1,One,Korea - Non-financial corporations,2002-Q2,39.1,F,Free,,A,Normal value
Q,Quarterly,KR,Korea,N,Non-financial corporations,,,367,Per cent,0,Units,1,One,Korea - Non-financial corporations,2002-Q3,38.1,F,Free,,A,Normal value
Q,Quarterly,KR,Korea,N,Non-financial corporations,,,367,Per cent,0,Units,1,One,Korea - Non-financial corporations,2002-Q4,37.4,F,Free,,A,Normal value
Q,Quarterly,KR,Korea,N,Non-financial corporations,,,367,Per cent,0,Units,1,One,Korea - Non-financial corporations,2003-Q1,37.6,F,Free,,A,Normal value
Q,Quarterly,KR,Korea,N,Non-financial corporations,,,367,Per cent,0,Units,1,One,Korea - Non-financial corporations,2003-Q2,37.6,F,Free,,A,Normal value
Q,Quarterly,KR,Korea,N,Non-financial corporations,,,367,Per cent,0,Units,1,One,Korea - Non-financial corporations,2003-Q3,37.3,F,Free,,A,Normal value
Q,Quarterly,KR,Korea,N,Non-financial corporations,,,367,Per cent,0,Units,1,One,Korea - Non-financial corporations,2003-Q4,36.5,F,Free,,A,Normal value
Q,Quarterly,KR,Korea,N,Non-financial corporations,,,367,Per cent,0,Units,1,One,Korea - Non-financial corporations,2004-Q1,35.8,F,Free,,A,Normal value
Q,Quarterly,KR,Korea,N,Non-financial corporations,,,367,Per cent,0,Units,1,One,Korea - Non-financial corporations,2004-Q2,34.3,F,Free,,A,Normal value
Q,Quarterly,KR,Korea,N,Non-financial corporations,,,367,Per cent,0,Units,1,One,Korea - Non-financial corporations,2004-Q3,33.2,F,Free,,A,Normal value
Q,Quarterly,KR,Korea,N,Non-financial corporations,,,367,Per cent,0,Units,1,One,Korea - Non-financial corporations,2004-Q4,31.6,F,Free,,A,Normal value
Q,Quarterly,KR,Korea,N,Non-financial corporations,,,367,Per cent,0,Units,1,One,Korea - Non-financial corporations,2005-Q1,31.4,F,Free,,A,Normal value
Q,Quarterly,KR,Korea,N,Non-financial corporations,,,367,Per cent,0,Units,1,One,Korea - Non-financial corporations,2005-Q2,31.4,F,Free,,A,Normal value
Q,Quarterly,KR,Korea,N,Non-financial corporations,,,367,Per cent,0,Units,1,One,Korea - Non-financial corporations,2005-Q3,31.4,F,Free,,A,Normal value
Q,Quarterly,KR,Korea,N,Non-financial corporations,,,367,Per cent,0,Units,1,One,Korea - Non-financial corporations,2005-Q4,31.6,F,Free,,A,Normal value
Q,Quarterly,KR,Korea,N,Non-financial corporations,,,367,Per cent,0,Units,1,One,Korea - Non-financial corporations,2006-Q1,32.1,F,Free,,A,Normal value
Q,Quarterly,KR,Korea,N,Non-financial corporations,,,367,Per cent,0,Units,1,One,Korea - Non-financial corporations,2006-Q2,32.9,F,Free,,A,Normal value
Q,Quarterly,KR,Korea,N,Non-financial corporations,,,367,Per cent,0,Units,1,One,Korea - Non-financial corporations,2006-Q3,33.7,F,Free,,A,Normal value
Q,Quarterly,KR,Korea,N,Non-financial corporations,,,367,Per cent,0,Units,1,One,Korea - Non-financial corporations,2006-Q4,34.2,F,Free,,A,Normal value
Q,Quarterly,KR,Korea,N,Non-financial corporations,,,367,Per cent,0,Units,1,One,Korea - Non-financial corporations,2007-Q1,34.9,F,Free,,A,Normal value
Q,Quarterly,KR,Korea,N,Non-financial corporations,,,367,Per cent,0,Units,1,One,Korea - Non-financial corporations,2007-Q2,35.2,F,Free,,A,Normal value
Q,Quarterly,KR,Korea,N,Non-financial corporations,,,367,Per cent,0,Units,1,One,Korea - Non-financial corporations,2007-Q3,35.4,F,Free,,A,Normal value
Q,Quarterly,KR,Korea,N,Non-financial corporations,,,367,Per cent,0,Units,1,One,Korea - Non-financial corporations,2007-Q4,35.6,F,Free,,A,Normal value
Q,Quarterly,KR,Korea,N,Non-financial corporations,,,367,Per cent,0,Units,1,One,Korea - Non-financial corporations,2008-Q1,36.7,F,Free,,A,Normal value
Q,Quarterly,KR,Korea,N,Non-financial corporations,,,367,Per cent,0,Units,1,One,Korea - Non-financial corporations,2008-Q2,37.5,F,Free,,A,Normal value
Q,Quarterly,KR,Korea,N,Non-financial corporations,,,367,Per cent,0,Units,1,One,Korea - Non-financial corporations,2008-Q3,38.8,F,Free,,A,Normal value
Q,Quarterly,KR,Korea,N,Non-financial corporations,,,367,Per cent,0,Units,1,One,Korea - Non-financial corporations,2008-Q4,40.0,F,Free,,A,Normal value
Q,Quarterly,KR,Korea,N,Non-financial corporations,,,367,Per cent,0,Units,1,One,Korea - Non-financial corporations,2009-Q1,40.4,F,Free,,A,Normal value
Q,Quarterly,KR,Korea,N,Non-financial corporations,,,367,Per cent,0,Units,1,One,Korea - Non-financial corporations,2009-Q2,40.4,F,Free,,A,Normal value
Q,Quarterly,KR,Korea,N,Non-financial corporations,,,367,Per cent,0,Units,1,One,Korea - Non-financial corporations,2009-Q3,40.5,F,Free,,A,Normal value
Q,Quarterly,KR,Korea,N,Non-financial corporations,,,367,Per cent,0,Units,1,One,Korea - Non-financial corporations,2009-Q4,39.8,F,Free,,A,Normal value
Q,Quarterly,KR,Korea,N,Non-financial corporations,,,367,Per cent,0,Units,1,One,Korea - Non-financial corporations,2010-Q1,38.3,F,Free,,A,Normal value
Q,Quarterly,KR,Korea,N,Non-financial corporations,,,367,Per cent,0,Units,1,One,Korea - Non-financial corporations,2010-Q2,36.9,F,Free,,A,Normal value
Q,Quarterly,KR,Korea,N,Non-financial corporations,,,367,Per cent,0,Units,1,One,Korea - Non-financial corporations,2010-Q3,35.6,F,Free,,A,Normal value
Q,Quarterly,KR,Korea,N,Non-financial corporations,,,367,Per cent,0,Units,1,One,Korea - Non-financial corporations,2010-Q4,34.4,F,Free,,A,Normal value
Q,Quarterly,KR,Korea,N,Non-financial corporations,,,367,Per cent,0,Units,1,One,Korea - Non-financial corporations,2011-Q1,34.5,F,Free,,A,Normal value
Q,Quarterly,KR,Korea,N,Non-financial corporations,,,367,Per cent,0,Units,1,One,Korea - Non-financial corporations,2011-Q2,34.8,F,Free,,A,Normal value
Q,Quarterly,KR,Korea,N,Non-financial corporations,,,367,Per cent,0,Units,1,One,Korea - Non-financial corporations,2011-Q3,35.6,F,Free,,A,Normal value
Q,Quarterly,KR,Korea,N,Non-financial corporations,,,367,Per cent,0,Units,1,One,Korea - Non-financial corporations,2011-Q4,35.4,F,Free,,A,Normal value
Q,Quarterly,KR,Korea,N,Non-financial corporations,,,367,Per cent,0,Units,1,One,Korea - Non-financial corporations,2012-Q1,35.6,F,Free,,A,Normal value
Q,Quarterly,KR,Korea,N,Non-financial corporations,,,367,Per cent,0,Units,1,One,Korea - Non-financial corporations,2012-Q2,35.8,F,Free,,A,Normal value
Q,Quarterly,KR,Korea,N,Non-financial corporations,,,367,Per cent,0,Units,1,One,Korea - Non-financial corporations,2012-Q3,35.9,F,Free,,A,Normal value
Q,Quarterly,KR,Korea,N,Non-financial corporations,,,367,Per cent,0,Units,1,One,Korea - Non-financial corporations,2012-Q4,35.1,F,Free,,A,Normal value
Q,Quarterly,KR,Korea,N,Non-financial corporations,,,367,Per cent,0,Units,1,One,Korea - Non-financial corporations,2013-Q1,36.4,F,Free,,A,Normal value
Q,Quarterly,KR,Korea,N,Non-financial corporations,,,367,Per cent,0,Units,1,One,Korea - Non-financial corporations,2013-Q2,36.1,F,Free,,A,Normal value
Q,Quarterly,KR,Korea,N,Non-financial corporations,,,367,Per cent,0,Units,1,One,Korea - Non-financial corporations,2013-Q3,35.8,F,Free,,A,Normal value
Q,Quarterly,KR,Korea,N,Non-financial corporations,,,367,Per cent,0,Units,1,One,Korea - Non-financial corporations,2013-Q4,35.2,F,Free,,A,Normal value
Q,Quarterly,KR,Korea,N,Non-financial corporations,,,367,Per cent,0,Units,1,One,Korea - Non-financial corporations,2014-Q1,35.3,F,Free,,A,Normal value
Q,Quarterly,KR,Korea,N,Non-financial corporations,,,367,Per cent,0,Units,1,One,Korea - Non-financial corporations,2014-Q2,35.3,F,Free,,A,Normal value
Q,Quarterly,KR,Korea,N,Non-financial corporations,,,367,Per cent,0,Units,1,One,Korea - Non-financial corporations,2014-Q3,35.5,F,Free,,A,Normal value
Q,Quarterly,KR,Korea,N,Non-financial corporations,,,367,Per cent,0,Units,1,One,Korea - Non-financial corporations,2014-Q4,35.4,F,Free,,A,Normal value
Q,Quarterly,KR,Korea,N,Non-financial corporations,,,367,Per cent,0,Units,1,One,Korea - Non-financial corporations,2015-Q1,35.3,F,Free,,A,Normal value
Q,Quarterly,KR,Korea,N,Non-financial corporations,,,367,Per cent,0,Units,1,One,Korea - Non-financial corporations,2015-Q2,34.9,F,Free,,A,Normal value
Q,Quarterly,KR,Korea,N,Non-financial corporations,,,367,Per cent,0,Units,1,One,Korea - Non-financial corporations,2015-Q3,34.8,F,Free,,A,Normal value
Q,Quarterly,KR,Korea,N,Non-financial corporations,,,367,Per cent,0,Units,1,One,Korea - Non-financial corporations,2015-Q4,34.5,F,Free,,A,Normal value
Q,Quarterly,KR,Korea,N,Non-financial corporations,,,367,Per cent,0,Units,1,One,Korea - Non-financial corporations,2016-Q1,34.3,F,Free,,A,Normal value
Q,Quarterly,KR,Korea,N,Non-financial corporations,,,367,Per cent,0,Units,1,One,Korea - Non-financial corporations,2016-Q2,33.9,F,Free,,A,Normal value
Q,Quarterly,KR,Korea,N,Non-financial corporations,,,367,Per cent,0,Units,1,One,Korea - Non-financial corporations,2016-Q3,33.3,F,Free,,A,Normal value
Q,Quarterly,KR,Korea,N,Non-financial corporations,,,367,Per cent,0,Units,1,One,Korea - Non-financial corporations,2016-Q4,32.6,F,Free,,A,Normal value
Q,Quarterly,KR,Korea,N,Non-financial corporations,,,367,Per cent,0,Units,1,One,Korea - Non-financial corporations,2017-Q1,32.0,F,Free,,A,Normal value
Q,Quarterly,KR,Korea,N,Non-financial corporations,,,367,Per cent,0,Units,1,One,Korea - Non-financial corporations,2017-Q2,31.8,F,Free,,A,Normal value
Q,Quarterly,KR,Korea,N,Non-financial corporations,,,367,Per cent,0,Units,1,One,Korea - Non-financial corporations,2017-Q3,31.2,F,Free,,A,Normal value
Q,Quarterly,KR,Korea,N,Non-financial corporations,,,367,Per cent,0,Units,1,One,Korea - Non-financial corporations,2017-Q4,30.9,F,Free,,A,Normal value
Q,Quarterly,KR,Korea,N,Non-financial corporations,,,367,Per cent,0,Units,1,One,Korea - Non-financial corporations,2018-Q1,31.2,F,Free,,A,Normal value
Q,Quarterly,KR,Korea,N,Non-financial corporations,,,367,Per cent,0,Units,1,One,Korea - Non-financial corporations,2018-Q2,31.7,F,Free,,A,Normal value
Q,Quarterly,KR,Korea,N,Non-financial corporations,,,367,Per cent,0,Units,1,One,Korea - Non-financial corporations,2018-Q3,32.5,F,Free,,A,Normal value
Q,Quarterly,KR,Korea,N,Non-financial corporations,,,367,Per cent,0,Units,1,One,Korea - Non-financial corporations,2018-Q4,33.0,F,Free,,A,Normal value
Q,Quarterly,KR,Korea,N,Non-financial corporations,,,367,Per cent,0,Units,1,One,Korea - Non-financial corporations,2019-Q1,33.8,F,Free,,A,Normal value
Q,Quarterly,KR,Korea,N,Non-financial corporations,,,367,Per cent,0,Units,1,One,Korea - Non-financial corporations,2019-Q2,34.7,F,Free,,A,Normal value
Q,Quarterly,KR,Korea,N,Non-financial corporations,,,367,Per cent,0,Units,1,One,Korea - Non-financial corporations,2019-Q3,35.2,F,Free,,A,Normal value
Q,Quarterly,KR,Korea,N,Non-financial corporations,,,367,Per cent,0,Units,1,One,Korea - Non-financial corporations,2019-Q4,35.4,F,Free,,A,Normal value
Q,Quarterly,KR,Korea,N,Non-financial corporations,,,367,Per cent,0,Units,1,One,Korea - Non-financial corporations,2020-Q1,36.2,F,Free,,A,Normal value
Q,Quarterly,KR,Korea,N,Non-financial corporations,,,367,Per cent,0,Units,1,One,Korea - Non-financial corporations,2020-Q2,36.8,F,Free,,A,Normal value
Q,Quarterly,KR,Korea,N,Non-financial corporations,,,367,Per cent,0,Units,1,One,Korea - Non-financial corporations,2020-Q3,36.8,F,Free,,A,Normal value
Q,Quarterly,KR,Korea,N,Non-financial corporations,,,367,Per cent,0,Units,1,One,Korea - Non-financial corporations,2020-Q4,36.2,F,Free,,A,Normal value
Q,Quarterly,KR,Korea,N,Non-financial corporations,,,367,Per cent,0,Units,1,One,Korea - Non-financial corporations,2021-Q1,35.7,F,Free,,A,Normal value
Q,Quarterly,KR,Korea,N,Non-financial corporations,,,367,Per cent,0,Units,1,One,Korea - Non-financial corporations,2021-Q2,35.1,F,Free,,A,Normal value
Q,Quarterly,KR,Korea,N,Non-financial corporations,,,367,Per cent,0,Units,1,One,Korea - Non-financial corporations,2021-Q3,34.7,F,Free,,A,Normal value
Q,Quarterly,KR,Korea,N,Non-financial corporations,,,367,Per cent,0,Units,1,One,Korea - Non-financial corporations,2021-Q4,34.8,F,Free,,A,Normal value
Q,Quarterly,KR,Korea,N,Non-financial corporations,,,367,Per cent,0,Units,1,One,Korea - Non-financial corporations,2022-Q1,35.3,F,Free,,A,Normal value
Q,Quarterly,KR,Korea,N,Non-financial corporations,,,367,Per cent,0,Units,1,One,Korea - Non-financial corporations,2022-Q2,36.7,F,Free,,A,Normal value
Q,Quarterly,KR,Korea,N,Non-financial corporations,,,367,Per cent,0,Units,1,One,Korea - Non-financial corporations,2022-Q3,38.7,F,Free,,A,Normal value
Q,Quarterly,KR,Korea,N,Non-financial corporations,,,367,Per cent,0,Units,1,One,Korea - Non-financial corporations,2022-Q4,40.4,F,Free,,A,Normal value
Q,Quarterly,KR,Korea,N,Non-financial corporations,,,367,Per cent,0,Units,1,One,Korea - Non-financial corporations,2023-Q1,42.2,F,Free,,A,Normal value
Q,Quarterly,KR,Korea,N,Non-financial corporations,,,367,Per cent,0,Units,1,One,Korea - Non-financial corporations,2023-Q2,42.7,F,Free,,A,Normal value
Q,Quarterly,KR,Korea,N,Non-financial corporations,,,367,Per cent,0,Units,1,One,Korea - Non-financial corporations,2023-Q3,42.9,F,Free,,A,Normal value
Q,Quarterly,KR,Korea,N,Non-financial corporations,,,367,Per cent,0,Units,1,One,Korea - Non-financial corporations,2023-Q4,42.2,F,Free,,A,Normal value
Q,Quarterly,KR,Korea,N,Non-financial corporations,,,367,Per cent,0,Units,1,One,Korea - Non-financial corporations,2024-Q1,41.3,F,Free,,A,Normal value
Q,Quarterly,KR,Korea,N,Non-financial corporations,,,367,Per cent,0,Units,1,One,Korea - Non-financial corporations,2024-Q2,40.3,F,Free,,A,Normal value
Q,Quarterly,KR,Korea,N,Non-financial corporations,,,367,Per cent,0,Units,1,One,Korea - Non-financial corporations,2024-Q3,39.3,F,Free,,A,Normal value
Q,Quarterly,KR,Korea,N,Non-financial corporations,,,367,Per cent,0,Units,1,One,Korea - Non-financial corporations,2024-Q4,38.4,F,Free,,A,Normal value
Q,Quarterly,KR,Korea,N,Non-financial corporations,,,367,Per cent,0,Units,1,One,Korea - Non-financial corporations,2025-Q1,37.9,F,Free,,A,Normal value
Q,Quarterly,KR,Korea,N,Non-financial corporations,,,367,Per cent,0,Units,1,One,Korea - Non-financial corporations,2025-Q2,37.2,F,Free,,A,Normal value
Q,Quarterly,KR,Korea,N,Non-financial corporations,,,367,Per cent,0,Units,1,One,Korea - Non-financial corporations,2025-Q3,36.8,F,Free,,A,Normal value
Q,Quarterly,KR,Korea,N,Non-financial corporations,,,367,Per cent,0,Units,1,One,Korea - Non-financial corporations,2025-Q4,36.4,F,Free,,A,Normal value
Q,Quarterly,KR,Korea,P,Private non-financial sector,,,367,Per cent,0,Units,1,One,Korea - Private non-financial sector,1999-Q1,23.4,F,Free,,A,Normal value
Q,Quarterly,KR,Korea,P,Private non-financial sector,,,367,Per cent,0,Units,1,One,Korea - Private non-financial sector,1999-Q2,22.3,F,Free,,A,Normal value
Q,Quarterly,KR,Korea,P,Private non-financial sector,,,367,Per cent,0,Units,1,One,Korea - Private non-financial sector,1999-Q3,21.4,F,Free,,A,Normal value
Q,Quarterly,KR,Korea,P,Private non-financial sector,,,367,Per cent,0,Units,1,One,Korea - Private non-financial sector,1999-Q4,20.6,F,Free,,A,Normal value
Q,Quarterly,KR,Korea,P,Private non-financial sector,,,367,Per cent,0,Units,1,One,Korea - Private non-financial sector,2000-Q1,20.5,F,Free,,A,Normal value
Q,Quarterly,KR,Korea,P,Private non-financial sector,,,367,Per cent,0,Units,1,One,Korea - Private non-financial sector,2000-Q2,20.3,F,Free,,A,Normal value
Q,Quarterly,KR,Korea,P,Private non-financial sector,,,367,Per cent,0,Units,1,One,Korea - Private non-financial sector,2000-Q3,20.3,F,Free,,A,Normal value
Q,Quarterly,KR,Korea,P,Private non-financial sector,,,367,Per cent,0,Units,1,One,Korea - Private non-financial sector,2000-Q4,20.1,F,Free,,A,Normal value
Q,Quarterly,KR,Korea,P,Private non-financial sector,,,367,Per cent,0,Units,1,One,Korea - Private non-financial sector,2001-Q1,20.0,F,Free,,A,Normal value
Q,Quarterly,KR,Korea,P,Private non-financial sector,,,367,Per cent,0,Units,1,One,Korea - Private non-financial sector,2001-Q2,19.6,F,Free,,A,Normal value
Q,Quarterly,KR,Korea,P,Private non-financial sector,,,367,Per cent,0,Units,1,One,Korea - Private non-financial sector,2001-Q3,19.3,F,Free,,A,Normal value
Q,Quarterly,KR,Korea,P,Private non-financial sector,,,367,Per cent,0,Units,1,One,Korea - Private non-financial sector,2001-Q4,18.7,F,Free,,A,Normal value
Q,Quarterly,KR,Korea,P,Private non-financial sector,,,367,Per cent,0,Units,1,One,Korea - Private non-financial sector,2002-Q1,18.4,F,Free,,A,Normal value
Q,Quarterly,KR,Korea,P,Private non-financial sector,,,367,Per cent,0,Units,1,One,Korea - Private non-financial sector,2002-Q2,18.2,F,Free,,A,Normal value
Q,Quarterly,KR,Korea,P,Private non-financial sector,,,367,Per cent,0,Units,1,One,Korea - Private non-financial sector,2002-Q3,18.0,F,Free,,A,Normal value
Q,Quarterly,KR,Korea,P,Private non-financial sector,,,367,Per cent,0,Units,1,One,Korea - Private non-financial sector,2002-Q4,17.7,F,Free,,A,Normal value
Q,Quarterly,KR,Korea,P,Private non-financial sector,,,367,Per cent,0,Units,1,One,Korea - Private non-financial sector,2003-Q1,17.5,F,Free,,A,Normal value
Q,Quarterly,KR,Korea,P,Private non-financial sector,,,367,Per cent,0,Units,1,One,Korea - Private non-financial sector,2003-Q2,17.2,F,Free,,A,Normal value
Q,Quarterly,KR,Korea,P,Private non-financial sector,,,367,Per cent,0,Units,1,One,Korea - Private non-financial sector,2003-Q3,16.9,F,Free,,A,Normal value
Q,Quarterly,KR,Korea,P,Private non-financial sector,,,367,Per cent,0,Units,1,One,Korea - Private non-financial sector,2003-Q4,16.5,F,Free,,A,Normal value
Q,Quarterly,KR,Korea,P,Private non-financial sector,,,367,Per cent,0,Units,1,One,Korea - Private non-financial sector,2004-Q1,16.1,F,Free,,A,Normal value
Q,Quarterly,KR,Korea,P,Private non-financial sector,,,367,Per cent,0,Units,1,One,Korea - Private non-financial sector,2004-Q2,15.7,F,Free,,A,Normal value
Q,Quarterly,KR,Korea,P,Private non-financial sector,,,367,Per cent,0,Units,1,One,Korea - Private non-financial sector,2004-Q3,15.5,F,Free,,A,Normal value
Q,Quarterly,KR,Korea,P,Private non-financial sector,,,367,Per cent,0,Units,1,One,Korea - Private non-financial sector,2004-Q4,15.3,F,Free,,A,Normal value
Q,Quarterly,KR,Korea,P,Private non-financial sector,,,367,Per cent,0,Units,1,One,Korea - Private non-financial sector,2005-Q1,15.6,F,Free,,A,Normal value
Q,Quarterly,KR,Korea,P,Private non-financial sector,,,367,Per cent,0,Units,1,One,Korea - Private non-financial sector,2005-Q2,15.9,F,Free,,A,Normal value
Q,Quarterly,KR,Korea,P,Private non-financial sector,,,367,Per cent,0,Units,1,One,Korea - Private non-financial sector,2005-Q3,16.1,F,Free,,A,Normal value
Q,Quarterly,KR,Korea,P,Private non-financial sector,,,367,Per cent,0,Units,1,One,Korea - Private non-financial sector,2005-Q4,16.2,F,Free,,A,Normal value
Q,Quarterly,KR,Korea,P,Private non-financial sector,,,367,Per cent,0,Units,1,One,Korea - Private non-financial sector,2006-Q1,16.2,F,Free,,A,Normal value
Q,Quarterly,KR,Korea,P,Private non-financial sector,,,367,Per cent,0,Units,1,One,Korea - Private non-financial sector,2006-Q2,16.5,F,Free,,A,Normal value
Q,Quarterly,KR,Korea,P,Private non-financial sector,,,367,Per cent,0,Units,1,One,Korea - Private non-financial sector,2006-Q3,16.9,F,Free,,A,Normal value
Q,Quarterly,KR,Korea,P,Private non-financial sector,,,367,Per cent,0,Units,1,One,Korea - Private non-financial sector,2006-Q4,17.3,F,Free,,A,Normal value
Q,Quarterly,KR,Korea,P,Private non-financial sector,,,367,Per cent,0,Units,1,One,Korea - Private non-financial sector,2007-Q1,17.7,F,Free,,A,Normal value
Q,Quarterly,KR,Korea,P,Private non-financial sector,,,367,Per cent,0,Units,1,One,Korea - Private non-financial sector,2007-Q2,17.9,F,Free,,A,Normal value
Q,Quarterly,KR,Korea,P,Private non-financial sector,,,367,Per cent,0,Units,1,One,Korea - Private non-financial sector,2007-Q3,18.0,F,Free,,A,Normal value
Q,Quarterly,KR,Korea,P,Private non-financial sector,,,367,Per cent,0,Units,1,One,Korea - Private non-financial sector,2007-Q4,17.9,F,Free,,A,Normal value
Q,Quarterly,KR,Korea,P,Private non-financial sector,,,367,Per cent,0,Units,1,One,Korea - Private non-financial sector,2008-Q1,17.9,F,Free,,A,Normal value
Q,Quarterly,KR,Korea,P,Private non-financial sector,,,367,Per cent,0,Units,1,One,Korea - Private non-financial sector,2008-Q2,18.0,F,Free,,A,Normal value
Q,Quarterly,KR,Korea,P,Private non-financial sector,,,367,Per cent,0,Units,1,One,Korea - Private non-financial sector,2008-Q3,18.3,F,Free,,A,Normal value
Q,Quarterly,KR,Korea,P,Private non-financial sector,,,367,Per cent,0,Units,1,One,Korea - Private non-financial sector,2008-Q4,18.8,F,Free,,A,Normal value
Q,Quarterly,KR,Korea,P,Private non-financial sector,,,367,Per cent,0,Units,1,One,Korea - Private non-financial sector,2009-Q1,19.1,F,Free,,A,Normal value
Q,Quarterly,KR,Korea,P,Private non-financial sector,,,367,Per cent,0,Units,1,One,Korea - Private non-financial sector,2009-Q2,19.3,F,Free,,A,Normal value
Q,Quarterly,KR,Korea,P,Private non-financial sector,,,367,Per cent,0,Units,1,One,Korea - Private non-financial sector,2009-Q3,19.5,F,Free,,A,Normal value
Q,Quarterly,KR,Korea,P,Private non-financial sector,,,367,Per cent,0,Units,1,One,Korea - Private non-financial sector,2009-Q4,19.5,F,Free,,A,Normal value
Q,Quarterly,KR,Korea,P,Private non-financial sector,,,367,Per cent,0,Units,1,One,Korea - Private non-financial sector,2010-Q1,19.1,F,Free,,A,Normal value
Q,Quarterly,KR,Korea,P,Private non-financial sector,,,367,Per cent,0,Units,1,One,Korea - Private non-financial sector,2010-Q2,18.8,F,Free,,A,Normal value
Q,Quarterly,KR,Korea,P,Private non-financial sector,,,367,Per cent,0,Units,1,One,Korea - Private non-financial sector,2010-Q3,18.5,F,Free,,A,Normal value
Q,Quarterly,KR,Korea,P,Private non-financial sector,,,367,Per cent,0,Units,1,One,Korea - Private non-financial sector,2010-Q4,18.2,F,Free,,A,Normal value
Q,Quarterly,KR,Korea,P,Private non-financial sector,,,367,Per cent,0,Units,1,One,Korea - Private non-financial sector,2011-Q1,18.2,F,Free,,A,Normal value
Q,Quarterly,KR,Korea,P,Private non-financial sector,,,367,Per cent,0,Units,1,One,Korea - Private non-financial sector,2011-Q2,18.3,F,Free,,A,Normal value
Q,Quarterly,KR,Korea,P,Private non-financial sector,,,367,Per cent,0,Units,1,One,Korea - Private non-financial sector,2011-Q3,18.4,F,Free,,A,Normal value
Q,Quarterly,KR,Korea,P,Private non-financial sector,,,367,Per cent,0,Units,1,One,Korea - Private non-financial sector,2011-Q4,18.2,F,Free,,A,Normal value
Q,Quarterly,KR,Korea,P,Private non-financial sector,,,367,Per cent,0,Units,1,One,Korea - Private non-financial sector,2012-Q1,18.0,F,Free,,A,Normal value
Q,Quarterly,KR,Korea,P,Private non-financial sector,,,367,Per cent,0,Units,1,One,Korea - Private non-financial sector,2012-Q2,18.0,F,Free,,A,Normal value
Q,Quarterly,KR,Korea,P,Private non-financial sector,,,367,Per cent,0,Units,1,One,Korea - Private non-financial sector,2012-Q3,18.0,F,Free,,A,Normal value
Q,Quarterly,KR,Korea,P,Private non-financial sector,,,367,Per cent,0,Units,1,One,Korea - Private non-financial sector,2012-Q4,17.8,F,Free,,A,Normal value
Q,Quarterly,KR,Korea,P,Private non-financial sector,,,367,Per cent,0,Units,1,One,Korea - Private non-financial sector,2013-Q1,18.2,F,Free,,A,Normal value
Q,Quarterly,KR,Korea,P,Private non-financial sector,,,367,Per cent,0,Units,1,One,Korea - Private non-financial sector,2013-Q2,18.1,F,Free,,A,Normal value
Q,Quarterly,KR,Korea,P,Private non-financial sector,,,367,Per cent,0,Units,1,One,Korea - Private non-financial sector,2013-Q3,18.0,F,Free,,A,Normal value
Q,Quarterly,KR,Korea,P,Private non-financial sector,,,367,Per cent,0,Units,1,One,Korea - Private non-financial sector,2013-Q4,17.8,F,Free,,A,Normal value
Q,Quarterly,KR,Korea,P,Private non-financial sector,,,367,Per cent,0,Units,1,One,Korea - Private non-financial sector,2014-Q1,17.7,F,Free,,A,Normal value
Q,Quarterly,KR,Korea,P,Private non-financial sector,,,367,Per cent,0,Units,1,One,Korea - Private non-financial sector,2014-Q2,17.6,F,Free,,A,Normal value
Q,Quarterly,KR,Korea,P,Private non-financial sector,,,367,Per cent,0,Units,1,One,Korea - Private non-financial sector,2014-Q3,17.7,F,Free,,A,Normal value
Q,Quarterly,KR,Korea,P,Private non-financial sector,,,367,Per cent,0,Units,1,One,Korea - Private non-financial sector,2014-Q4,17.6,F,Free,,A,Normal value
Q,Quarterly,KR,Korea,P,Private non-financial sector,,,367,Per cent,0,Units,1,One,Korea - Private non-financial sector,2015-Q1,17.5,F,Free,,A,Normal value
Q,Quarterly,KR,Korea,P,Private non-financial sector,,,367,Per cent,0,Units,1,One,Korea - Private non-financial sector,2015-Q2,17.4,F,Free,,A,Normal value
Q,Quarterly,KR,Korea,P,Private non-financial sector,,,367,Per cent,0,Units,1,One,Korea - Private non-financial sector,2015-Q3,17.3,F,Free,,A,Normal value
Q,Quarterly,KR,Korea,P,Private non-financial sector,,,367,Per cent,0,Units,1,One,Korea - Private non-financial sector,2015-Q4,17.2,F,Free,,A,Normal value
Q,Quarterly,KR,Korea,P,Private non-financial sector,,,367,Per cent,0,Units,1,One,Korea - Private non-financial sector,2016-Q1,17.2,F,Free,,A,Normal value
Q,Quarterly,KR,Korea,P,Private non-financial sector,,,367,Per cent,0,Units,1,One,Korea - Private non-financial sector,2016-Q2,17.1,F,Free,,A,Normal value
Q,Quarterly,KR,Korea,P,Private non-financial sector,,,367,Per cent,0,Units,1,One,Korea - Private non-financial sector,2016-Q3,17.1,F,Free,,A,Normal value
Q,Quarterly,KR,Korea,P,Private non-financial sector,,,367,Per cent,0,Units,1,One,Korea - Private non-financial sector,2016-Q4,17.1,F,Free,,A,Normal value
Q,Quarterly,KR,Korea,P,Private non-financial sector,,,367,Per cent,0,Units,1,One,Korea - Private non-financial sector,2017-Q1,17.1,F,Free,,A,Normal value
Q,Quarterly,KR,Korea,P,Private non-financial sector,,,367,Per cent,0,Units,1,One,Korea - Private non-financial sector,2017-Q2,17.3,F,Free,,A,Normal value
Q,Quarterly,KR,Korea,P,Private non-financial sector,,,367,Per cent,0,Units,1,One,Korea - Private non-financial sector,2017-Q3,17.2,F,Free,,A,Normal value
Q,Quarterly,KR,Korea,P,Private non-financial sector,,,367,Per cent,0,Units,1,One,Korea - Private non-financial sector,2017-Q4,17.2,F,Free,,A,Normal value
Q,Quarterly,KR,Korea,P,Private non-financial sector,,,367,Per cent,0,Units,1,One,Korea - Private non-financial sector,2018-Q1,17.4,F,Free,,A,Normal value
Q,Quarterly,KR,Korea,P,Private non-financial sector,,,367,Per cent,0,Units,1,One,Korea - Private non-financial sector,2018-Q2,17.5,F,Free,,A,Normal value
Q,Quarterly,KR,Korea,P,Private non-financial sector,,,367,Per cent,0,Units,1,One,Korea - Private non-financial sector,2018-Q3,17.7,F,Free,,A,Normal value
Q,Quarterly,KR,Korea,P,Private non-financial sector,,,367,Per cent,0,Units,1,One,Korea - Private non-financial sector,2018-Q4,17.9,F,Free,,A,Normal value
Q,Quarterly,KR,Korea,P,Private non-financial sector,,,367,Per cent,0,Units,1,One,Korea - Private non-financial sector,2019-Q1,18.0,F,Free,,A,Normal value
Q,Quarterly,KR,Korea,P,Private non-financial sector,,,367,Per cent,0,Units,1,One,Korea - Private non-financial sector,2019-Q2,18.2,F,Free,,A,Normal value
Q,Quarterly,KR,Korea,P,Private non-financial sector,,,367,Per cent,0,Units,1,One,Korea - Private non-financial sector,2019-Q3,18.3,F,Free,,A,Normal value
Q,Quarterly,KR,Korea,P,Private non-financial sector,,,367,Per cent,0,Units,1,One,Korea - Private non-financial sector,2019-Q4,18.2,F,Free,,A,Normal value
Q,Quarterly,KR,Korea,P,Private non-financial sector,,,367,Per cent,0,Units,1,One,Korea - Private non-financial sector,2020-Q1,18.3,F,Free,,A,Normal value
Q,Quarterly,KR,Korea,P,Private non-financial sector,,,367,Per cent,0,Units,1,One,Korea - Private non-financial sector,2020-Q2,18.5,F,Free,,A,Normal value
Q,Quarterly,KR,Korea,P,Private non-financial sector,,,367,Per cent,0,Units,1,One,Korea - Private non-financial sector,2020-Q3,18.6,F,Free,,A,Normal value
Q,Quarterly,KR,Korea,P,Private non-financial sector,,,367,Per cent,0,Units,1,One,Korea - Private non-financial sector,2020-Q4,18.6,F,Free,,A,Normal value
Q,Quarterly,KR,Korea,P,Private non-financial sector,,,367,Per cent,0,Units,1,One,Korea - Private non-financial sector,2021-Q1,18.8,F,Free,,A,Normal value
Q,Quarterly,KR,Korea,P,Private non-financial sector,,,367,Per cent,0,Units,1,One,Korea - Private non-financial sector,2021-Q2,18.9,F,Free,,A,Normal value
Q,Quarterly,KR,Korea,P,Private non-financial sector,,,367,Per cent,0,Units,1,One,Korea - Private non-financial sector,2021-Q3,19.1,F,Free,,A,Normal value
Q,Quarterly,KR,Korea,P,Private non-financial sector,,,367,Per cent,0,Units,1,One,Korea - Private non-financial sector,2021-Q4,19.3,F,Free,,A,Normal value
Q,Quarterly,KR,Korea,P,Private non-financial sector,,,367,Per cent,0,Units,1,One,Korea - Private non-financial sector,2022-Q1,19.4,F,Free,,A,Normal value
Q,Quarterly,KR,Korea,P,Private non-financial sector,,,367,Per cent,0,Units,1,One,Korea - Private non-financial sector,2022-Q2,19.8,F,Free,,A,Normal value
Q,Quarterly,KR,Korea,P,Private non-financial sector,,,367,Per cent,0,Units,1,One,Korea - Private non-financial sector,2022-Q3,20.3,F,Free,,A,Normal value
Q,Quarterly,KR,Korea,P,Private non-financial sector,,,367,Per cent,0,Units,1,One,Korea - Private non-financial sector,2022-Q4,20.8,F,Free,,A,Normal value
Q,Quarterly,KR,Korea,P,Private non-financial sector,,,367,Per cent,0,Units,1,One,Korea - Private non-financial sector,2023-Q1,21.3,F,Free,,A,Normal value
Q,Quarterly,KR,Korea,P,Private non-financial sector,,,367,Per cent,0,Units,1,One,Korea - Private non-financial sector,2023-Q2,21.5,F,Free,,A,Normal value
Q,Quarterly,KR,Korea,P,Private non-financial sector,,,367,Per cent,0,Units,1,One,Korea - Private non-financial sector,2023-Q3,21.7,F,Free,,A,Normal value
Q,Quarterly,KR,Korea,P,Private non-financial sector,,,367,Per cent,0,Units,1,One,Korea - Private non-financial sector,2023-Q4,21.5,F,Free,,A,Normal value
Q,Quarterly,KR,Korea,P,Private non-financial sector,,,367,Per cent,0,Units,1,One,Korea - Private non-financial sector,2024-Q1,21.4,F,Free,,A,Normal value
Q,Quarterly,KR,Korea,P,Private non-financial sector,,,367,Per cent,0,Units,1,One,Korea - Private non-financial sector,2024-Q2,21.2,F,Free,,A,Normal value
Q,Quarterly,KR,Korea,P,Private non-financial sector,,,367,Per cent,0,Units,1,One,Korea - Private non-financial sector,2024-Q3,21.0,F,Free,,A,Normal value
Q,Quarterly,KR,Korea,P,Private non-financial sector,,,367,Per cent,0,Units,1,One,Korea - Private non-financial sector,2024-Q4,20.7,F,Free,,A,Normal value
Q,Quarterly,KR,Korea,P,Private non-financial sector,,,367,Per cent,0,Units,1,One,Korea - Private non-financial sector,2025-Q1,20.6,F,Free,,A,Normal value
Q,Quarterly,KR,Korea,P,Private non-financial sector,,,367,Per cent,0,Units,1,One,Korea - Private non-financial sector,2025-Q2,20.3,F,Free,,A,Normal value
Q,Quarterly,KR,Korea,P,Private non-financial sector,,,367,Per cent,0,Units,1,One,Korea - Private non-financial sector,2025-Q3,20.1,F,Free,,A,Normal value
Q,Quarterly,KR,Korea,P,Private non-financial sector,,,367,Per cent,0,Units,1,One,Korea - Private non-financial sector,2025-Q4,19.9,F,Free,,A,Normal value
Q,Quarterly,KR,Korea,H,Households & NPISHs,,,367,Per cent,0,Units,1,One,Korea - Households and NPISHs,1999-Q1,8.5,F,Free,,A,Normal value
Q,Quarterly,KR,Korea,H,Households & NPISHs,,,367,Per cent,0,Units,1,One,Korea - Households and NPISHs,1999-Q2,8.4,F,Free,,A,Normal value
Q,Quarterly,KR,Korea,H,Households & NPISHs,,,367,Per cent,0,Units,1,One,Korea - Households and NPISHs,1999-Q3,8.4,F,Free,,A,Normal value
Q,Quarterly,KR,Korea,H,Households & NPISHs,,,367,Per cent,0,Units,1,One,Korea - Households and NPISHs,1999-Q4,8.6,F,Free,,A,Normal value
Q,Quarterly,KR,Korea,H,Households & NPISHs,,,367,Per cent,0,Units,1,One,Korea - Households and NPISHs,2000-Q1,9.2,F,Free,,A,Normal value
Q,Quarterly,KR,Korea,H,Households & NPISHs,,,367,Per cent,0,Units,1,One,Korea - Households and NPISHs,2000-Q2,9.5,F,Free,,A,Normal value
Q,Quarterly,KR,Korea,H,Households & NPISHs,,,367,Per cent,0,Units,1,One,Korea - Households and NPISHs,2000-Q3,9.9,F,Free,,A,Normal value
Q,Quarterly,KR,Korea,H,Households & NPISHs,,,367,Per cent,0,Units,1,One,Korea - Households and NPISHs,2000-Q4,10.1,F,Free,,A,Normal value
Q,Quarterly,KR,Korea,H,Households & NPISHs,,,367,Per cent,0,Units,1,One,Korea - Households and NPISHs,2001-Q1,10.3,F,Free,,A,Normal value
Q,Quarterly,KR,Korea,H,Households & NPISHs,,,367,Per cent,0,Units,1,One,Korea - Households and NPISHs,2001-Q2,10.5,F,Free,,A,Normal value
Q,Quarterly,KR,Korea,H,Households & NPISHs,,,367,Per cent,0,Units,1,One,Korea - Households and NPISHs,2001-Q3,10.6,F,Free,,A,Normal value
Q,Quarterly,KR,Korea,H,Households & NPISHs,,,367,Per cent,0,Units,1,One,Korea - Households and NPISHs,2001-Q4,10.7,F,Free,,A,Normal value
Q,Quarterly,KR,Korea,H,Households & NPISHs,,,367,Per cent,0,Units,1,One,Korea - Households and NPISHs,2002-Q1,10.7,F,Free,,A,Normal value
Q,Quarterly,KR,Korea,H,Households & NPISHs,,,367,Per cent,0,Units,1,One,Korea - Households and NPISHs,2002-Q2,10.8,F,Free,,A,Normal value
Q,Quarterly,KR,Korea,H,Households & NPISHs,,,367,Per cent,0,Units,1,One,Korea - Households and NPISHs,2002-Q3,10.7,F,Free,,A,Normal value
Q,Quarterly,KR,Korea,H,Households & NPISHs,,,367,Per cent,0,Units,1,One,Korea - Households and NPISHs,2002-Q4,10.5,F,Free,,A,Normal value
Q,Quarterly,KR,Korea,H,Households & NPISHs,,,367,Per cent,0,Units,1,One,Korea - Households and NPISHs,2003-Q1,10.2,F,Free,,A,Normal value
Q,Quarterly,KR,Korea,H,Households & NPISHs,,,367,Per cent,0,Units,1,One,Korea - Households and NPISHs,2003-Q2,9.9,F,Free,,A,Normal value
Q,Quarterly,KR,Korea,H,Households & NPISHs,,,367,Per cent,0,Units,1,One,Korea - Households and NPISHs,2003-Q3,9.5,F,Free,,A,Normal value
Q,Quarterly,KR,Korea,H,Households & NPISHs,,,367,Per cent,0,Units,1,One,Korea - Households and NPISHs,2003-Q4,9.2,F,Free,,A,Normal value
Q,Quarterly,KR,Korea,H,Households & NPISHs,,,367,Per cent,0,Units,1,One,Korea - Households and NPISHs,2004-Q1,8.7,F,Free,,A,Normal value
Q,Quarterly,KR,Korea,H,Households & NPISHs,,,367,Per cent,0,Units,1,One,Korea - Households and NPISHs,2004-Q2,8.5,F,Free,,A,Normal value
Q,Quarterly,KR,Korea,H,Households & NPISHs,,,367,Per cent,0,Units,1,One,Korea - Households and NPISHs,2004-Q3,8.6,F,Free,,A,Normal value
Q,Quarterly,KR,Korea,H,Households & NPISHs,,,367,Per cent,0,Units,1,One,Korea - Households and NPISHs,2004-Q4,9.0,F,Free,,A,Normal value
Q,Quarterly,KR,Korea,H,Households & NPISHs,,,367,Per cent,0,Units,1,One,Korea - Households and NPISHs,2005-Q1,9.6,F,Free,,A,Normal value
Q,Quarterly,KR,Korea,H,Households & NPISHs,,,367,Per cent,0,Units,1,One,Korea - Households and NPISHs,2005-Q2,10.2,F,Free,,A,Normal value
Q,Quarterly,KR,Korea,H,Households & NPISHs,,,367,Per cent,0,Units,1,One,Korea - Households and NPISHs,2005-Q3,10.6,F,Free,,A,Normal value
Q,Quarterly,KR,Korea,H,Households & NPISHs,,,367,Per cent,0,Units,1,One,Korea - Households and NPISHs,2005-Q4,10.8,F,Free,,A,Normal value
Q,Quarterly,KR,Korea,H,Households & NPISHs,,,367,Per cent,0,Units,1,One,Korea - Households and NPISHs,2006-Q1,10.8,F,Free,,A,Normal value
Q,Quarterly,KR,Korea,H,Households & NPISHs,,,367,Per cent,0,Units,1,One,Korea - Households and NPISHs,2006-Q2,10.9,F,Free,,A,Normal value
Q,Quarterly,KR,Korea,H,Households & NPISHs,,,367,Per cent,0,Units,1,One,Korea - Households and NPISHs,2006-Q3,11.0,F,Free,,A,Normal value
Q,Quarterly,KR,Korea,H,Households & NPISHs,,,367,Per cent,0,Units,1,One,Korea - Households and NPISHs,2006-Q4,11.4,F,Free,,A,Normal value
Q,Quarterly,KR,Korea,H,Households & NPISHs,,,367,Per cent,0,Units,1,One,Korea - Households and NPISHs,2007-Q1,11.7,F,Free,,A,Normal value
Q,Quarterly,KR,Korea,H,Households & NPISHs,,,367,Per cent,0,Units,1,One,Korea - Households and NPISHs,2007-Q2,11.8,F,Free,,A,Normal value
Q,Quarterly,KR,Korea,H,Households & NPISHs,,,367,Per cent,0,Units,1,One,Korea - Households and NPISHs,2007-Q3,11.6,F,Free,,A,Normal value
Q,Quarterly,KR,Korea,H,Households & NPISHs,,,367,Per cent,0,Units,1,One,Korea - Households and NPISHs,2007-Q4,11.3,F,Free,,A,Normal value
Q,Quarterly,KR,Korea,H,Households & NPISHs,,,367,Per cent,0,Units,1,One,Korea - Households and NPISHs,2008-Q1,10.7,F,Free,,A,Normal value
Q,Quarterly,KR,Korea,H,Households & NPISHs,,,367,Per cent,0,Units,1,One,Korea - Households and NPISHs,2008-Q2,10.5,F,Free,,A,Normal value
Q,Quarterly,KR,Korea,H,Households & NPISHs,,,367,Per cent,0,Units,1,One,Korea - Households and NPISHs,2008-Q3,10.3,F,Free,,A,Normal value
Q,Quarterly,KR,Korea,H,Households & NPISHs,,,367,Per cent,0,Units,1,One,Korea - Households and NPISHs,2008-Q4,10.3,F,Free,,A,Normal value
Q,Quarterly,KR,Korea,H,Households & NPISHs,,,367,Per cent,0,Units,1,One,Korea - Households and NPISHs,2009-Q1,10.8,F,Free,,A,Normal value
Q,Quarterly,KR,Korea,H,Households & NPISHs,,,367,Per cent,0,Units,1,One,Korea - Households and NPISHs,2009-Q2,11.3,F,Free,,A,Normal value
Q,Quarterly,KR,Korea,H,Households & NPISHs,,,367,Per cent,0,Units,1,One,Korea - Households and NPISHs,2009-Q3,11.4,F,Free,,A,Normal value
Q,Quarterly,KR,Korea,H,Households & NPISHs,,,367,Per cent,0,Units,1,One,Korea - Households and NPISHs,2009-Q4,11.4,F,Free,,A,Normal value
Q,Quarterly,KR,Korea,H,Households & NPISHs,,,367,Per cent,0,Units,1,One,Korea - Households and NPISHs,2010-Q1,11.2,F,Free,,A,Normal value
Q,Quarterly,KR,Korea,H,Households & NPISHs,,,367,Per cent,0,Units,1,One,Korea - Households and NPISHs,2010-Q2,11.1,F,Free,,A,Normal value
Q,Quarterly,KR,Korea,H,Households & NPISHs,,,367,Per cent,0,Units,1,One,Korea - Households and NPISHs,2010-Q3,11.1,F,Free,,A,Normal value
Q,Quarterly,KR,Korea,H,Households & NPISHs,,,367,Per cent,0,Units,1,One,Korea - Households and NPISHs,2010-Q4,11.1,F,Free,,A,Normal value
Q,Quarterly,KR,Korea,H,Households & NPISHs,,,367,Per cent,0,Units,1,One,Korea - Households and NPISHs,2011-Q1,11.0,F,Free,,A,Normal value
Q,Quarterly,KR,Korea,H,Households & NPISHs,,,367,Per cent,0,Units,1,One,Korea - Households and NPISHs,2011-Q2,10.9,F,Free,,A,Normal value
Q,Quarterly,KR,Korea,H,Households & NPISHs,,,367,Per cent,0,Units,1,One,Korea - Households and NPISHs,2011-Q3,10.8,F,Free,,A,Normal value
Q,Quarterly,KR,Korea,H,Households & NPISHs,,,367,Per cent,0,Units,1,One,Korea - Households and NPISHs,2011-Q4,10.6,F,Free,,A,Normal value
Q,Quarterly,KR,Korea,H,Households & NPISHs,,,367,Per cent,0,Units,1,One,Korea - Households and NPISHs,2012-Q1,10.3,F,Free,,A,Normal value
Q,Quarterly,KR,Korea,H,Households & NPISHs,,,367,Per cent,0,Units,1,One,Korea - Households and NPISHs,2012-Q2,10.1,F,Free,,A,Normal value
Q,Quarterly,KR,Korea,H,Households & NPISHs,,,367,Per cent,0,Units,1,One,Korea - Households and NPISHs,2012-Q3,10.1,F,Free,,A,Normal value
Q,Quarterly,KR,Korea,H,Households & NPISHs,,,367,Per cent,0,Units,1,One,Korea - Households and NPISHs,2012-Q4,10.2,F,Free,,A,Normal value
Q,Quarterly,KR,Korea,H,Households & NPISHs,,,367,Per cent,0,Units,1,One,Korea - Households and NPISHs,2013-Q1,10.2,F,Free,,A,Normal value
Q,Quarterly,KR,Korea,H,Households & NPISHs,,,367,Per cent,0,Units,1,One,Korea - Households and NPISHs,2013-Q2,10.3,F,Free,,A,Normal value
Q,Quarterly,KR,Korea,H,Households & NPISHs,,,367,Per cent,0,Units,1,One,Korea - Households and NPISHs,2013-Q3,10.2,F,Free,,A,Normal value
Q,Quarterly,KR,Korea,H,Households & NPISHs,,,367,Per cent,0,Units,1,One,Korea - Households and NPISHs,2013-Q4,10.2,F,Free,,A,Normal value
Q,Quarterly,KR,Korea,H,Households & NPISHs,,,367,Per cent,0,Units,1,One,Korea - Households and NPISHs,2014-Q1,10.0,F,Free,,A,Normal value
Q,Quarterly,KR,Korea,H,Households & NPISHs,,,367,Per cent,0,Units,1,One,Korea - Households and NPISHs,2014-Q2,9.9,F,Free,,A,Normal value
Q,Quarterly,KR,Korea,H,Households & NPISHs,,,367,Per cent,0,Units,1,One,Korea - Households and NPISHs,2014-Q3,9.9,F,Free,,A,Normal value
Q,Quarterly,KR,Korea,H,Households & NPISHs,,,367,Per cent,0,Units,1,One,Korea - Households and NPISHs,2014-Q4,9.9,F,Free,,A,Normal value
Q,Quarterly,KR,Korea,H,Households & NPISHs,,,367,Per cent,0,Units,1,One,Korea - Households and NPISHs,2015-Q1,9.9,F,Free,,A,Normal value
Q,Quarterly,KR,Korea,H,Households & NPISHs,,,367,Per cent,0,Units,1,One,Korea - Households and NPISHs,2015-Q2,9.9,F,Free,,A,Normal value
Q,Quarterly,KR,Korea,H,Households & NPISHs,,,367,Per cent,0,Units,1,One,Korea - Households and NPISHs,2015-Q3,9.9,F,Free,,A,Normal value
Q,Quarterly,KR,Korea,H,Households & NPISHs,,,367,Per cent,0,Units,1,One,Korea - Households and NPISHs,2015-Q4,9.9,F,Free,,A,Normal value
Q,Quarterly,KR,Korea,H,Households & NPISHs,,,367,Per cent,0,Units,1,One,Korea - Households and NPISHs,2016-Q1,9.8,F,Free,,A,Normal value
Q,Quarterly,KR,Korea,H,Households & NPISHs,,,367,Per cent,0,Units,1,One,Korea - Households and NPISHs,2016-Q2,9.8,F,Free,,A,Normal value
Q,Quarterly,KR,Korea,H,Households & NPISHs,,,367,Per cent,0,Units,1,One,Korea - Households and NPISHs,2016-Q3,10.0,F,Free,,A,Normal value
Q,Quarterly,KR,Korea,H,Households & NPISHs,,,367,Per cent,0,Units,1,One,Korea - Households and NPISHs,2016-Q4,10.3,F,Free,,A,Normal value
Q,Quarterly,KR,Korea,H,Households & NPISHs,,,367,Per cent,0,Units,1,One,Korea - Households and NPISHs,2017-Q1,10.5,F,Free,,A,Normal value
Q,Quarterly,KR,Korea,H,Households & NPISHs,,,367,Per cent,0,Units,1,One,Korea - Households and NPISHs,2017-Q2,10.8,F,Free,,A,Normal value
Q,Quarterly,KR,Korea,H,Households & NPISHs,,,367,Per cent,0,Units,1,One,Korea - Households and NPISHs,2017-Q3,10.9,F,Free,,A,Normal value
Q,Quarterly,KR,Korea,H,Households & NPISHs,,,367,Per cent,0,Units,1,One,Korea - Households and NPISHs,2017-Q4,11.0,F,Free,,A,Normal value
Q,Quarterly,KR,Korea,H,Households & NPISHs,,,367,Per cent,0,Units,1,One,Korea - Households and NPISHs,2018-Q1,11.0,F,Free,,A,Normal value
Q,Quarterly,KR,Korea,H,Households & NPISHs,,,367,Per cent,0,Units,1,One,Korea - Households and NPISHs,2018-Q2,11.0,F,Free,,A,Normal value
Q,Quarterly,KR,Korea,H,Households & NPISHs,,,367,Per cent,0,Units,1,One,Korea - Households and NPISHs,2018-Q3,11.1,F,Free,,A,Normal value
Q,Quarterly,KR,Korea,H,Households & NPISHs,,,367,Per cent,0,Units,1,One,Korea - Households and NPISHs,2018-Q4,11.1,F,Free,,A,Normal value
Q,Quarterly,KR,Korea,H,Households & NPISHs,,,367,Per cent,0,Units,1,One,Korea - Households and NPISHs,2019-Q1,11.1,F,Free,,A,Normal value
Q,Quarterly,KR,Korea,H,Households & NPISHs,,,367,Per cent,0,Units,1,One,Korea - Households and NPISHs,2019-Q2,11.1,F,Free,,A,Normal value
Q,Quarterly,KR,Korea,H,Households & NPISHs,,,367,Per cent,0,Units,1,One,Korea - Households and NPISHs,2019-Q3,11.1,F,Free,,A,Normal value
Q,Quarterly,KR,Korea,H,Households & NPISHs,,,367,Per cent,0,Units,1,One,Korea - Households and NPISHs,2019-Q4,11.0,F,Free,,A,Normal value
Q,Quarterly,KR,Korea,H,Households & NPISHs,,,367,Per cent,0,Units,1,One,Korea - Households and NPISHs,2020-Q1,10.8,F,Free,,A,Normal value
Q,Quarterly,KR,Korea,H,Households & NPISHs,,,367,Per cent,0,Units,1,One,Korea - Households and NPISHs,2020-Q2,10.9,F,Free,,A,Normal value
Q,Quarterly,KR,Korea,H,Households & NPISHs,,,367,Per cent,0,Units,1,One,Korea - Households and NPISHs,2020-Q3,11.0,F,Free,,A,Normal value
Q,Quarterly,KR,Korea,H,Households & NPISHs,,,367,Per cent,0,Units,1,One,Korea - Households and NPISHs,2020-Q4,11.2,F,Free,,A,Normal value
Q,Quarterly,KR,Korea,H,Households & NPISHs,,,367,Per cent,0,Units,1,One,Korea - Households and NPISHs,2021-Q1,11.5,F,Free,,A,Normal value
Q,Quarterly,KR,Korea,H,Households & NPISHs,,,367,Per cent,0,Units,1,One,Korea - Households and NPISHs,2021-Q2,11.7,F,Free,,A,Normal value
Q,Quarterly,KR,Korea,H,Households & NPISHs,,,367,Per cent,0,Units,1,One,Korea - Households and NPISHs,2021-Q3,11.9,F,Free,,A,Normal value
Q,Quarterly,KR,Korea,H,Households & NPISHs,,,367,Per cent,0,Units,1,One,Korea - Households and NPISHs,2021-Q4,12.0,F,Free,,A,Normal value
Q,Quarterly,KR,Korea,H,Households & NPISHs,,,367,Per cent,0,Units,1,One,Korea - Households and NPISHs,2022-Q1,12.0,F,Free,,A,Normal value
Q,Quarterly,KR,Korea,H,Households & NPISHs,,,367,Per cent,0,Units,1,One,Korea - Households and NPISHs,2022-Q2,12.1,F,Free,,A,Normal value
Q,Quarterly,KR,Korea,H,Households & NPISHs,,,367,Per cent,0,Units,1,One,Korea - Households and NPISHs,2022-Q3,12.1,F,Free,,A,Normal value
Q,Quarterly,KR,Korea,H,Households & NPISHs,,,367,Per cent,0,Units,1,One,Korea - Households and NPISHs,2022-Q4,12.1,F,Free,,A,Normal value
Q,Quarterly,KR,Korea,H,Households & NPISHs,,,367,Per cent,0,Units,1,One,Korea - Households and NPISHs,2023-Q1,11.9,F,Free,,A,Normal value
Q,Quarterly,KR,Korea,H,Households & NPISHs,,,367,Per cent,0,Units,1,One,Korea - Households and NPISHs,2023-Q2,12.0,F,Free,,A,Normal value
Q,Quarterly,KR,Korea,H,Households & NPISHs,,,367,Per cent,0,Units,1,One,Korea - Households and NPISHs,2023-Q3,12.1,F,Free,,A,Normal value
Q,Quarterly,KR,Korea,H,Households & NPISHs,,,367,Per cent,0,Units,1,One,Korea - Households and NPISHs,2023-Q4,12.2,F,Free,,A,Normal value
Q,Quarterly,KR,Korea,H,Households & NPISHs,,,367,Per cent,0,Units,1,One,Korea - Households and NPISHs,2024-Q1,12.2,F,Free,,A,Normal value
Q,Quarterly,KR,Korea,H,Households & NPISHs,,,367,Per cent,0,Units,1,One,Korea - Households and NPISHs,2024-Q2,12.2,F,Free,,A,Normal value
Q,Quarterly,KR,Korea,H,Households & NPISHs,,,367,Per cent,0,Units,1,One,Korea - Households and NPISHs,2024-Q3,12.3,F,Free,,A,Normal value
Q,Quarterly,KR,Korea,H,Households & NPISHs,,,367,Per cent,0,Units,1,One,Korea - Households and NPISHs,2024-Q4,12.2,F,Free,,A,Normal value
Q,Quarterly,KR,Korea,H,Households & NPISHs,,,367,Per cent,0,Units,1,One,Korea - Households and NPISHs,2025-Q1,12.1,F,Free,,A,Normal value
Q,Quarterly,KR,Korea,H,Households & NPISHs,,,367,Per cent,0,Units,1,One,Korea - Households and NPISHs,2025-Q2,12.1,F,Free,,A,Normal value
Q,Quarterly,KR,Korea,H,Households & NPISHs,,,367,Per cent,0,Units,1,One,Korea - Households and NPISHs,2025-Q3,12.0,F,Free,,A,Normal value
Q,Quarterly,KR,Korea,H,Households & NPISHs,,,367,Per cent,0,Units,1,One,Korea - Households and NPISHs,2025-Q4,11.8,F,Free,,A,Normal value
Q,Quarterly,TH,Thailand,P,Private non-financial sector,,,367,Per cent,0,Units,1,One,Thailand - Private non-financial sector,1999-Q1,32.4,F,Free,,A,Normal value
Q,Quarterly,TH,Thailand,P,Private non-financial sector,,,367,Per cent,0,Units,1,One,Thailand - Private non-financial sector,1999-Q2,29.2,F,Free,,A,Normal value
Q,Quarterly,TH,Thailand,P,Private non-financial sector,,,367,Per cent,0,Units,1,One,Thailand - Private non-financial sector,1999-Q3,26.2,F,Free,,A,Normal value
Q,Quarterly,TH,Thailand,P,Private non-financial sector,,,367,Per cent,0,Units,1,One,Thailand - Private non-financial sector,1999-Q4,24.0,F,Free,,A,Normal value
Q,Quarterly,TH,Thailand,P,Private non-financial sector,,,367,Per cent,0,Units,1,One,Thailand - Private non-financial sector,2000-Q1,22.7,F,Free,,A,Normal value
Q,Quarterly,TH,Thailand,P,Private non-financial sector,,,367,Per cent,0,Units,1,One,Thailand - Private non-financial sector,2000-Q2,20.8,F,Free,,A,Normal value
Q,Quarterly,TH,Thailand,P,Private non-financial sector,,,367,Per cent,0,Units,1,One,Thailand - Private non-financial sector,2000-Q3,18.6,F,Free,,A,Normal value
Q,Quarterly,TH,Thailand,P,Private non-financial sector,,,367,Per cent,0,Units,1,One,Thailand - Private non-financial sector,2000-Q4,17.7,F,Free,,A,Normal value
Q,Quarterly,TH,Thailand,P,Private non-financial sector,,,367,Per cent,0,Units,1,One,Thailand - Private non-financial sector,2001-Q1,17.1,F,Free,,A,Normal value
Q,Quarterly,TH,Thailand,P,Private non-financial sector,,,367,Per cent,0,Units,1,One,Thailand - Private non-financial sector,2001-Q2,15.7,F,Free,,A,Normal value
Q,Quarterly,TH,Thailand,P,Private non-financial sector,,,367,Per cent,0,Units,1,One,Thailand - Private non-financial sector,2001-Q3,15.4,F,Free,,A,Normal value
Q,Quarterly,TH,Thailand,P,Private non-financial sector,,,367,Per cent,0,Units,1,One,Thailand - Private non-financial sector,2001-Q4,14.7,F,Free,,A,Normal value
Q,Quarterly,TH,Thailand,P,Private non-financial sector,,,367,Per cent,0,Units,1,One,Thailand - Private non-financial sector,2002-Q1,15.1,F,Free,,A,Normal value
Q,Quarterly,TH,Thailand,P,Private non-financial sector,,,367,Per cent,0,Units,1,One,Thailand - Private non-financial sector,2002-Q2,14.5,F,Free,,A,Normal value
Q,Quarterly,TH,Thailand,P,Private non-financial sector,,,367,Per cent,0,Units,1,One,Thailand - Private non-financial sector,2002-Q3,14.4,F,Free,,A,Normal value
Q,Quarterly,TH,Thailand,P,Private non-financial sector,,,367,Per cent,0,Units,1,One,Thailand - Private non-financial sector,2002-Q4,14.0,F,Free,,A,Normal value
Q,Quarterly,TH,Thailand,P,Private non-financial sector,,,367,Per cent,0,Units,1,One,Thailand - Private non-financial sector,2003-Q1,13.7,F,Free,,A,Normal value
Q,Quarterly,TH,Thailand,P,Private non-financial sector,,,367,Per cent,0,Units,1,One,Thailand - Private non-financial sector,2003-Q2,13.5,F,Free,,A,Normal value
Q,Quarterly,TH,Thailand,P,Private non-financial sector,,,367,Per cent,0,Units,1,One,Thailand - Private non-financial sector,2003-Q3,13.0,F,Free,,A,Normal value
Q,Quarterly,TH,Thailand,P,Private non-financial sector,,,367,Per cent,0,Units,1,One,Thailand - Private non-financial sector,2003-Q4,12.4,F,Free,,A,Normal value
Q,Quarterly,TH,Thailand,P,Private non-financial sector,,,367,Per cent,0,Units,1,One,Thailand - Private non-financial sector,2004-Q1,12.4,F,Free,,A,Normal value
Q,Quarterly,TH,Thailand,P,Private non-financial sector,,,367,Per cent,0,Units,1,One,Thailand - Private non-financial sector,2004-Q2,12.4,F,Free,,A,Normal value
Q,Quarterly,TH,Thailand,P,Private non-financial sector,,,367,Per cent,0,Units,1,One,Thailand - Private non-financial sector,2004-Q3,12.8,F,Free,,A,Normal value
Q,Quarterly,TH,Thailand,P,Private non-financial sector,,,367,Per cent,0,Units,1,One,Thailand - Private non-financial sector,2004-Q4,12.5,F,Free,,A,Normal value
Q,Quarterly,TH,Thailand,P,Private non-financial sector,,,367,Per cent,0,Units,1,One,Thailand - Private non-financial sector,2005-Q1,12.6,F,Free,,A,Normal value
Q,Quarterly,TH,Thailand,P,Private non-financial sector,,,367,Per cent,0,Units,1,One,Thailand - Private non-financial sector,2005-Q2,12.8,F,Free,,A,Normal value
Q,Quarterly,TH,Thailand,P,Private non-financial sector,,,367,Per cent,0,Units,1,One,Thailand - Private non-financial sector,2005-Q3,12.9,F,Free,,A,Normal value
Q,Quarterly,TH,Thailand,P,Private non-financial sector,,,367,Per cent,0,Units,1,One,Thailand - Private non-financial sector,2005-Q4,13.2,F,Free,,A,Normal value
Q,Quarterly,TH,Thailand,P,Private non-financial sector,,,367,Per cent,0,Units,1,One,Thailand - Private non-financial sector,2006-Q1,13.3,F,Free,,A,Normal value
Q,Quarterly,TH,Thailand,P,Private non-financial sector,,,367,Per cent,0,Units,1,One,Thailand - Private non-financial sector,2006-Q2,13.6,F,Free,,A,Normal value
Q,Quarterly,TH,Thailand,P,Private non-financial sector,,,367,Per cent,0,Units,1,One,Thailand - Private non-financial sector,2006-Q3,13.8,F,Free,,A,Normal value
Q,Quarterly,TH,Thailand,P,Private non-financial sector,,,367,Per cent,0,Units,1,One,Thailand - Private non-financial sector,2006-Q4,13.9,F,Free,,A,Normal value
Q,Quarterly,TH,Thailand,P,Private non-financial sector,,,367,Per cent,0,Units,1,One,Thailand - Private non-financial sector,2007-Q1,13.7,F,Free,,A,Normal value
Q,Quarterly,TH,Thailand,P,Private non-financial sector,,,367,Per cent,0,Units,1,One,Thailand - Private non-financial sector,2007-Q2,13.6,F,Free,,A,Normal value
Q,Quarterly,TH,Thailand,P,Private non-financial sector,,,367,Per cent,0,Units,1,One,Thailand - Private non-financial sector,2007-Q3,13.3,F,Free,,A,Normal value
Q,Quarterly,TH,Thailand,P,Private non-financial sector,,,367,Per cent,0,Units,1,One,Thailand - Private non-financial sector,2007-Q4,13.1,F,Free,,A,Normal value
Q,Quarterly,TH,Thailand,P,Private non-financial sector,,,367,Per cent,0,Units,1,One,Thailand - Private non-financial sector,2008-Q1,13.0,F,Free,,A,Normal value
Q,Quarterly,TH,Thailand,P,Private non-financial sector,,,367,Per cent,0,Units,1,One,Thailand - Private non-financial sector,2008-Q2,13.0,F,Free,,A,Normal value
Q,Quarterly,TH,Thailand,P,Private non-financial sector,,,367,Per cent,0,Units,1,One,Thailand - Private non-financial sector,2008-Q3,13.1,F,Free,,A,Normal value
Q,Quarterly,TH,Thailand,P,Private non-financial sector,,,367,Per cent,0,Units,1,One,Thailand - Private non-financial sector,2008-Q4,13.4,F,Free,,A,Normal value
Q,Quarterly,TH,Thailand,P,Private non-financial sector,,,367,Per cent,0,Units,1,One,Thailand - Private non-financial sector,2009-Q1,13.1,F,Free,,A,Normal value
Q,Quarterly,TH,Thailand,P,Private non-financial sector,,,367,Per cent,0,Units,1,One,Thailand - Private non-financial sector,2009-Q2,13.0,F,Free,,A,Normal value
Q,Quarterly,TH,Thailand,P,Private non-financial sector,,,367,Per cent,0,Units,1,One,Thailand - Private non-financial sector,2009-Q3,12.9,F,Free,,A,Normal value
Q,Quarterly,TH,Thailand,P,Private non-financial sector,,,367,Per cent,0,Units,1,One,Thailand - Private non-financial sector,2009-Q4,12.6,F,Free,,A,Normal value
Q,Quarterly,TH,Thailand,P,Private non-financial sector,,,367,Per cent,0,Units,1,One,Thailand - Private non-financial sector,2010-Q1,11.9,F,Free,,A,Normal value
Q,Quarterly,TH,Thailand,P,Private non-financial sector,,,367,Per cent,0,Units,1,One,Thailand - Private non-financial sector,2010-Q2,11.7,F,Free,,A,Normal value
Q,Quarterly,TH,Thailand,P,Private non-financial sector,,,367,Per cent,0,Units,1,One,Thailand - Private non-financial sector,2010-Q3,11.5,F,Free,,A,Normal value
Q,Quarterly,TH,Thailand,P,Private non-financial sector,,,367,Per cent,0,Units,1,One,Thailand - Private non-financial sector,2010-Q4,11.8,F,Free,,A,Normal value
Q,Quarterly,TH,Thailand,P,Private non-financial sector,,,367,Per cent,0,Units,1,One,Thailand - Private non-financial sector,2011-Q1,12.0,F,Free,,A,Normal value
Q,Quarterly,TH,Thailand,P,Private non-financial sector,,,367,Per cent,0,Units,1,One,Thailand - Private non-financial sector,2011-Q2,12.4,F,Free,,A,Normal value
Q,Quarterly,TH,Thailand,P,Private non-financial sector,,,367,Per cent,0,Units,1,One,Thailand - Private non-financial sector,2011-Q3,12.7,F,Free,,A,Normal value
Q,Quarterly,TH,Thailand,P,Private non-financial sector,,,367,Per cent,0,Units,1,One,Thailand - Private non-financial sector,2011-Q4,13.4,F,Free,,A,Normal value
Q,Quarterly,TH,Thailand,P,Private non-financial sector,,,367,Per cent,0,Units,1,One,Thailand - Private non-financial sector,2012-Q1,13.7,F,Free,,A,Normal value
Q,Quarterly,TH,Thailand,P,Private non-financial sector,,,367,Per cent,0,Units,1,One,Thailand - Private non-financial sector,2012-Q2,13.9,F,Free,,A,Normal value
Q,Quarterly,TH,Thailand,P,Private non-financial sector,,,367,Per cent,0,Units,1,One,Thailand - Private non-financial sector,2012-Q3,14.2,F,Free,,A,Normal value
Q,Quarterly,TH,Thailand,P,Private non-financial sector,,,367,Per cent,0,Units,1,One,Thailand - Private non-financial sector,2012-Q4,14.0,F,Free,,A,Normal value
Q,Quarterly,TH,Thailand,P,Private non-financial sector,,,367,Per cent,0,Units,1,One,Thailand - Private non-financial sector,2013-Q1,14.0,F,Free,,A,Normal value
Q,Quarterly,TH,Thailand,P,Private non-financial sector,,,367,Per cent,0,Units,1,One,Thailand - Private non-financial sector,2013-Q2,14.2,F,Free,,A,Normal value
Q,Quarterly,TH,Thailand,P,Private non-financial sector,,,367,Per cent,0,Units,1,One,Thailand - Private non-financial sector,2013-Q3,14.2,F,Free,,A,Normal value
Q,Quarterly,TH,Thailand,P,Private non-financial sector,,,367,Per cent,0,Units,1,One,Thailand - Private non-financial sector,2013-Q4,14.4,F,Free,,A,Normal value
Q,Quarterly,TH,Thailand,P,Private non-financial sector,,,367,Per cent,0,Units,1,One,Thailand - Private non-financial sector,2014-Q1,14.4,F,Free,,A,Normal value
Q,Quarterly,TH,Thailand,P,Private non-financial sector,,,367,Per cent,0,Units,1,One,Thailand - Private non-financial sector,2014-Q2,14.4,F,Free,,A,Normal value
Q,Quarterly,TH,Thailand,P,Private non-financial sector,,,367,Per cent,0,Units,1,One,Thailand - Private non-financial sector,2014-Q3,14.4,F,Free,,A,Normal value
Q,Quarterly,TH,Thailand,P,Private non-financial sector,,,367,Per cent,0,Units,1,One,Thailand - Private non-financial sector,2014-Q4,14.5,F,Free,,A,Normal value
Q,Quarterly,TH,Thailand,P,Private non-financial sector,,,367,Per cent,0,Units,1,One,Thailand - Private non-financial sector,2015-Q1,14.4,F,Free,,A,Normal value
Q,Quarterly,TH,Thailand,P,Private non-financial sector,,,367,Per cent,0,Units,1,One,Thailand - Private non-financial sector,2015-Q2,14.4,F,Free,,A,Normal value
Q,Quarterly,TH,Thailand,P,Private non-financial sector,,,367,Per cent,0,Units,1,One,Thailand - Private non-financial sector,2015-Q3,14.4,F,Free,,A,Normal value
Q,Quarterly,TH,Thailand,P,Private non-financial sector,,,367,Per cent,0,Units,1,One,Thailand - Private non-financial sector,2015-Q4,14.4,F,Free,,A,Normal value
Q,Quarterly,TH,Thailand,P,Private non-financial sector,,,367,Per cent,0,Units,1,One,Thailand - Private non-financial sector,2016-Q1,14.5,F,Free,,A,Normal value
Q,Quarterly,TH,Thailand,P,Private non-financial sector,,,367,Per cent,0,Units,1,One,Thailand - Private non-financial sector,2016-Q2,14.4,F,Free,,A,Normal value
Q,Quarterly,TH,Thailand,P,Private non-financial sector,,,367,Per cent,0,Units,1,One,Thailand - Private non-financial sector,2016-Q3,14.1,F,Free,,A,Normal value
Q,Quarterly,TH,Thailand,P,Private non-financial sector,,,367,Per cent,0,Units,1,One,Thailand - Private non-financial sector,2016-Q4,13.9,F,Free,,A,Normal value
Q,Quarterly,TH,Thailand,P,Private non-financial sector,,,367,Per cent,0,Units,1,One,Thailand - Private non-financial sector,2017-Q1,13.7,F,Free,,A,Normal value
Q,Quarterly,TH,Thailand,P,Private non-financial sector,,,367,Per cent,0,Units,1,One,Thailand - Private non-financial sector,2017-Q2,13.7,F,Free,,A,Normal value
Q,Quarterly,TH,Thailand,P,Private non-financial sector,,,367,Per cent,0,Units,1,One,Thailand - Private non-financial sector,2017-Q3,13.5,F,Free,,A,Normal value
Q,Quarterly,TH,Thailand,P,Private non-financial sector,,,367,Per cent,0,Units,1,One,Thailand - Private non-financial sector,2017-Q4,13.5,F,Free,,A,Normal value
Q,Quarterly,TH,Thailand,P,Private non-financial sector,,,367,Per cent,0,Units,1,One,Thailand - Private non-financial sector,2018-Q1,13.4,F,Free,,A,Normal value
Q,Quarterly,TH,Thailand,P,Private non-financial sector,,,367,Per cent,0,Units,1,One,Thailand - Private non-financial sector,2018-Q2,13.4,F,Free,,A,Normal value
Q,Quarterly,TH,Thailand,P,Private non-financial sector,,,367,Per cent,0,Units,1,One,Thailand - Private non-financial sector,2018-Q3,13.4,F,Free,,A,Normal value
Q,Quarterly,TH,Thailand,P,Private non-financial sector,,,367,Per cent,0,Units,1,One,Thailand - Private non-financial sector,2018-Q4,13.5,F,Free,,A,Normal value
Q,Quarterly,TH,Thailand,P,Private non-financial sector,,,367,Per cent,0,Units,1,One,Thailand - Private non-financial sector,2019-Q1,13.5,F,Free,,A,Normal value
Q,Quarterly,TH,Thailand,P,Private non-financial sector,,,367,Per cent,0,Units,1,One,Thailand - Private non-financial sector,2019-Q2,13.6,F,Free,,A,Normal value
Q,Quarterly,TH,Thailand,P,Private non-financial sector,,,367,Per cent,0,Units,1,One,Thailand - Private non-financial sector,2019-Q3,13.5,F,Free,,A,Normal value
Q,Quarterly,TH,Thailand,P,Private non-financial sector,,,367,Per cent,0,Units,1,One,Thailand - Private non-financial sector,2019-Q4,13.6,F,Free,,A,Normal value
Q,Quarterly,TH,Thailand,P,Private non-financial sector,,,367,Per cent,0,Units,1,One,Thailand - Private non-financial sector,2020-Q1,13.8,F,Free,,A,Normal value
Q,Quarterly,TH,Thailand,P,Private non-financial sector,,,367,Per cent,0,Units,1,One,Thailand - Private non-financial sector,2020-Q2,14.3,F,Free,,A,Normal value
Q,Quarterly,TH,Thailand,P,Private non-financial sector,,,367,Per cent,0,Units,1,One,Thailand - Private non-financial sector,2020-Q3,14.5,F,Free,,A,Normal value
Q,Quarterly,TH,Thailand,P,Private non-financial sector,,,367,Per cent,0,Units,1,One,Thailand - Private non-financial sector,2020-Q4,14.9,F,Free,,A,Normal value
Q,Quarterly,TH,Thailand,P,Private non-financial sector,,,367,Per cent,0,Units,1,One,Thailand - Private non-financial sector,2021-Q1,15.0,F,Free,,A,Normal value
Q,Quarterly,TH,Thailand,P,Private non-financial sector,,,367,Per cent,0,Units,1,One,Thailand - Private non-financial sector,2021-Q2,14.7,F,Free,,A,Normal value
Q,Quarterly,TH,Thailand,P,Private non-financial sector,,,367,Per cent,0,Units,1,One,Thailand - Private non-financial sector,2021-Q3,14.9,F,Free,,A,Normal value
Q,Quarterly,TH,Thailand,P,Private non-financial sector,,,367,Per cent,0,Units,1,One,Thailand - Private non-financial sector,2021-Q4,14.8,F,Free,,A,Normal value
Q,Quarterly,TH,Thailand,P,Private non-financial sector,,,367,Per cent,0,Units,1,One,Thailand - Private non-financial sector,2022-Q1,14.7,F,Free,,A,Normal value
Q,Quarterly,TH,Thailand,P,Private non-financial sector,,,367,Per cent,0,Units,1,One,Thailand - Private non-financial sector,2022-Q2,14.6,F,Free,,A,Normal value
Q,Quarterly,TH,Thailand,P,Private non-financial sector,,,367,Per cent,0,Units,1,One,Thailand - Private non-financial sector,2022-Q3,14.5,F,Free,,A,Normal value
Q,Quarterly,TH,Thailand,P,Private non-financial sector,,,367,Per cent,0,Units,1,One,Thailand - Private non-financial sector,2022-Q4,14.5,F,Free,,A,Normal value
Q,Quarterly,TH,Thailand,P,Private non-financial sector,,,367,Per cent,0,Units,1,One,Thailand - Private non-financial sector,2023-Q1,14.5,F,Free,,A,Normal value
Q,Quarterly,TH,Thailand,P,Private non-financial sector,,,367,Per cent,0,Units,1,One,Thailand - Private non-financial sector,2023-Q2,14.8,F,Free,,A,Normal value
Q,Quarterly,TH,Thailand,P,Private non-financial sector,,,367,Per cent,0,Units,1,One,Thailand - Private non-financial sector,2023-Q3,15.0,F,Free,,A,Normal value
Q,Quarterly,TH,Thailand,P,Private non-financial sector,,,367,Per cent,0,Units,1,One,Thailand - Private non-financial sector,2023-Q4,15.2,F,Free,,A,Normal value
Q,Quarterly,TH,Thailand,P,Private non-financial sector,,,367,Per cent,0,Units,1,One,Thailand - Private non-financial sector,2024-Q1,15.4,F,Free,,A,Normal value
Q,Quarterly,TH,Thailand,P,Private non-financial sector,,,367,Per cent,0,Units,1,One,Thailand - Private non-financial sector,2024-Q2,15.3,F,Free,,A,Normal value
Q,Quarterly,TH,Thailand,P,Private non-financial sector,,,367,Per cent,0,Units,1,One,Thailand - Private non-financial sector,2024-Q3,15.2,F,Free,,A,Normal value
Q,Quarterly,TH,Thailand,P,Private non-financial sector,,,367,Per cent,0,Units,1,One,Thailand - Private non-financial sector,2024-Q4,15.2,F,Free,,A,Normal value
Q,Quarterly,TH,Thailand,P,Private non-financial sector,,,367,Per cent,0,Units,1,One,Thailand - Private non-financial sector,2025-Q1,15.0,F,Free,,A,Normal value
Q,Quarterly,TH,Thailand,P,Private non-financial sector,,,367,Per cent,0,Units,1,One,Thailand - Private non-financial sector,2025-Q2,14.4,F,Free,,A,Normal value
Q,Quarterly,TH,Thailand,P,Private non-financial sector,,,367,Per cent,0,Units,1,One,Thailand - Private non-financial sector,2025-Q3,14.6,F,Free,,A,Normal value
Q,Quarterly,TH,Thailand,P,Private non-financial sector,,,367,Per cent,0,Units,1,One,Thailand - Private non-financial sector,2025-Q4,13.6,F,Free,,A,Normal value
Q,Quarterly,MY,Malaysia,P,Private non-financial sector,,,367,Per cent,0,Units,1,One,Malaysia - Private non-financial sector,1999-Q1,26.7,F,Free,,A,Normal value
Q,Quarterly,MY,Malaysia,P,Private non-financial sector,,,367,Per cent,0,Units,1,One,Malaysia - Private non-financial sector,1999-Q2,24.9,F,Free,,A,Normal value
Q,Quarterly,MY,Malaysia,P,Private non-financial sector,,,367,Per cent,0,Units,1,One,Malaysia - Private non-financial sector,1999-Q3,23.7,F,Free,,A,Normal value
Q,Quarterly,MY,Malaysia,P,Private non-financial sector,,,367,Per cent,0,Units,1,One,Malaysia - Private non-financial sector,1999-Q4,21.8,F,Free,,A,Normal value
Q,Quarterly,MY,Malaysia,P,Private non-financial sector,,,367,Per cent,0,Units,1,One,Malaysia - Private non-financial sector,2000-Q1,20.1,F,Free,,A,Normal value
Q,Quarterly,MY,Malaysia,P,Private non-financial sector,,,367,Per cent,0,Units,1,One,Malaysia - Private non-financial sector,2000-Q2,19.2,F,Free,,A,Normal value
Q,Quarterly,MY,Malaysia,P,Private non-financial sector,,,367,Per cent,0,Units,1,One,Malaysia - Private non-financial sector,2000-Q3,18.3,F,Free,,A,Normal value
Q,Quarterly,MY,Malaysia,P,Private non-financial sector,,,367,Per cent,0,Units,1,One,Malaysia - Private non-financial sector,2000-Q4,17.7,F,Free,,A,Normal value
Q,Quarterly,MY,Malaysia,P,Private non-financial sector,,,367,Per cent,0,Units,1,One,Malaysia - Private non-financial sector,2001-Q1,17.3,F,Free,,A,Normal value
Q,Quarterly,MY,Malaysia,P,Private non-financial sector,,,367,Per cent,0,Units,1,One,Malaysia - Private non-financial sector,2001-Q2,17.4,F,Free,,A,Normal value
Q,Quarterly,MY,Malaysia,P,Private non-financial sector,,,367,Per cent,0,Units,1,One,Malaysia - Private non-financial sector,2001-Q3,17.7,F,Free,,A,Normal value
Q,Quarterly,MY,Malaysia,P,Private non-financial sector,,,367,Per cent,0,Units,1,One,Malaysia - Private non-financial sector,2001-Q4,17.9,F,Free,,A,Normal value
Q,Quarterly,MY,Malaysia,P,Private non-financial sector,,,367,Per cent,0,Units,1,One,Malaysia - Private non-financial sector,2002-Q1,17.9,F,Free,,A,Normal value
Q,Quarterly,MY,Malaysia,P,Private non-financial sector,,,367,Per cent,0,Units,1,One,Malaysia - Private non-financial sector,2002-Q2,17.8,F,Free,,A,Normal value
Q,Quarterly,MY,Malaysia,P,Private non-financial sector,,,367,Per cent,0,Units,1,One,Malaysia - Private non-financial sector,2002-Q3,17.4,F,Free,,A,Normal value
Q,Quarterly,MY,Malaysia,P,Private non-financial sector,,,367,Per cent,0,Units,1,One,Malaysia - Private non-financial sector,2002-Q4,17.1,F,Free,,A,Normal value
Q,Quarterly,MY,Malaysia,P,Private non-financial sector,,,367,Per cent,0,Units,1,One,Malaysia - Private non-financial sector,2003-Q1,16.7,F,Free,,A,Normal value
Q,Quarterly,MY,Malaysia,P,Private non-financial sector,,,367,Per cent,0,Units,1,One,Malaysia - Private non-financial sector,2003-Q2,16.6,F,Free,,A,Normal value
Q,Quarterly,MY,Malaysia,P,Private non-financial sector,,,367,Per cent,0,Units,1,One,Malaysia - Private non-financial sector,2003-Q3,16.5,F,Free,,A,Normal value
Q,Quarterly,MY,Malaysia,P,Private non-financial sector,,,367,Per cent,0,Units,1,One,Malaysia - Private non-financial sector,2003-Q4,16.1,F,Free,,A,Normal value
Q,Quarterly,MY,Malaysia,P,Private non-financial sector,,,367,Per cent,0,Units,1,One,Malaysia - Private non-financial sector,2004-Q1,16.2,F,Free,,A,Normal value
Q,Quarterly,MY,Malaysia,P,Private non-financial sector,,,367,Per cent,0,Units,1,One,Malaysia - Private non-financial sector,2004-Q2,16.2,F,Free,,A,Normal value
Q,Quarterly,MY,Malaysia,P,Private non-financial sector,,,367,Per cent,0,Units,1,One,Malaysia - Private non-financial sector,2004-Q3,15.8,F,Free,,A,Normal value
Q,Quarterly,MY,Malaysia,P,Private non-financial sector,,,367,Per cent,0,Units,1,One,Malaysia - Private non-financial sector,2004-Q4,15.4,F,Free,,A,Normal value
Q,Quarterly,MY,Malaysia,P,Private non-financial sector,,,367,Per cent,0,Units,1,One,Malaysia - Private non-financial sector,2005-Q1,15.0,F,Free,,A,Normal value
Q,Quarterly,MY,Malaysia,P,Private non-financial sector,,,367,Per cent,0,Units,1,One,Malaysia - Private non-financial sector,2005-Q2,14.6,F,Free,,A,Normal value
Q,Quarterly,MY,Malaysia,P,Private non-financial sector,,,367,Per cent,0,Units,1,One,Malaysia - Private non-financial sector,2005-Q3,14.7,F,Free,,A,Normal value
Q,Quarterly,MY,Malaysia,P,Private non-financial sector,,,367,Per cent,0,Units,1,One,Malaysia - Private non-financial sector,2005-Q4,14.7,F,Free,,A,Normal value
Q,Quarterly,MY,Malaysia,P,Private non-financial sector,,,367,Per cent,0,Units,1,One,Malaysia - Private non-financial sector,2006-Q1,14.3,F,Free,,A,Normal value
Q,Quarterly,MY,Malaysia,P,Private non-financial sector,,,367,Per cent,0,Units,1,One,Malaysia - Private non-financial sector,2006-Q2,14.4,F,Free,,A,Normal value
Q,Quarterly,MY,Malaysia,P,Private non-financial sector,,,367,Per cent,0,Units,1,One,Malaysia - Private non-financial sector,2006-Q3,14.3,F,Free,,A,Normal value
Q,Quarterly,MY,Malaysia,P,Private non-financial sector,,,367,Per cent,0,Units,1,One,Malaysia - Private non-financial sector,2006-Q4,14.4,F,Free,,A,Normal value
Q,Quarterly,MY,Malaysia,P,Private non-financial sector,,,367,Per cent,0,Units,1,One,Malaysia - Private non-financial sector,2007-Q1,14.2,F,Free,,A,Normal value
Q,Quarterly,MY,Malaysia,P,Private non-financial sector,,,367,Per cent,0,Units,1,One,Malaysia - Private non-financial sector,2007-Q2,14.2,F,Free,,A,Normal value
Q,Quarterly,MY,Malaysia,P,Private non-financial sector,,,367,Per cent,0,Units,1,One,Malaysia - Private non-financial sector,2007-Q3,14.5,F,Free,,A,Normal value
Q,Quarterly,MY,Malaysia,P,Private non-financial sector,,,367,Per cent,0,Units,1,One,Malaysia - Private non-financial sector,2007-Q4,13.9,F,Free,,A,Normal value
Q,Quarterly,MY,Malaysia,P,Private non-financial sector,,,367,Per cent,0,Units,1,One,Malaysia - Private non-financial sector,2008-Q1,13.3,F,Free,,A,Normal value
Q,Quarterly,MY,Malaysia,P,Private non-financial sector,,,367,Per cent,0,Units,1,One,Malaysia - Private non-financial sector,2008-Q2,13.2,F,Free,,A,Normal value
Q,Quarterly,MY,Malaysia,P,Private non-financial sector,,,367,Per cent,0,Units,1,One,Malaysia - Private non-financial sector,2008-Q3,13.5,F,Free,,A,Normal value
Q,Quarterly,MY,Malaysia,P,Private non-financial sector,,,367,Per cent,0,Units,1,One,Malaysia - Private non-financial sector,2008-Q4,13.7,F,Free,,A,Normal value
Q,Quarterly,MY,Malaysia,P,Private non-financial sector,,,367,Per cent,0,Units,1,One,Malaysia - Private non-financial sector,2009-Q1,13.9,F,Free,,A,Normal value
Q,Quarterly,MY,Malaysia,P,Private non-financial sector,,,367,Per cent,0,Units,1,One,Malaysia - Private non-financial sector,2009-Q2,14.1,F,Free,,A,Normal value
Q,Quarterly,MY,Malaysia,P,Private non-financial sector,,,367,Per cent,0,Units,1,One,Malaysia - Private non-financial sector,2009-Q3,14.7,F,Free,,A,Normal value
Q,Quarterly,MY,Malaysia,P,Private non-financial sector,,,367,Per cent,0,Units,1,One,Malaysia - Private non-financial sector,2009-Q4,14.8,F,Free,,A,Normal value
Q,Quarterly,MY,Malaysia,P,Private non-financial sector,,,367,Per cent,0,Units,1,One,Malaysia - Private non-financial sector,2010-Q1,14.3,F,Free,,A,Normal value
Q,Quarterly,MY,Malaysia,P,Private non-financial sector,,,367,Per cent,0,Units,1,One,Malaysia - Private non-financial sector,2010-Q2,14.2,F,Free,,A,Normal value
Q,Quarterly,MY,Malaysia,P,Private non-financial sector,,,367,Per cent,0,Units,1,One,Malaysia - Private non-financial sector,2010-Q3,14.1,F,Free,,A,Normal value
Q,Quarterly,MY,Malaysia,P,Private non-financial sector,,,367,Per cent,0,Units,1,One,Malaysia - Private non-financial sector,2010-Q4,14.3,F,Free,,A,Normal value
Q,Quarterly,MY,Malaysia,P,Private non-financial sector,,,367,Per cent,0,Units,1,One,Malaysia - Private non-financial sector,2011-Q1,14.2,F,Free,,A,Normal value
Q,Quarterly,MY,Malaysia,P,Private non-financial sector,,,367,Per cent,0,Units,1,One,Malaysia - Private non-financial sector,2011-Q2,14.4,F,Free,,A,Normal value
Q,Quarterly,MY,Malaysia,P,Private non-financial sector,,,367,Per cent,0,Units,1,One,Malaysia - Private non-financial sector,2011-Q3,14.6,F,Free,,A,Normal value
Q,Quarterly,MY,Malaysia,P,Private non-financial sector,,,367,Per cent,0,Units,1,One,Malaysia - Private non-financial sector,2011-Q4,14.8,F,Free,,A,Normal value
Q,Quarterly,MY,Malaysia,P,Private non-financial sector,,,367,Per cent,0,Units,1,One,Malaysia - Private non-financial sector,2012-Q1,14.3,F,Free,,A,Normal value
Q,Quarterly,MY,Malaysia,P,Private non-financial sector,,,367,Per cent,0,Units,1,One,Malaysia - Private non-financial sector,2012-Q2,14.9,F,Free,,A,Normal value
Q,Quarterly,MY,Malaysia,P,Private non-financial sector,,,367,Per cent,0,Units,1,One,Malaysia - Private non-financial sector,2012-Q3,15.0,F,Free,,A,Normal value
Q,Quarterly,MY,Malaysia,P,Private non-financial sector,,,367,Per cent,0,Units,1,One,Malaysia - Private non-financial sector,2012-Q4,15.1,F,Free,,A,Normal value
Q,Quarterly,MY,Malaysia,P,Private non-financial sector,,,367,Per cent,0,Units,1,One,Malaysia - Private non-financial sector,2013-Q1,15.2,F,Free,,A,Normal value
Q,Quarterly,MY,Malaysia,P,Private non-financial sector,,,367,Per cent,0,Units,1,One,Malaysia - Private non-financial sector,2013-Q2,15.4,F,Free,,A,Normal value
Q,Quarterly,MY,Malaysia,P,Private non-financial sector,,,367,Per cent,0,Units,1,One,Malaysia - Private non-financial sector,2013-Q3,15.4,F,Free,,A,Normal value
Q,Quarterly,MY,Malaysia,P,Private non-financial sector,,,367,Per cent,0,Units,1,One,Malaysia - Private non-financial sector,2013-Q4,15.6,F,Free,,A,Normal value
Q,Quarterly,MY,Malaysia,P,Private non-financial sector,,,367,Per cent,0,Units,1,One,Malaysia - Private non-financial sector,2014-Q1,15.6,F,Free,,A,Normal value
Q,Quarterly,MY,Malaysia,P,Private non-financial sector,,,367,Per cent,0,Units,1,One,Malaysia - Private non-financial sector,2014-Q2,15.4,F,Free,,A,Normal value
Q,Quarterly,MY,Malaysia,P,Private non-financial sector,,,367,Per cent,0,Units,1,One,Malaysia - Private non-financial sector,2014-Q3,15.4,F,Free,,A,Normal value
Q,Quarterly,MY,Malaysia,P,Private non-financial sector,,,367,Per cent,0,Units,1,One,Malaysia - Private non-financial sector,2014-Q4,15.6,F,Free,,A,Normal value
Q,Quarterly,MY,Malaysia,P,Private non-financial sector,,,367,Per cent,0,Units,1,One,Malaysia - Private non-financial sector,2015-Q1,15.9,F,Free,,A,Normal value
Q,Quarterly,MY,Malaysia,P,Private non-financial sector,,,367,Per cent,0,Units,1,One,Malaysia - Private non-financial sector,2015-Q2,16.2,F,Free,,A,Normal value
Q,Quarterly,MY,Malaysia,P,Private non-financial sector,,,367,Per cent,0,Units,1,One,Malaysia - Private non-financial sector,2015-Q3,16.4,F,Free,,A,Normal value
Q,Quarterly,MY,Malaysia,P,Private non-financial sector,,,367,Per cent,0,Units,1,One,Malaysia - Private non-financial sector,2015-Q4,16.5,F,Free,,A,Normal value
Q,Quarterly,MY,Malaysia,P,Private non-financial sector,,,367,Per cent,0,Units,1,One,Malaysia - Private non-financial sector,2016-Q1,16.2,F,Free,,A,Normal value
Q,Quarterly,MY,Malaysia,P,Private non-financial sector,,,367,Per cent,0,Units,1,One,Malaysia - Private non-financial sector,2016-Q2,16.2,F,Free,,A,Normal value
Q,Quarterly,MY,Malaysia,P,Private non-financial sector,,,367,Per cent,0,Units,1,One,Malaysia - Private non-financial sector,2016-Q3,16.3,F,Free,,A,Normal value
Q,Quarterly,MY,Malaysia,P,Private non-financial sector,,,367,Per cent,0,Units,1,One,Malaysia - Private non-financial sector,2016-Q4,16.5,F,Free,,A,Normal value
Q,Quarterly,MY,Malaysia,P,Private non-financial sector,,,367,Per cent,0,Units,1,One,Malaysia - Private non-financial sector,2017-Q1,16.4,F,Free,,A,Normal value
Q,Quarterly,MY,Malaysia,P,Private non-financial sector,,,367,Per cent,0,Units,1,One,Malaysia - Private non-financial sector,2017-Q2,16.3,F,Free,,A,Normal value
Q,Quarterly,MY,Malaysia,P,Private non-financial sector,,,367,Per cent,0,Units,1,One,Malaysia - Private non-financial sector,2017-Q3,16.1,F,Free,,A,Normal value
Q,Quarterly,MY,Malaysia,P,Private non-financial sector,,,367,Per cent,0,Units,1,One,Malaysia - Private non-financial sector,2017-Q4,16.0,F,Free,,A,Normal value
Q,Quarterly,MY,Malaysia,P,Private non-financial sector,,,367,Per cent,0,Units,1,One,Malaysia - Private non-financial sector,2018-Q1,16.1,F,Free,,A,Normal value
Q,Quarterly,MY,Malaysia,P,Private non-financial sector,,,367,Per cent,0,Units,1,One,Malaysia - Private non-financial sector,2018-Q2,16.4,F,Free,,A,Normal value
Q,Quarterly,MY,Malaysia,P,Private non-financial sector,,,367,Per cent,0,Units,1,One,Malaysia - Private non-financial sector,2018-Q3,16.3,F,Free,,A,Normal value
Q,Quarterly,MY,Malaysia,P,Private non-financial sector,,,367,Per cent,0,Units,1,One,Malaysia - Private non-financial sector,2018-Q4,16.3,F,Free,,A,Normal value
Q,Quarterly,MY,Malaysia,P,Private non-financial sector,,,367,Per cent,0,Units,1,One,Malaysia - Private non-financial sector,2019-Q1,16.3,F,Free,,A,Normal value
Q,Quarterly,MY,Malaysia,P,Private non-financial sector,,,367,Per cent,0,Units,1,One,Malaysia - Private non-financial sector,2019-Q2,16.5,F,Free,,A,Normal value
Q,Quarterly,MY,Malaysia,P,Private non-financial sector,,,367,Per cent,0,Units,1,One,Malaysia - Private non-financial sector,2019-Q3,16.3,F,Free,,A,Normal value
Q,Quarterly,MY,Malaysia,P,Private non-financial sector,,,367,Per cent,0,Units,1,One,Malaysia - Private non-financial sector,2019-Q4,16.3,F,Free,,A,Normal value
Q,Quarterly,MY,Malaysia,P,Private non-financial sector,,,367,Per cent,0,Units,1,One,Malaysia - Private non-financial sector,2020-Q1,16.3,F,Free,,A,Normal value
Q,Quarterly,MY,Malaysia,P,Private non-financial sector,,,367,Per cent,0,Units,1,One,Malaysia - Private non-financial sector,2020-Q2,17.1,F,Free,,A,Normal value
Q,Quarterly,MY,Malaysia,P,Private non-financial sector,,,367,Per cent,0,Units,1,One,Malaysia - Private non-financial sector,2020-Q3,17.1,F,Free,,A,Normal value
Q,Quarterly,MY,Malaysia,P,Private non-financial sector,,,367,Per cent,0,Units,1,One,Malaysia - Private non-financial sector,2020-Q4,17.1,F,Free,,A,Normal value
Q,Quarterly,MY,Malaysia,P,Private non-financial sector,,,367,Per cent,0,Units,1,One,Malaysia - Private non-financial sector,2021-Q1,17.1,F,Free,,A,Normal value
Q,Quarterly,MY,Malaysia,P,Private non-financial sector,,,367,Per cent,0,Units,1,One,Malaysia - Private non-financial sector,2021-Q2,16.3,F,Free,,A,Normal value
Q,Quarterly,MY,Malaysia,P,Private non-financial sector,,,367,Per cent,0,Units,1,One,Malaysia - Private non-financial sector,2021-Q3,16.2,F,Free,,A,Normal value
Q,Quarterly,MY,Malaysia,P,Private non-financial sector,,,367,Per cent,0,Units,1,One,Malaysia - Private non-financial sector,2021-Q4,15.9,F,Free,,A,Normal value
Q,Quarterly,MY,Malaysia,P,Private non-financial sector,,,367,Per cent,0,Units,1,One,Malaysia - Private non-financial sector,2022-Q1,15.5,F,Free,,A,Normal value
Q,Quarterly,MY,Malaysia,P,Private non-financial sector,,,367,Per cent,0,Units,1,One,Malaysia - Private non-financial sector,2022-Q2,14.9,F,Free,,A,Normal value
Q,Quarterly,MY,Malaysia,P,Private non-financial sector,,,367,Per cent,0,Units,1,One,Malaysia - Private non-financial sector,2022-Q3,14.3,F,Free,,A,Normal value
Q,Quarterly,MY,Malaysia,P,Private non-financial sector,,,367,Per cent,0,Units,1,One,Malaysia - Private non-financial sector,2022-Q4,14.3,F,Free,,A,Normal value
Q,Quarterly,MY,Malaysia,P,Private non-financial sector,,,367,Per cent,0,Units,1,One,Malaysia - Private non-financial sector,2023-Q1,14.4,F,Free,,A,Normal value
Q,Quarterly,MY,Malaysia,P,Private non-financial sector,,,367,Per cent,0,Units,1,One,Malaysia - Private non-financial sector,2023-Q2,14.8,F,Free,,A,Normal value
Q,Quarterly,MY,Malaysia,P,Private non-financial sector,,,367,Per cent,0,Units,1,One,Malaysia - Private non-financial sector,2023-Q3,15.0,F,Free,,A,Normal value
Q,Quarterly,MY,Malaysia,P,Private non-financial sector,,,367,Per cent,0,Units,1,One,Malaysia - Private non-financial sector,2023-Q4,15.3,F,Free,,A,Normal value
Q,Quarterly,MY,Malaysia,P,Private non-financial sector,,,367,Per cent,0,Units,1,One,Malaysia - Private non-financial sector,2024-Q1,15.4,F,Free,,A,Normal value
Q,Quarterly,MY,Malaysia,P,Private non-financial sector,,,367,Per cent,0,Units,1,One,Malaysia - Private non-financial sector,2024-Q2,15.3,F,Free,,A,Normal value
Q,Quarterly,MY,Malaysia,P,Private non-financial sector,,,367,Per cent,0,Units,1,One,Malaysia - Private non-financial sector,2024-Q3,15.1,F,Free,,A,Normal value
Q,Quarterly,MY,Malaysia,P,Private non-financial sector,,,367,Per cent,0,Units,1,One,Malaysia - Private non-financial sector,2024-Q4,15.3,F,Free,,A,Normal value
Q,Quarterly,MY,Malaysia,P,Private non-financial sector,,,367,Per cent,0,Units,1,One,Malaysia - Private non-financial sector,2025-Q1,15.4,F,Free,,A,Normal value
Q,Quarterly,MY,Malaysia,P,Private non-financial sector,,,367,Per cent,0,Units,1,One,Malaysia - Private non-financial sector,2025-Q2,15.5,F,Free,,A,Normal value
Q,Quarterly,MY,Malaysia,P,Private non-financial sector,,,367,Per cent,0,Units,1,One,Malaysia - Private non-financial sector,2025-Q3,15.5,F,Free,,A,Normal value
Q,Quarterly,MY,Malaysia,P,Private non-financial sector,,,367,Per cent,0,Units,1,One,Malaysia - Private non-financial sector,2025-Q4,15.5,F,Free,,A,Normal value
Q,Quarterly,HK,Hong Kong SAR,P,Private non-financial sector,,,367,Per cent,0,Units,1,One,Hong Kong SAR - Private non-financial sector,1999-Q1,22.0,F,Free,,A,Normal value
Q,Quarterly,HK,Hong Kong SAR,P,Private non-financial sector,,,367,Per cent,0,Units,1,One,Hong Kong SAR - Private non-financial sector,1999-Q2,21.2,F,Free,,A,Normal value
Q,Quarterly,HK,Hong Kong SAR,P,Private non-financial sector,,,367,Per cent,0,Units,1,One,Hong Kong SAR - Private non-financial sector,1999-Q3,20.8,F,Free,,A,Normal value
Q,Quarterly,HK,Hong Kong SAR,P,Private non-financial sector,,,367,Per cent,0,Units,1,One,Hong Kong SAR - Private non-financial sector,1999-Q4,20.3,F,Free,,A,Normal value
Q,Quarterly,HK,Hong Kong SAR,P,Private non-financial sector,,,367,Per cent,0,Units,1,One,Hong Kong SAR - Private non-financial sector,2000-Q1,19.9,F,Free,,A,Normal value
Q,Quarterly,HK,Hong Kong SAR,P,Private non-financial sector,,,367,Per cent,0,Units,1,One,Hong Kong SAR - Private non-financial sector,2000-Q2,19.5,F,Free,,A,Normal value
Q,Quarterly,HK,Hong Kong SAR,P,Private non-financial sector,,,367,Per cent,0,Units,1,One,Hong Kong SAR - Private non-financial sector,2000-Q3,20.1,F,Free,,A,Normal value
Q,Quarterly,HK,Hong Kong SAR,P,Private non-financial sector,,,367,Per cent,0,Units,1,One,Hong Kong SAR - Private non-financial sector,2000-Q4,19.6,F,Free,,A,Normal value
Q,Quarterly,HK,Hong Kong SAR,P,Private non-financial sector,,,367,Per cent,0,Units,1,One,Hong Kong SAR - Private non-financial sector,2001-Q1,19.4,F,Free,,A,Normal value
Q,Quarterly,HK,Hong Kong SAR,P,Private non-financial sector,,,367,Per cent,0,Units,1,One,Hong Kong SAR - Private non-financial sector,2001-Q2,18.8,F,Free,,A,Normal value
Q,Quarterly,HK,Hong Kong SAR,P,Private non-financial sector,,,367,Per cent,0,Units,1,One,Hong Kong SAR - Private non-financial sector,2001-Q3,18.3,F,Free,,A,Normal value
Q,Quarterly,HK,Hong Kong SAR,P,Private non-financial sector,,,367,Per cent,0,Units,1,One,Hong Kong SAR - Private non-financial sector,2001-Q4,17.4,F,Free,,A,Normal value
Q,Quarterly,HK,Hong Kong SAR,P,Private non-financial sector,,,367,Per cent,0,Units,1,One,Hong Kong SAR - Private non-financial sector,2002-Q1,17.0,F,Free,,A,Normal value
Q,Quarterly,HK,Hong Kong SAR,P,Private non-financial sector,,,367,Per cent,0,Units,1,One,Hong Kong SAR - Private non-financial sector,2002-Q2,16.4,F,Free,,A,Normal value
Q,Quarterly,HK,Hong Kong SAR,P,Private non-financial sector,,,367,Per cent,0,Units,1,One,Hong Kong SAR - Private non-financial sector,2002-Q3,16.0,F,Free,,A,Normal value
Q,Quarterly,HK,Hong Kong SAR,P,Private non-financial sector,,,367,Per cent,0,Units,1,One,Hong Kong SAR - Private non-financial sector,2002-Q4,15.6,F,Free,,A,Normal value
Q,Quarterly,HK,Hong Kong SAR,P,Private non-financial sector,,,367,Per cent,0,Units,1,One,Hong Kong SAR - Private non-financial sector,2003-Q1,15.2,F,Free,,A,Normal value
Q,Quarterly,HK,Hong Kong SAR,P,Private non-financial sector,,,367,Per cent,0,Units,1,One,Hong Kong SAR - Private non-financial sector,2003-Q2,15.5,F,Free,,A,Normal value
Q,Quarterly,HK,Hong Kong SAR,P,Private non-financial sector,,,367,Per cent,0,Units,1,One,Hong Kong SAR - Private non-financial sector,2003-Q3,15.3,F,Free,,A,Normal value
Q,Quarterly,HK,Hong Kong SAR,P,Private non-financial sector,,,367,Per cent,0,Units,1,One,Hong Kong SAR - Private non-financial sector,2003-Q4,15.1,F,Free,,A,Normal value
Q,Quarterly,HK,Hong Kong SAR,P,Private non-financial sector,,,367,Per cent,0,Units,1,One,Hong Kong SAR - Private non-financial sector,2004-Q1,15.0,F,Free,,A,Normal value
Q,Quarterly,HK,Hong Kong SAR,P,Private non-financial sector,,,367,Per cent,0,Units,1,One,Hong Kong SAR - Private non-financial sector,2004-Q2,14.5,F,Free,,A,Normal value
Q,Quarterly,HK,Hong Kong SAR,P,Private non-financial sector,,,367,Per cent,0,Units,1,One,Hong Kong SAR - Private non-financial sector,2004-Q3,14.4,F,Free,,A,Normal value
Q,Quarterly,HK,Hong Kong SAR,P,Private non-financial sector,,,367,Per cent,0,Units,1,One,Hong Kong SAR - Private non-financial sector,2004-Q4,14.5,F,Free,,A,Normal value
Q,Quarterly,HK,Hong Kong SAR,P,Private non-financial sector,,,367,Per cent,0,Units,1,One,Hong Kong SAR - Private non-financial sector,2005-Q1,14.8,F,Free,,A,Normal value
Q,Quarterly,HK,Hong Kong SAR,P,Private non-financial sector,,,367,Per cent,0,Units,1,One,Hong Kong SAR - Private non-financial sector,2005-Q2,15.6,F,Free,,A,Normal value
Q,Quarterly,HK,Hong Kong SAR,P,Private non-financial sector,,,367,Per cent,0,Units,1,One,Hong Kong SAR - Private non-financial sector,2005-Q3,15.8,F,Free,,A,Normal value
Q,Quarterly,HK,Hong Kong SAR,P,Private non-financial sector,,,367,Per cent,0,Units,1,One,Hong Kong SAR - Private non-financial sector,2005-Q4,16.4,F,Free,,A,Normal value
Q,Quarterly,HK,Hong Kong SAR,P,Private non-financial sector,,,367,Per cent,0,Units,1,One,Hong Kong SAR - Private non-financial sector,2006-Q1,16.7,F,Free,,A,Normal value
Q,Quarterly,HK,Hong Kong SAR,P,Private non-financial sector,,,367,Per cent,0,Units,1,One,Hong Kong SAR - Private non-financial sector,2006-Q2,17.4,F,Free,,A,Normal value
Q,Quarterly,HK,Hong Kong SAR,P,Private non-financial sector,,,367,Per cent,0,Units,1,One,Hong Kong SAR - Private non-financial sector,2006-Q3,17.6,F,Free,,A,Normal value
Q,Quarterly,HK,Hong Kong SAR,P,Private non-financial sector,,,367,Per cent,0,Units,1,One,Hong Kong SAR - Private non-financial sector,2006-Q4,17.9,F,Free,,A,Normal value
Q,Quarterly,HK,Hong Kong SAR,P,Private non-financial sector,,,367,Per cent,0,Units,1,One,Hong Kong SAR - Private non-financial sector,2007-Q1,18.3,F,Free,,A,Normal value
Q,Quarterly,HK,Hong Kong SAR,P,Private non-financial sector,,,367,Per cent,0,Units,1,One,Hong Kong SAR - Private non-financial sector,2007-Q2,19.6,F,Free,,A,Normal value
Q,Quarterly,HK,Hong Kong SAR,P,Private non-financial sector,,,367,Per cent,0,Units,1,One,Hong Kong SAR - Private non-financial sector,2007-Q3,20.5,F,Free,,A,Normal value
Q,Quarterly,HK,Hong Kong SAR,P,Private non-financial sector,,,367,Per cent,0,Units,1,One,Hong Kong SAR - Private non-financial sector,2007-Q4,19.7,F,Free,,A,Normal value
Q,Quarterly,HK,Hong Kong SAR,P,Private non-financial sector,,,367,Per cent,0,Units,1,One,Hong Kong SAR - Private non-financial sector,2008-Q1,19.7,F,Free,,A,Normal value
Q,Quarterly,HK,Hong Kong SAR,P,Private non-financial sector,,,367,Per cent,0,Units,1,One,Hong Kong SAR - Private non-financial sector,2008-Q2,19.9,F,Free,,A,Normal value
Q,Quarterly,HK,Hong Kong SAR,P,Private non-financial sector,,,367,Per cent,0,Units,1,One,Hong Kong SAR - Private non-financial sector,2008-Q3,19.9,F,Free,,A,Normal value
Q,Quarterly,HK,Hong Kong SAR,P,Private non-financial sector,,,367,Per cent,0,Units,1,One,Hong Kong SAR - Private non-financial sector,2008-Q4,19.1,F,Free,,A,Normal value
Q,Quarterly,HK,Hong Kong SAR,P,Private non-financial sector,,,367,Per cent,0,Units,1,One,Hong Kong SAR - Private non-financial sector,2009-Q1,18.0,F,Free,,A,Normal value
Q,Quarterly,HK,Hong Kong SAR,P,Private non-financial sector,,,367,Per cent,0,Units,1,One,Hong Kong SAR - Private non-financial sector,2009-Q2,18.4,F,Free,,A,Normal value
Q,Quarterly,HK,Hong Kong SAR,P,Private non-financial sector,,,367,Per cent,0,Units,1,One,Hong Kong SAR - Private non-financial sector,2009-Q3,18.2,F,Free,,A,Normal value
Q,Quarterly,HK,Hong Kong SAR,P,Private non-financial sector,,,367,Per cent,0,Units,1,One,Hong Kong SAR - Private non-financial sector,2009-Q4,17.4,F,Free,,A,Normal value
Q,Quarterly,HK,Hong Kong SAR,P,Private non-financial sector,,,367,Per cent,0,Units,1,One,Hong Kong SAR - Private non-financial sector,2010-Q1,17.6,F,Free,,A,Normal value
Q,Quarterly,HK,Hong Kong SAR,P,Private non-financial sector,,,367,Per cent,0,Units,1,One,Hong Kong SAR - Private non-financial sector,2010-Q2,18.5,F,Free,,A,Normal value
Q,Quarterly,HK,Hong Kong SAR,P,Private non-financial sector,,,367,Per cent,0,Units,1,One,Hong Kong SAR - Private non-financial sector,2010-Q3,19.5,F,Free,,A,Normal value
Q,Quarterly,HK,Hong Kong SAR,P,Private non-financial sector,,,367,Per cent,0,Units,1,One,Hong Kong SAR - Private non-financial sector,2010-Q4,19.3,F,Free,,A,Normal value
Q,Quarterly,HK,Hong Kong SAR,P,Private non-financial sector,,,367,Per cent,0,Units,1,One,Hong Kong SAR - Private non-financial sector,2011-Q1,20.3,F,Free,,A,Normal value
Q,Quarterly,HK,Hong Kong SAR,P,Private non-financial sector,,,367,Per cent,0,Units,1,One,Hong Kong SAR - Private non-financial sector,2011-Q2,20.7,F,Free,,A,Normal value
Q,Quarterly,HK,Hong Kong SAR,P,Private non-financial sector,,,367,Per cent,0,Units,1,One,Hong Kong SAR - Private non-financial sector,2011-Q3,20.8,F,Free,,A,Normal value
Q,Quarterly,HK,Hong Kong SAR,P,Private non-financial sector,,,367,Per cent,0,Units,1,One,Hong Kong SAR - Private non-financial sector,2011-Q4,20.1,F,Free,,A,Normal value
Q,Quarterly,HK,Hong Kong SAR,P,Private non-financial sector,,,367,Per cent,0,Units,1,One,Hong Kong SAR - Private non-financial sector,2012-Q1,20.2,F,Free,,A,Normal value
Q,Quarterly,HK,Hong Kong SAR,P,Private non-financial sector,,,367,Per cent,0,Units,1,One,Hong Kong SAR - Private non-financial sector,2012-Q2,20.2,F,Free,,A,Normal value
Q,Quarterly,HK,Hong Kong SAR,P,Private non-financial sector,,,367,Per cent,0,Units,1,One,Hong Kong SAR - Private non-financial sector,2012-Q3,20.2,F,Free,,A,Normal value
Q,Quarterly,HK,Hong Kong SAR,P,Private non-financial sector,,,367,Per cent,0,Units,1,One,Hong Kong SAR - Private non-financial sector,2012-Q4,20.1,F,Free,,A,Normal value
Q,Quarterly,HK,Hong Kong SAR,P,Private non-financial sector,,,367,Per cent,0,Units,1,One,Hong Kong SAR - Private non-financial sector,2013-Q1,20.8,F,Free,,A,Normal value
Q,Quarterly,HK,Hong Kong SAR,P,Private non-financial sector,,,367,Per cent,0,Units,1,One,Hong Kong SAR - Private non-financial sector,2013-Q2,22.1,F,Free,,A,Normal value
Q,Quarterly,HK,Hong Kong SAR,P,Private non-financial sector,,,367,Per cent,0,Units,1,One,Hong Kong SAR - Private non-financial sector,2013-Q3,22.5,F,Free,,A,Normal value
Q,Quarterly,HK,Hong Kong SAR,P,Private non-financial sector,,,367,Per cent,0,Units,1,One,Hong Kong SAR - Private non-financial sector,2013-Q4,22.3,F,Free,,A,Normal value
Q,Quarterly,HK,Hong Kong SAR,P,Private non-financial sector,,,367,Per cent,0,Units,1,One,Hong Kong SAR - Private non-financial sector,2014-Q1,23.6,F,Free,,A,Normal value
Q,Quarterly,HK,Hong Kong SAR,P,Private non-financial sector,,,367,Per cent,0,Units,1,One,Hong Kong SAR - Private non-financial sector,2014-Q2,24.4,F,Free,,A,Normal value
Q,Quarterly,HK,Hong Kong SAR,P,Private non-financial sector,,,367,Per cent,0,Units,1,One,Hong Kong SAR - Private non-financial sector,2014-Q3,24.8,F,Free,,A,Normal value
Q,Quarterly,HK,Hong Kong SAR,P,Private non-financial sector,,,367,Per cent,0,Units,1,One,Hong Kong SAR - Private non-financial sector,2014-Q4,24.0,F,Free,,A,Normal value
Q,Quarterly,HK,Hong Kong SAR,P,Private non-financial sector,,,367,Per cent,0,Units,1,One,Hong Kong SAR - Private non-financial sector,2015-Q1,24.8,F,Free,,A,Normal value
Q,Quarterly,HK,Hong Kong SAR,P,Private non-financial sector,,,367,Per cent,0,Units,1,One,Hong Kong SAR - Private non-financial sector,2015-Q2,24.8,F,Free,,A,Normal value
Q,Quarterly,HK,Hong Kong SAR,P,Private non-financial sector,,,367,Per cent,0,Units,1,One,Hong Kong SAR - Private non-financial sector,2015-Q3,24.2,F,Free,,A,Normal value
Q,Quarterly,HK,Hong Kong SAR,P,Private non-financial sector,,,367,Per cent,0,Units,1,One,Hong Kong SAR - Private non-financial sector,2015-Q4,25.2,F,Free,,A,Normal value
Q,Quarterly,HK,Hong Kong SAR,P,Private non-financial sector,,,367,Per cent,0,Units,1,One,Hong Kong SAR - Private non-financial sector,2016-Q1,25.1,F,Free,,A,Normal value
Q,Quarterly,HK,Hong Kong SAR,P,Private non-financial sector,,,367,Per cent,0,Units,1,One,Hong Kong SAR - Private non-financial sector,2016-Q2,25.6,F,Free,,A,Normal value
Q,Quarterly,HK,Hong Kong SAR,P,Private non-financial sector,,,367,Per cent,0,Units,1,One,Hong Kong SAR - Private non-financial sector,2016-Q3,25.7,F,Free,,A,Normal value
Q,Quarterly,HK,Hong Kong SAR,P,Private non-financial sector,,,367,Per cent,0,Units,1,One,Hong Kong SAR - Private non-financial sector,2016-Q4,26.2,F,Free,,A,Normal value
Q,Quarterly,HK,Hong Kong SAR,P,Private non-financial sector,,,367,Per cent,0,Units,1,One,Hong Kong SAR - Private non-financial sector,2017-Q1,27.3,F,Free,,A,Normal value
Q,Quarterly,HK,Hong Kong SAR,P,Private non-financial sector,,,367,Per cent,0,Units,1,One,Hong Kong SAR - Private non-financial sector,2017-Q2,28.7,F,Free,,A,Normal value
Q,Quarterly,HK,Hong Kong SAR,P,Private non-financial sector,,,367,Per cent,0,Units,1,One,Hong Kong SAR - Private non-financial sector,2017-Q3,29.1,F,Free,,A,Normal value
Q,Quarterly,HK,Hong Kong SAR,P,Private non-financial sector,,,367,Per cent,0,Units,1,One,Hong Kong SAR - Private non-financial sector,2017-Q4,29.9,F,Free,,A,Normal value
Q,Quarterly,HK,Hong Kong SAR,P,Private non-financial sector,,,367,Per cent,0,Units,1,One,Hong Kong SAR - Private non-financial sector,2018-Q1,30.6,F,Free,,A,Normal value
Q,Quarterly,HK,Hong Kong SAR,P,Private non-financial sector,,,367,Per cent,0,Units,1,One,Hong Kong SAR - Private non-financial sector,2018-Q2,30.6,F,Free,,A,Normal value
Q,Quarterly,HK,Hong Kong SAR,P,Private non-financial sector,,,367,Per cent,0,Units,1,One,Hong Kong SAR - Private non-financial sector,2018-Q3,29.8,F,Free,,A,Normal value
Q,Quarterly,HK,Hong Kong SAR,P,Private non-financial sector,,,367,Per cent,0,Units,1,One,Hong Kong SAR - Private non-financial sector,2018-Q4,30.4,F,Free,,A,Normal value
Q,Quarterly,HK,Hong Kong SAR,P,Private non-financial sector,,,367,Per cent,0,Units,1,One,Hong Kong SAR - Private non-financial sector,2019-Q1,30.6,F,Free,,A,Normal value
Q,Quarterly,HK,Hong Kong SAR,P,Private non-financial sector,,,367,Per cent,0,Units,1,One,Hong Kong SAR - Private non-financial sector,2019-Q2,31.3,F,Free,,A,Normal value
Q,Quarterly,HK,Hong Kong SAR,P,Private non-financial sector,,,367,Per cent,0,Units,1,One,Hong Kong SAR - Private non-financial sector,2019-Q3,32.0,F,Free,,A,Normal value
Q,Quarterly,HK,Hong Kong SAR,P,Private non-financial sector,,,367,Per cent,0,Units,1,One,Hong Kong SAR - Private non-financial sector,2019-Q4,32.5,F,Free,,A,Normal value
Q,Quarterly,HK,Hong Kong SAR,P,Private non-financial sector,,,367,Per cent,0,Units,1,One,Hong Kong SAR - Private non-financial sector,2020-Q1,34.3,F,Free,,A,Normal value
Q,Quarterly,HK,Hong Kong SAR,P,Private non-financial sector,,,367,Per cent,0,Units,1,One,Hong Kong SAR - Private non-financial sector,2020-Q2,34.5,F,Free,,A,Normal value
Q,Quarterly,HK,Hong Kong SAR,P,Private non-financial sector,,,367,Per cent,0,Units,1,One,Hong Kong SAR - Private non-financial sector,2020-Q3,35.7,F,Free,,A,Normal value
Q,Quarterly,HK,Hong Kong SAR,P,Private non-financial sector,,,367,Per cent,0,Units,1,One,Hong Kong SAR - Private non-financial sector,2020-Q4,34.4,F,Free,,A,Normal value
Q,Quarterly,HK,Hong Kong SAR,P,Private non-financial sector,,,367,Per cent,0,Units,1,One,Hong Kong SAR - Private non-financial sector,2021-Q1,34.4,F,Free,,A,Normal value
Q,Quarterly,HK,Hong Kong SAR,P,Private non-financial sector,,,367,Per cent,0,Units,1,One,Hong Kong SAR - Private non-financial sector,2021-Q2,34.7,F,Free,,A,Normal value
Q,Quarterly,HK,Hong Kong SAR,P,Private non-financial sector,,,367,Per cent,0,Units,1,One,Hong Kong SAR - Private non-financial sector,2021-Q3,32.9,F,Free,,A,Normal value
Q,Quarterly,HK,Hong Kong SAR,P,Private non-financial sector,,,367,Per cent,0,Units,1,One,Hong Kong SAR - Private non-financial sector,2021-Q4,31.5,F,Free,,A,Normal value
Q,Quarterly,HK,Hong Kong SAR,P,Private non-financial sector,,,367,Per cent,0,Units,1,One,Hong Kong SAR - Private non-financial sector,2022-Q1,32.5,F,Free,,A,Normal value
Q,Quarterly,HK,Hong Kong SAR,P,Private non-financial sector,,,367,Per cent,0,Units,1,One,Hong Kong SAR - Private non-financial sector,2022-Q2,32.8,F,Free,,A,Normal value
Q,Quarterly,HK,Hong Kong SAR,P,Private non-financial sector,,,367,Per cent,0,Units,1,One,Hong Kong SAR - Private non-financial sector,2022-Q3,32.7,F,Free,,A,Normal value
Q,Quarterly,HK,Hong Kong SAR,P,Private non-financial sector,,,367,Per cent,0,Units,1,One,Hong Kong SAR - Private non-financial sector,2022-Q4,34.3,F,Free,,A,Normal value
Q,Quarterly,HK,Hong Kong SAR,P,Private non-financial sector,,,367,Per cent,0,Units,1,One,Hong Kong SAR - Private non-financial sector,2023-Q1,35.5,F,Free,,A,Normal value
Q,Quarterly,HK,Hong Kong SAR,P,Private non-financial sector,,,367,Per cent,0,Units,1,One,Hong Kong SAR - Private non-financial sector,2023-Q2,36.3,F,Free,,A,Normal value
Q,Quarterly,HK,Hong Kong SAR,P,Private non-financial sector,,,367,Per cent,0,Units,1,One,Hong Kong SAR - Private non-financial sector,2023-Q3,36.5,F,Free,,A,Normal value
Q,Quarterly,HK,Hong Kong SAR,P,Private non-financial sector,,,367,Per cent,0,Units,1,One,Hong Kong SAR - Private non-financial sector,2023-Q4,37.3,F,Free,,A,Normal value
Q,Quarterly,HK,Hong Kong SAR,P,Private non-financial sector,,,367,Per cent,0,Units,1,One,Hong Kong SAR - Private non-financial sector,2024-Q1,37.4,F,Free,,A,Normal value
Q,Quarterly,HK,Hong Kong SAR,P,Private non-financial sector,,,367,Per cent,0,Units,1,One,Hong Kong SAR - Private non-financial sector,2024-Q2,35.8,F,Free,,A,Normal value
Q,Quarterly,HK,Hong Kong SAR,P,Private non-financial sector,,,367,Per cent,0,Units,1,One,Hong Kong SAR - Private non-financial sector,2024-Q3,35.5,F,Free,,A,Normal value
Q,Quarterly,HK,Hong Kong SAR,P,Private non-financial sector,,,367,Per cent,0,Units,1,One,Hong Kong SAR - Private non-financial sector,2024-Q4,34.7,F,Free,,A,Normal value
Q,Quarterly,HK,Hong Kong SAR,P,Private non-financial sector,,,367,Per cent,0,Units,1,One,Hong Kong SAR - Private non-financial sector,2025-Q1,35.1,F,Free,,A,Normal value
Q,Quarterly,HK,Hong Kong SAR,P,Private non-financial sector,,,367,Per cent,0,Units,1,One,Hong Kong SAR - Private non-financial sector,2025-Q2,35.0,F,Free,,A,Normal value
Q,Quarterly,HK,Hong Kong SAR,P,Private non-financial sector,,,367,Per cent,0,Units,1,One,Hong Kong SAR - Private non-financial sector,2025-Q3,34.1,F,Free,,A,Normal value
Q,Quarterly,HK,Hong Kong SAR,P,Private non-financial sector,,,367,Per cent,0,Units,1,One,Hong Kong SAR - Private non-financial sector,2025-Q4,33.6,F,Free,,A,Normal value
