FREQ,Frequency,REF_AREA,Reference area,UNIT_MEASURE,Unit of measure,UNIT_MULT,Unit Multiplier,TIME_FORMAT,Time Format,COMPILATION,DECIMALS,Decimals,SOURCE_REF,SUPP_INFO_BREAKS,TITLE,TIME_PERIOD,OBS_VALUE,OBS_STATUS,Observation Status,OBS_CONF,Observation confidentiality,OBS_PRE_BREAK
M,Monthly,HK,Hong Kong SAR,368,Per cent per year,0,Units,,,Official base rate.,4,Four,Hong Kong Monetary Authority,, Central bank policy rates - Hong Kong SAR - Monthly - End of period,2016-01,0.75,A,Normal value,F,Free,
M,Monthly,HK,Hong Kong SAR,368,Per cent per year,0,Units,,,Official base rate.,4,Four,Hong Kong Monetary Authority,, Central bank policy rates - Hong Kong SAR - Monthly - End of period,2016-02,0.75,A,Normal value,F,Free,
M,Monthly,HK,Hong Kong SAR,368,Per cent per year,0,Units,,,Official base rate.,4,Four,Hong Kong Monetary Authority,, Central bank policy rates - Hong Kong SAR - Monthly - End of period,2016-03,0.75,A,Normal value,F,Free,
M,Monthly,HK,Hong Kong SAR,368,Per cent per year,0,Units,,,Official base rate.,4,Four,Hong Kong Monetary Authority,, Central bank policy rates - Hong Kong SAR - Monthly - End of period,2016-04,0.75,A,Normal value,F,Free,
M,Monthly,HK,Hong Kong SAR,368,Per cent per year,0,Units,,,Official base rate.,4,Four,Hong Kong Monetary Authority,, Central bank policy rates - Hong Kong SAR - Monthly - End of period,2016-05,0.75,A,Normal value,F,Free,
M,Monthly,HK,Hong Kong SAR,368,Per cent per year,0,Units,,,Official base rate.,4,Four,Hong Kong Monetary Authority,, Central bank policy rates - Hong Kong SAR - Monthly - End of period,2016-06,0.75,A,Normal value,F,Free,
M,Monthly,HK,Hong Kong SAR,368,Per cent per year,0,Units,,,Official base rate.,4,Four,Hong Kong Monetary Authority,, Central bank policy rates - Hong Kong SAR - Monthly - End of period,2016-07,0.75,A,Normal value,F,Free,
M,Monthly,HK,Hong Kong SAR,368,Per cent per year,0,Units,,,Official base rate.,4,Four,Hong Kong Monetary Authority,, Central bank policy rates - Hong Kong SAR - Monthly - End of period,2016-08,0.75,A,Normal value,F,Free,
M,Monthly,HK,Hong Kong SAR,368,Per cent per year,0,Units,,,Official base rate.,4,Four,Hong Kong Monetary Authority,, Central bank policy rates - Hong Kong SAR - Monthly - End of period,2016-09,0.75,A,Normal value,F,Free,
M,Monthly,HK,Hong Kong SAR,368,Per cent per year,0,Units,,,Official base rate.,4,Four,Hong Kong Monetary Authority,, Central bank policy rates - Hong Kong SAR - Monthly - End of period,2016-10,0.75,A,Normal value,F,Free,
M,Monthly,HK,Hong Kong SAR,368,Per cent per year,0,Units,,,Official base rate.,4,Four,Hong Kong Monetary Authority,, Central bank policy rates - Hong Kong SAR - Monthly - End of period,2016-11,0.75,A,Normal value,F,Free,
M,Monthly,HK,Hong Kong SAR,368,Per cent per year,0,Units,,,Official base rate.,4,Four,Hong Kong Monetary Authority,, Central bank policy rates - Hong Kong SAR - Monthly - End of period,2016-12,1.0,A,Normal value,F,Free,
M,Monthly,HK,Hong Kong SAR,368,Per cent per year,0,Units,,,Official base rate.,4,Four,Hong Kong Monetary Authority,, Central bank policy rates - Hong Kong SAR - Monthly - End of period,2017-01,1.0,A,Normal value,F,Free,
M,Monthly,HK,Hong Kong SAR,368,Per cent per year,0,Units,,,Official base rate.,4,Four,Hong Kong Monetary Authority,, Central bank policy rates - Hong Kong SAR - Monthly - End of period,2017-02,1.0,A,Normal value,F,Free,
M,Monthly,HK,Hong Kong SAR,368,Per cent per year,0,Units,,,Official base rate.,4,Four,Hong Kong Monetary Authority,, Central bank policy rates - Hong Kong SAR - Monthly - End of period,2017-03,1.25,A,Normal value,F,Free,
M,Monthly,HK,Hong Kong SAR,368,Per cent per year,0,Units,,,Official base rate.,4,Four,Hong Kong Monetary Authority,, Central bank policy rates - Hong Kong SAR - Monthly - End of period,2017-04,1.25,A,Normal value,F,Free,
M,Monthly,HK,Hong Kong SAR,368,Per cent per year,0,Units,,,Official base rate.,4,Four,Hong Kong Monetary Authority,, Central bank policy rates - Hong Kong SAR - Monthly - End of period,2017-05,1.25,A,Normal value,F,Free,
M,Monthly,HK,Hong Kong SAR,368,Per cent per year,0,Units,,,Official base rate.,4,Four,Hong Kong Monetary Authority,, Central bank policy rates - Hong Kong SAR - Monthly - End of period,2017-06,1.5,A,Normal value,F,Free,
M,Monthly,HK,Hong Kong SAR,368,Per cent per year,0,Units,,,Official base rate.,4,Four,Hong Kong Monetary Authority,, Central bank policy rates - Hong Kong SAR - Monthly - End of period,2017-07,1.5,A,Normal value,F,Free,
M,Monthly,HK,Hong Kong SAR,368,Per cent per year,0,Units,,,Official base rate.,4,Four,Hong Kong Monetary Authority,, Central bank policy rates - Hong Kong SAR - Monthly - End of period,2017-08,1.5,A,Normal value,F,Free,
M,Monthly,HK,Hong Kong SAR,368,Per cent per year,0,Units,,,Official base rate.,4,Four,Hong Kong Monetary Authority,, Central bank policy rates - Hong Kong SAR - Monthly - End of period,2017-09,1.5,A,Normal value,F,Free,
M,Monthly,HK,Hong Kong SAR,368,Per cent per year,0,Units,,,Official base rate.,4,Four,Hong Kong Monetary Authority,, Central bank policy rates - Hong Kong SAR - Monthly - End of period,2017-10,1.5,A,Normal value,F,Free,
M,Monthly,HK,Hong Kong SAR,368,Per cent per year,0,Units,,,Official base rate.,4,Four,Hong Kong Monetary Authority,, Central bank policy rates - Hong Kong SAR - Monthly - End of period,2017-11,1.5,A,Normal value,F,Free,
M,Monthly,HK,Hong Kong SAR,368,Per cent per year,0,Units,,,Official base rate.,4,Four,Hong Kong Monetary Authority,, Central bank policy rates - Hong Kong SAR - Monthly - End of period,2017-12,1.75,A,Normal value,F,Free,
M,Monthly,HK,Hong Kong SAR,368,Per cent per year,0,Units,,,Official base rate.,4,Four,Hong Kong Monetary Authority,, Central bank policy rates - Hong Kong SAR - Monthly - End of period,2018-01,1.75,A,Normal value,F,Free,
M,Monthly,HK,Hong Kong SAR,368,Per cent per year,0,Units,,,Official base rate.,4,Four,Hong Kong Monetary Authority,, Central bank policy rates - Hong Kong SAR - Monthly - End of period,2018-02,1.75,A,Normal value,F,Free,
M,Monthly,HK,Hong Kong SAR,368,Per cent per year,0,Units,,,Official base rate.,4,Four,Hong Kong Monetary Authority,, Central bank policy rates - Hong Kong SAR - Monthly - End of period,2018-03,2.0,A,Normal value,F,Free,
M,Monthly,HK,Hong Kong SAR,368,Per cent per year,0,Units,,,Official base rate.,4,Four,Hong Kong Monetary Authority,, Central bank policy rates - Hong Kong SAR - Monthly - End of period,2018-04,2.0,A,Normal value,F,Free,
M,Monthly,HK,Hong Kong SAR,368,Per cent per year,0,Units,,,Official base rate.,4,Four,Hong Kong Monetary Authority,, Central bank policy rates - Hong Kong SAR - Monthly - End of period,2018-05,2.0,A,Normal value,F,Free,
M,Monthly,HK,Hong Kong SAR,368,Per cent per year,0,Units,,,Official base rate.,4,Four,Hong Kong Monetary Authority,, Central bank policy rates - Hong Kong SAR - Monthly - End of period,2018-06,2.25,A,Normal value,F,Free,
M,Monthly,HK,Hong Kong SAR,368,Per cent per year,0,Units,,,Official base rate.,4,Four,Hong Kong Monetary Authority,, Central bank policy rates - Hong Kong SAR - Monthly - End of period,2018-07,2.25,A,Normal value,F,Free,
M,Monthly,HK,Hong Kong SAR,368,Per cent per year,0,Units,,,Official base rate.,4,Four,Hong Kong Monetary Authority,, Central bank policy rates - Hong Kong SAR - Monthly - End of period,2018-08,2.25,A,Normal value,F,Free,
M,Monthly,HK,Hong Kong SAR,368,Per cent per year,0,Units,,,Official base rate.,4,Four,Hong Kong Monetary Authority,, Central bank policy rates - Hong Kong SAR - Monthly - End of period,2018-09,2.5,A,Normal value,F,Free,
M,Monthly,HK,Hong Kong SAR,368,Per cent per year,0,Units,,,Official base rate.,4,Four,Hong Kong Monetary Authority,, Central bank policy rates - Hong Kong SAR - Monthly - End of period,2018-10,2.5,A,Normal value,F,Free,
M,Monthly,HK,Hong Kong SAR,368,Per cent per year,0,Units,,,Official base rate.,4,Four,Hong Kong Monetary Authority,, Central bank policy rates - Hong Kong SAR - Monthly - End of period,2018-11,2.5,A,Normal value,F,Free,
M,Monthly,HK,Hong Kong SAR,368,Per cent per year,0,Units,,,Official base rate.,4,Four,Hong Kong Monetary Authority,, Central bank policy rates - Hong Kong SAR - Monthly - End of period,2018-12,2.75,A,Normal value,F,Free,
M,Monthly,HK,Hong Kong SAR,368,Per cent per year,0,Units,,,Official base rate.,4,Four,Hong Kong Monetary Authority,, Central bank policy rates - Hong Kong SAR - Monthly - End of period,2019-01,2.75,A,Normal value,F,Free,
M,Monthly,HK,Hong Kong SAR,368,Per cent per year,0,Units,,,Official base rate.,4,Four,Hong Kong Monetary Authority,, Central bank policy rates - Hong Kong SAR - Monthly - End of period,2019-02,2.75,A,Normal value,F,Free,
M,Monthly,HK,Hong Kong SAR,368,Per cent per year,0,Units,,,Official base rate.,4,Four,Hong Kong Monetary Authority,, Central bank policy rates - Hong Kong SAR - Monthly - End of period,2019-03,2.75,A,Normal value,F,Free,
M,Monthly,HK,Hong Kong SAR,368,Per cent per year,0,Units,,,Official base rate.,4,Four,Hong Kong Monetary Authority,, Central bank policy rates - Hong Kong SAR - Monthly - End of period,2019-04,2.75,A,Normal value,F,Free,
M,Monthly,HK,Hong Kong SAR,368,Per cent per year,0,Units,,,Official base rate.,4,Four,Hong Kong Monetary Authority,, Central bank policy rates - Hong Kong SAR - Monthly - End of period,2019-05,2.75,A,Normal value,F,Free,
M,Monthly,HK,Hong Kong SAR,368,Per cent per year,0,Units,,,Official base rate.,4,Four,Hong Kong Monetary Authority,, Central bank policy rates - Hong Kong SAR - Monthly - End of period,2019-06,2.75,A,Normal value,F,Free,
M,Monthly,HK,Hong Kong SAR,368,Per cent per year,0,Units,,,Official base rate.,4,Four,Hong Kong Monetary Authority,, Central bank policy rates - Hong Kong SAR - Monthly - End of period,2019-07,2.75,A,Normal value,F,Free,
M,Monthly,HK,Hong Kong SAR,368,Per cent per year,0,Units,,,Official base rate.,4,Four,Hong Kong Monetary Authority,, Central bank policy rates - Hong Kong SAR - Monthly - End of period,2019-08,2.5,A,Normal value,F,Free,
M,Monthly,HK,Hong Kong SAR,368,Per cent per year,0,Units,,,Official base rate.,4,Four,Hong Kong Monetary Authority,, Central bank policy rates - Hong Kong SAR - Monthly - End of period,2019-09,2.25,A,Normal value,F,Free,
M,Monthly,HK,Hong Kong SAR,368,Per cent per year,0,Units,,,Official base rate.,4,Four,Hong Kong Monetary Authority,, Central bank policy rates - Hong Kong SAR - Monthly - End of period,2019-10,2.0,A,Normal value,F,Free,
M,Monthly,HK,Hong Kong SAR,368,Per cent per year,0,Units,,,Official base rate.,4,Four,Hong Kong Monetary Authority,, Central bank policy rates - Hong Kong SAR - Monthly - End of period,2019-11,2.0,A,Normal value,F,Free,
M,Monthly,HK,Hong Kong SAR,368,Per cent per year,0,Units,,,Official base rate.,4,Four,Hong Kong Monetary Authority,, Central bank policy rates - Hong Kong SAR - Monthly - End of period,2019-12,2.49,A,Normal value,F,Free,
M,Monthly,HK,Hong Kong SAR,368,Per cent per year,0,Units,,,Official base rate.,4,Four,Hong Kong Monetary Authority,, Central bank policy rates - Hong Kong SAR - Monthly - End of period,2020-01,2.0,A,Normal value,F,Free,
M,Monthly,HK,Hong Kong SAR,368,Per cent per year,0,Units,,,Official base rate.,4,Four,Hong Kong Monetary Authority,, Central bank policy rates - Hong Kong SAR - Monthly - End of period,2020-02,2.0,A,Normal value,F,Free,
M,Monthly,HK,Hong Kong SAR,368,Per cent per year,0,Units,,,Official base rate.,4,Four,Hong Kong Monetary Authority,, Central bank policy rates - Hong Kong SAR - Monthly - End of period,2020-03,1.65,A,Normal value,F,Free,
M,Monthly,HK,Hong Kong SAR,368,Per cent per year,0,Units,,,Official base rate.,4,Four,Hong Kong Monetary Authority,, Central bank policy rates - Hong Kong SAR - Monthly - End of period,2020-04,1.11,A,Normal value,F,Free,
M,Monthly,HK,Hong Kong SAR,368,Per cent per year,0,Units,,,Official base rate.,4,Four,Hong Kong Monetary Authority,, Central bank policy rates - Hong Kong SAR - Monthly - End of period,2020-05,0.62,A,Normal value,F,Free,
M,Monthly,HK,Hong Kong SAR,368,Per cent per year,0,Units,,,Official base rate.,4,Four,Hong Kong Monetary Authority,, Central bank policy rates - Hong Kong SAR - Monthly - End of period,2020-06,0.5,A,Normal value,F,Free,
M,Monthly,HK,Hong Kong SAR,368,Per cent per year,0,Units,,,Official base rate.,4,Four,Hong Kong Monetary Authority,, Central bank policy rates - Hong Kong SAR - Monthly - End of period,2020-07,0.5,A,Normal value,F,Free,
M,Monthly,HK,Hong Kong SAR,368,Per cent per year,0,Units,,,Official base rate.,4,Four,Hong Kong Monetary Authority,, Central bank policy rates - Hong Kong SAR - Monthly - End of period,2020-08,0.5,A,Normal value,F,Free,
M,Monthly,HK,Hong Kong SAR,368,Per cent per year,0,Units,,,Official base rate.,4,Four,Hong Kong Monetary Authority,, Central bank policy rates - Hong Kong SAR - Monthly - End of period,2020-09,0.5,A,Normal value,F,Free,
M,Monthly,HK,Hong Kong SAR,368,Per cent per year,0,Units,,,Official base rate.,4,Four,Hong Kong Monetary Authority,, Central bank policy rates - Hong Kong SAR - Monthly - End of period,2020-10,0.5,A,Normal value,F,Free,
M,Monthly,HK,Hong Kong SAR,368,Per cent per year,0,Units,,,Official base rate.,4,Four,Hong Kong Monetary Authority,, Central bank policy rates - Hong Kong SAR - Monthly - End of period,2020-11,0.5,A,Normal value,F,Free,
M,Monthly,HK,Hong Kong SAR,368,Per cent per year,0,Units,,,Official base rate.,4,Four,Hong Kong Monetary Authority,, Central bank policy rates - Hong Kong SAR - Monthly - End of period,2020-12,0.5,A,Normal value,F,Free,
M,Monthly,HK,Hong Kong SAR,368,Per cent per year,0,Units,,,Official base rate.,4,Four,Hong Kong Monetary Authority,, Central bank policy rates - Hong Kong SAR - Monthly - End of period,2021-01,0.5,A,Normal value,F,Free,
M,Monthly,HK,Hong Kong SAR,368,Per cent per year,0,Units,,,Official base rate.,4,Four,Hong Kong Monetary Authority,, Central bank policy rates - Hong Kong SAR - Monthly - End of period,2021-02,0.5,A,Normal value,F,Free,
M,Monthly,HK,Hong Kong SAR,368,Per cent per year,0,Units,,,Official base rate.,4,Four,Hong Kong Monetary Authority,, Central bank policy rates - Hong Kong SAR - Monthly - End of period,2021-03,0.5,A,Normal value,F,Free,
M,Monthly,HK,Hong Kong SAR,368,Per cent per year,0,Units,,,Official base rate.,4,Four,Hong Kong Monetary Authority,, Central bank policy rates - Hong Kong SAR - Monthly - End of period,2021-04,0.5,A,Normal value,F,Free,
M,Monthly,HK,Hong Kong SAR,368,Per cent per year,0,Units,,,Official base rate.,4,Four,Hong Kong Monetary Authority,, Central bank policy rates - Hong Kong SAR - Monthly - End of period,2021-05,0.5,A,Normal value,F,Free,
M,Monthly,HK,Hong Kong SAR,368,Per cent per year,0,Units,,,Official base rate.,4,Four,Hong Kong Monetary Authority,, Central bank policy rates - Hong Kong SAR - Monthly - End of period,2021-06,0.5,A,Normal value,F,Free,
M,Monthly,HK,Hong Kong SAR,368,Per cent per year,0,Units,,,Official base rate.,4,Four,Hong Kong Monetary Authority,, Central bank policy rates - Hong Kong SAR - Monthly - End of period,2021-07,0.5,A,Normal value,F,Free,
M,Monthly,HK,Hong Kong SAR,368,Per cent per year,0,Units,,,Official base rate.,4,Four,Hong Kong Monetary Authority,, Central bank policy rates - Hong Kong SAR - Monthly - End of period,2021-08,0.5,A,Normal value,F,Free,
M,Monthly,HK,Hong Kong SAR,368,Per cent per year,0,Units,,,Official base rate.,4,Four,Hong Kong Monetary Authority,, Central bank policy rates - Hong Kong SAR - Monthly - End of period,2021-09,0.5,A,Normal value,F,Free,
M,Monthly,HK,Hong Kong SAR,368,Per cent per year,0,Units,,,Official base rate.,4,Four,Hong Kong Monetary Authority,, Central bank policy rates - Hong Kong SAR - Monthly - End of period,2021-10,0.5,A,Normal value,F,Free,
M,Monthly,HK,Hong Kong SAR,368,Per cent per year,0,Units,,,Official base rate.,4,Four,Hong Kong Monetary Authority,, Central bank policy rates - Hong Kong SAR - Monthly - End of period,2021-11,0.5,A,Normal value,F,Free,
M,Monthly,HK,Hong Kong SAR,368,Per cent per year,0,Units,,,Official base rate.,4,Four,Hong Kong Monetary Authority,, Central bank policy rates - Hong Kong SAR - Monthly - End of period,2021-12,0.5,A,Normal value,F,Free,
M,Monthly,HK,Hong Kong SAR,368,Per cent per year,0,Units,,,Official base rate.,4,Four,Hong Kong Monetary Authority,, Central bank policy rates - Hong Kong SAR - Monthly - End of period,2022-01,0.5,A,Normal value,F,Free,
M,Monthly,HK,Hong Kong SAR,368,Per cent per year,0,Units,,,Official base rate.,4,Four,Hong Kong Monetary Authority,, Central bank policy rates - Hong Kong SAR - Monthly - End of period,2022-02,0.5,A,Normal value,F,Free,
M,Monthly,HK,Hong Kong SAR,368,Per cent per year,0,Units,,,Official base rate.,4,Four,Hong Kong Monetary Authority,, Central bank policy rates - Hong Kong SAR - Monthly - End of period,2022-03,0.75,A,Normal value,F,Free,
M,Monthly,HK,Hong Kong SAR,368,Per cent per year,0,Units,,,Official base rate.,4,Four,Hong Kong Monetary Authority,, Central bank policy rates - Hong Kong SAR - Monthly - End of period,2022-04,0.75,A,Normal value,F,Free,
M,Monthly,HK,Hong Kong SAR,368,Per cent per year,0,Units,,,Official base rate.,4,Four,Hong Kong Monetary Authority,, Central bank policy rates - Hong Kong SAR - Monthly - End of period,2022-05,1.25,A,Normal value,F,Free,
M,Monthly,HK,Hong Kong SAR,368,Per cent per year,0,Units,,,Official base rate.,4,Four,Hong Kong Monetary Authority,, Central bank policy rates - Hong Kong SAR - Monthly - End of period,2022-06,2.0,A,Normal value,F,Free,
M,Monthly,HK,Hong Kong SAR,368,Per cent per year,0,Units,,,Official base rate.,4,Four,Hong Kong Monetary Authority,, Central bank policy rates - Hong Kong SAR - Monthly - End of period,2022-07,2.75,A,Normal value,F,Free,
M,Monthly,HK,Hong Kong SAR,368,Per cent per year,0,Units,,,Official base rate.,4,Four,Hong Kong Monetary Authority,, Central bank policy rates - Hong Kong SAR - Monthly - End of period,2022-08,2.75,A,Normal value,F,Free,
M,Monthly,HK,Hong Kong SAR,368,Per cent per year,0,Units,,,Official base rate.,4,Four,Hong Kong Monetary Authority,, Central bank policy rates - Hong Kong SAR - Monthly - End of period,2022-09,3.5,A,Normal value,F,Free,
M,Monthly,HK,Hong Kong SAR,368,Per cent per year,0,Units,,,Official base rate.,4,Four,Hong Kong Monetary Authority,, Central bank policy rates - Hong Kong SAR - Monthly - End of period,2022-10,3.5,A,Normal value,F,Free,
M,Monthly,HK,Hong Kong SAR,368,Per cent per year,0,Units,,,Official base rate.,4,Four,Hong Kong Monetary Authority,, Central bank policy rates - Hong Kong SAR - Monthly - End of period,2022-11,4.25,A,Normal value,F,Free,
M,Monthly,HK,Hong Kong SAR,368,Per cent per year,0,Units,,,Official base rate.,4,Four,Hong Kong Monetary Authority,, Central bank policy rates - Hong Kong SAR - Monthly - End of period,2022-12,4.75,A,Normal value,F,Free,
M,Monthly,HK,Hong Kong SAR,368,Per cent per year,0,Units,,,Official base rate.,4,Four,Hong Kong Monetary Authority,, Central bank policy rates - Hong Kong SAR - Monthly - End of period,2023-01,4.75,A,Normal value,F,Free,
M,Monthly,HK,Hong Kong SAR,368,Per cent per year,0,Units,,,Official base rate.,4,Four,Hong Kong Monetary Authority,, Central bank policy rates - Hong Kong SAR - Monthly - End of period,2023-02,5.0,A,Normal value,F,Free,
M,Monthly,HK,Hong Kong SAR,368,Per cent per year,0,Units,,,Official base rate.,4,Four,Hong Kong Monetary Authority,, Central bank policy rates - Hong Kong SAR - Monthly - End of period,2023-03,5.25,A,Normal value,F,Free,
M,Monthly,HK,Hong Kong SAR,368,Per cent per year,0,Units,,,Official base rate.,4,Four,Hong Kong Monetary Authority,, Central bank policy rates - Hong Kong SAR - Monthly - End of period,2023-04,5.25,A,Normal value,F,Free,
M,Monthly,HK,Hong Kong SAR,368,Per cent per year,0,Units,,,Official base rate.,4,Four,Hong Kong Monetary Authority,, Central bank policy rates - Hong Kong SAR - Monthly - End of period,2023-05,5.5,A,Normal value,F,Free,
M,Monthly,HK,Hong Kong SAR,368,Per cent per year,0,Units,,,Official base rate.,4,Four,Hong Kong Monetary Authority,, Central bank policy rates - Hong Kong SAR - Monthly - End of period,2023-06,5.5,A,Normal value,F,Free,
M,Monthly,HK,Hong Kong SAR,368,Per cent per year,0,Units,,,Official base rate.,4,Four,Hong Kong Monetary Authority,, Central bank policy rates - Hong Kong SAR - Monthly - End of period,2023-07,5.75,A,Normal value,F,Free,
M,Monthly,HK,Hong Kong SAR,368,Per cent per year,0,Units,,,Official base rate.,4,Four,Hong Kong Monetary Authority,, Central bank policy rates - Hong Kong SAR - Monthly - End of period,2023-08,5.75,A,Normal value,F,Free,
M,Monthly,HK,Hong Kong SAR,368,Per cent per year,0,Units,,,Official base rate.,4,Four,Hong Kong Monetary Authority,, Central bank policy rates - Hong Kong SAR - Monthly - End of period,2023-09,5.75,A,Normal value,F,Free,
M,Monthly,HK,Hong Kong SAR,368,Per cent per year,0,Units,,,Official base rate.,4,Four,Hong Kong Monetary Authority,, Central bank policy rates - Hong Kong SAR - Monthly - End of period,2023-10,5.75,A,Normal value,F,Free,
M,Monthly,HK,Hong Kong SAR,368,Per cent per year,0,Units,,,Official base rate.,4,Four,Hong Kong Monetary Authority,, Central bank policy rates - Hong Kong SAR - Monthly - End of period,2023-11,5.75,A,Normal value,F,Free,
M,Monthly,HK,Hong Kong SAR,368,Per cent per year,0,Units,,,Official base rate.,4,Four,Hong Kong Monetary Authority,, Central bank policy rates - Hong Kong SAR - Monthly - End of period,2023-12,5.75,A,Normal value,F,Free,
M,Monthly,HK,Hong Kong SAR,368,Per cent per year,0,Units,,,Official base rate.,4,Four,Hong Kong Monetary Authority,, Central bank policy rates - Hong Kong SAR - Monthly - End of period,2024-01,5.75,A,Normal value,F,Free,
M,Monthly,HK,Hong Kong SAR,368,Per cent per year,0,Units,,,Official base rate.,4,Four,Hong Kong Monetary Authority,, Central bank policy rates - Hong Kong SAR - Monthly - End of period,2024-02,5.75,A,Normal value,F,Free,
M,Monthly,HK,Hong Kong SAR,368,Per cent per year,0,Units,,,Official base rate.,4,Four,Hong Kong Monetary Authority,, Central bank policy rates - Hong Kong SAR - Monthly - End of period,2024-03,5.75,A,Normal value,F,Free,
M,Monthly,HK,Hong Kong SAR,368,Per cent per year,0,Units,,,Official base rate.,4,Four,Hong Kong Monetary Authority,, Central bank policy rates - Hong Kong SAR - Monthly - End of period,2024-04,5.75,A,Normal value,F,Free,
M,Monthly,HK,Hong Kong SAR,368,Per cent per year,0,Units,,,Official base rate.,4,Four,Hong Kong Monetary Authority,, Central bank policy rates - Hong Kong SAR - Monthly - End of period,2024-05,5.75,A,Normal value,F,Free,
M,Monthly,HK,Hong Kong SAR,368,Per cent per year,0,Units,,,Official base rate.,4,Four,Hong Kong Monetary Authority,, Central bank policy rates - Hong Kong SAR - Monthly - End of period,2024-06,5.75,A,Normal value,F,Free,
M,Monthly,HK,Hong Kong SAR,368,Per cent per year,0,Units,,,Official base rate.,4,Four,Hong Kong Monetary Authority,, Central bank policy rates - Hong Kong SAR - Monthly - End of period,2024-07,5.75,A,Normal value,F,Free,
M,Monthly,HK,Hong Kong SAR,368,Per cent per year,0,Units,,,Official base rate.,4,Four,Hong Kong Monetary Authority,, Central bank policy rates - Hong Kong SAR - Monthly - End of period,2024-08,5.75,A,Normal value,F,Free,
M,Monthly,HK,Hong Kong SAR,368,Per cent per year,0,Units,,,Official base rate.,4,Four,Hong Kong Monetary Authority,, Central bank policy rates - Hong Kong SAR - Monthly - End of period,2024-09,5.25,A,Normal value,F,Free,
M,Monthly,HK,Hong Kong SAR,368,Per cent per year,0,Units,,,Official base rate.,4,Four,Hong Kong Monetary Authority,, Central bank policy rates - Hong Kong SAR - Monthly - End of period,2024-10,5.25,A,Normal value,F,Free,
M,Monthly,HK,Hong Kong SAR,368,Per cent per year,0,Units,,,Official base rate.,4,Four,Hong Kong Monetary Authority,, Central bank policy rates - Hong Kong SAR - Monthly - End of period,2024-11,5.0,A,Normal value,F,Free,
M,Monthly,HK,Hong Kong SAR,368,Per cent per year,0,Units,,,Official base rate.,4,Four,Hong Kong Monetary Authority,, Central bank policy rates - Hong Kong SAR - Monthly - End of period,2024-12,4.75,A,Normal value,F,Free,
M,Monthly,HK,Hong Kong SAR,368,Per cent per year,0,Units,,,Official base rate.,4,Four,Hong Kong Monetary Authority,, Central bank policy rates - Hong Kong SAR - Monthly - End of period,2025-01,4.75,A,Normal value,F,Free,
M,Monthly,HK,Hong Kong SAR,368,Per cent per year,0,Units,,,Official base rate.,4,Four,Hong Kong Monetary Authority,, Central bank policy rates - Hong Kong SAR - Monthly - End of period,2025-02,4.75,A,Normal value,F,Free,
M,Monthly,HK,Hong Kong SAR,368,Per cent per year,0,Units,,,Official base rate.,4,Four,Hong Kong Monetary Authority,, Central bank policy rates - Hong Kong SAR - Monthly - End of period,2025-03,4.75,A,Normal value,F,Free,
M,Monthly,HK,Hong Kong SAR,368,Per cent per year,0,Units,,,Official base rate.,4,Four,Hong Kong Monetary Authority,, Central bank policy rates - Hong Kong SAR - Monthly - End of period,2025-04,4.75,A,Normal value,F,Free,
M,Monthly,HK,Hong Kong SAR,368,Per cent per year,0,Units,,,Official base rate.,4,Four,Hong Kong Monetary Authority,, Central bank policy rates - Hong Kong SAR - Monthly - End of period,2025-05,4.75,A,Normal value,F,Free,
M,Monthly,HK,Hong Kong SAR,368,Per cent per year,0,Units,,,Official base rate.,4,Four,Hong Kong Monetary Authority,, Central bank policy rates - Hong Kong SAR - Monthly - End of period,2025-06,4.75,A,Normal value,F,Free,
M,Monthly,HK,Hong Kong SAR,368,Per cent per year,0,Units,,,Official base rate.,4,Four,Hong Kong Monetary Authority,, Central bank policy rates - Hong Kong SAR - Monthly - End of period,2025-07,4.75,A,Normal value,F,Free,
M,Monthly,HK,Hong Kong SAR,368,Per cent per year,0,Units,,,Official base rate.,4,Four,Hong Kong Monetary Authority,, Central bank policy rates - Hong Kong SAR - Monthly - End of period,2025-08,4.75,A,Normal value,F,Free,
M,Monthly,HK,Hong Kong SAR,368,Per cent per year,0,Units,,,Official base rate.,4,Four,Hong Kong Monetary Authority,, Central bank policy rates - Hong Kong SAR - Monthly - End of period,2025-09,4.5,A,Normal value,F,Free,
M,Monthly,HK,Hong Kong SAR,368,Per cent per year,0,Units,,,Official base rate.,4,Four,Hong Kong Monetary Authority,, Central bank policy rates - Hong Kong SAR - Monthly - End of period,2025-10,4.25,A,Normal value,F,Free,
M,Monthly,HK,Hong Kong SAR,368,Per cent per year,0,Units,,,Official base rate.,4,Four,Hong Kong Monetary Authority,, Central bank policy rates - Hong Kong SAR - Monthly - End of period,2025-11,4.25,A,Normal value,F,Free,
M,Monthly,HK,Hong Kong SAR,368,Per cent per year,0,Units,,,Official base rate.,4,Four,Hong Kong Monetary Authority,, Central bank policy rates - Hong Kong SAR - Monthly - End of period,2025-12,4.0,A,Normal value,F,Free,
M,Monthly,MY,Malaysia,368,Per cent per year,0,Units,,,From 26 Apr 2004 onwards: overnight policy rate; from 1 Jan 1998 to 25 Apr 2004: 3 month intervention rate; from 3 Nov 1995 to 31 Dec 1997: 3 month interbank rate.,4,Four,Bank Negara Malaysia ,, Central bank policy rates - Malaysia - Monthly - End of period,2016-01,3.25,A,Normal value,F,Free,
M,Monthly,MY,Malaysia,368,Per cent per year,0,Units,,,From 26 Apr 2004 onwards: overnight policy rate; from 1 Jan 1998 to 25 Apr 2004: 3 month intervention rate; from 3 Nov 1995 to 31 Dec 1997: 3 month interbank rate.,4,Four,Bank Negara Malaysia ,, Central bank policy rates - Malaysia - Monthly - End of period,2016-02,3.25,A,Normal value,F,Free,
M,Monthly,MY,Malaysia,368,Per cent per year,0,Units,,,From 26 Apr 2004 onwards: overnight policy rate; from 1 Jan 1998 to 25 Apr 2004: 3 month intervention rate; from 3 Nov 1995 to 31 Dec 1997: 3 month interbank rate.,4,Four,Bank Negara Malaysia ,, Central bank policy rates - Malaysia - Monthly - End of period,2016-03,3.25,A,Normal value,F,Free,
M,Monthly,MY,Malaysia,368,Per cent per year,0,Units,,,From 26 Apr 2004 onwards: overnight policy rate; from 1 Jan 1998 to 25 Apr 2004: 3 month intervention rate; from 3 Nov 1995 to 31 Dec 1997: 3 month interbank rate.,4,Four,Bank Negara Malaysia ,, Central bank policy rates - Malaysia - Monthly - End of period,2016-04,3.25,A,Normal value,F,Free,
M,Monthly,MY,Malaysia,368,Per cent per year,0,Units,,,From 26 Apr 2004 onwards: overnight policy rate; from 1 Jan 1998 to 25 Apr 2004: 3 month intervention rate; from 3 Nov 1995 to 31 Dec 1997: 3 month interbank rate.,4,Four,Bank Negara Malaysia ,, Central bank policy rates - Malaysia - Monthly - End of period,2016-05,3.25,A,Normal value,F,Free,
M,Monthly,MY,Malaysia,368,Per cent per year,0,Units,,,From 26 Apr 2004 onwards: overnight policy rate; from 1 Jan 1998 to 25 Apr 2004: 3 month intervention rate; from 3 Nov 1995 to 31 Dec 1997: 3 month interbank rate.,4,Four,Bank Negara Malaysia ,, Central bank policy rates - Malaysia - Monthly - End of period,2016-06,3.25,A,Normal value,F,Free,
M,Monthly,MY,Malaysia,368,Per cent per year,0,Units,,,From 26 Apr 2004 onwards: overnight policy rate; from 1 Jan 1998 to 25 Apr 2004: 3 month intervention rate; from 3 Nov 1995 to 31 Dec 1997: 3 month interbank rate.,4,Four,Bank Negara Malaysia ,, Central bank policy rates - Malaysia - Monthly - End of period,2016-07,3.0,A,Normal value,F,Free,
M,Monthly,MY,Malaysia,368,Per cent per year,0,Units,,,From 26 Apr 2004 onwards: overnight policy rate; from 1 Jan 1998 to 25 Apr 2004: 3 month intervention rate; from 3 Nov 1995 to 31 Dec 1997: 3 month interbank rate.,4,Four,Bank Negara Malaysia ,, Central bank policy rates - Malaysia - Monthly - End of period,2016-08,3.0,A,Normal value,F,Free,
M,Monthly,MY,Malaysia,368,Per cent per year,0,Units,,,From 26 Apr 2004 onwards: overnight policy rate; from 1 Jan 1998 to 25 Apr 2004: 3 month intervention rate; from 3 Nov 1995 to 31 Dec 1997: 3 month interbank rate.,4,Four,Bank Negara Malaysia ,, Central bank policy rates - Malaysia - Monthly - End of period,2016-09,3.0,A,Normal value,F,Free,
M,Monthly,MY,Malaysia,368,Per cent per year,0,Units,,,From 26 Apr 2004 onwards: overnight policy rate; from 1 Jan 1998 to 25 Apr 2004: 3 month intervention rate; from 3 Nov 1995 to 31 Dec 1997: 3 month interbank rate.,4,Four,Bank Negara Malaysia ,, Central bank policy rates - Malaysia - Monthly - End of period,2016-10,3.0,A,Normal value,F,Free,
M,Monthly,MY,Malaysia,368,Per cent per year,0,Units,,,From 26 Apr 2004 onwards: overnight policy rate; from 1 Jan 1998 to 25 Apr 2004: 3 month intervention rate; from 3 Nov 1995 to 31 Dec 1997: 3 month interbank rate.,4,Four,Bank Negara Malaysia ,, Central bank policy rates - Malaysia - Monthly - End of period,2016-11,3.0,A,Normal value,F,Free,
M,Monthly,MY,Malaysia,368,Per cent per year,0,Units,,,From 26 Apr 2004 onwards: overnight policy rate; from 1 Jan 1998 to 25 Apr 2004: 3 month intervention rate; from 3 Nov 1995 to 31 Dec 1997: 3 month interbank rate.,4,Four,Bank Negara Malaysia ,, Central bank policy rates - Malaysia - Monthly - End of period,2016-12,3.0,A,Normal value,F,Free,
M,Monthly,MY,Malaysia,368,Per cent per year,0,Units,,,From 26 Apr 2004 onwards: overnight policy rate; from 1 Jan 1998 to 25 Apr 2004: 3 month intervention rate; from 3 Nov 1995 to 31 Dec 1997: 3 month interbank rate.,4,Four,Bank Negara Malaysia ,, Central bank policy rates - Malaysia - Monthly - End of period,2017-01,3.0,A,Normal value,F,Free,
M,Monthly,MY,Malaysia,368,Per cent per year,0,Units,,,From 26 Apr 2004 onwards: overnight policy rate; from 1 Jan 1998 to 25 Apr 2004: 3 month intervention rate; from 3 Nov 1995 to 31 Dec 1997: 3 month interbank rate.,4,Four,Bank Negara Malaysia ,, Central bank policy rates - Malaysia - Monthly - End of period,2017-02,3.0,A,Normal value,F,Free,
M,Monthly,MY,Malaysia,368,Per cent per year,0,Units,,,From 26 Apr 2004 onwards: overnight policy rate; from 1 Jan 1998 to 25 Apr 2004: 3 month intervention rate; from 3 Nov 1995 to 31 Dec 1997: 3 month interbank rate.,4,Four,Bank Negara Malaysia ,, Central bank policy rates - Malaysia - Monthly - End of period,2017-03,3.0,A,Normal value,F,Free,
M,Monthly,MY,Malaysia,368,Per cent per year,0,Units,,,From 26 Apr 2004 onwards: overnight policy rate; from 1 Jan 1998 to 25 Apr 2004: 3 month intervention rate; from 3 Nov 1995 to 31 Dec 1997: 3 month interbank rate.,4,Four,Bank Negara Malaysia ,, Central bank policy rates - Malaysia - Monthly - End of period,2017-04,3.0,A,Normal value,F,Free,
M,Monthly,MY,Malaysia,368,Per cent per year,0,Units,,,From 26 Apr 2004 onwards: overnight policy rate; from 1 Jan 1998 to 25 Apr 2004: 3 month intervention rate; from 3 Nov 1995 to 31 Dec 1997: 3 month interbank rate.,4,Four,Bank Negara Malaysia ,, Central bank policy rates - Malaysia - Monthly - End of period,2017-05,3.0,A,Normal value,F,Free,
M,Monthly,MY,Malaysia,368,Per cent per year,0,Units,,,From 26 Apr 2004 onwards: overnight policy rate; from 1 Jan 1998 to 25 Apr 2004: 3 month intervention rate; from 3 Nov 1995 to 31 Dec 1997: 3 month interbank rate.,4,Four,Bank Negara Malaysia ,, Central bank policy rates - Malaysia - Monthly - End of period,2017-06,3.0,A,Normal value,F,Free,
M,Monthly,MY,Malaysia,368,Per cent per year,0,Units,,,From 26 Apr 2004 onwards: overnight policy rate; from 1 Jan 1998 to 25 Apr 2004: 3 month intervention rate; from 3 Nov 1995 to 31 Dec 1997: 3 month interbank rate.,4,Four,Bank Negara Malaysia ,, Central bank policy rates - Malaysia - Monthly - End of period,2017-07,3.0,A,Normal value,F,Free,
M,Monthly,MY,Malaysia,368,Per cent per year,0,Units,,,From 26 Apr 2004 onwards: overnight policy rate; from 1 Jan 1998 to 25 Apr 2004: 3 month intervention rate; from 3 Nov 1995 to 31 Dec 1997: 3 month interbank rate.,4,Four,Bank Negara Malaysia ,, Central bank policy rates - Malaysia - Monthly - End of period,2017-08,3.0,A,Normal value,F,Free,
M,Monthly,MY,Malaysia,368,Per cent per year,0,Units,,,From 26 Apr 2004 onwards: overnight policy rate; from 1 Jan 1998 to 25 Apr 2004: 3 month intervention rate; from 3 Nov 1995 to 31 Dec 1997: 3 month interbank rate.,4,Four,Bank Negara Malaysia ,, Central bank policy rates - Malaysia - Monthly - End of period,2017-09,3.0,A,Normal value,F,Free,
M,Monthly,MY,Malaysia,368,Per cent per year,0,Units,,,From 26 Apr 2004 onwards: overnight policy rate; from 1 Jan 1998 to 25 Apr 2004: 3 month intervention rate; from 3 Nov 1995 to 31 Dec 1997: 3 month interbank rate.,4,Four,Bank Negara Malaysia ,, Central bank policy rates - Malaysia - Monthly - End of period,2017-10,3.0,A,Normal value,F,Free,
M,Monthly,MY,Malaysia,368,Per cent per year,0,Units,,,From 26 Apr 2004 onwards: overnight policy rate; from 1 Jan 1998 to 25 Apr 2004: 3 month intervention rate; from 3 Nov 1995 to 31 Dec 1997: 3 month interbank rate.,4,Four,Bank Negara Malaysia ,, Central bank policy rates - Malaysia - Monthly - End of period,2017-11,3.0,A,Normal value,F,Free,
M,Monthly,MY,Malaysia,368,Per cent per year,0,Units,,,From 26 Apr 2004 onwards: overnight policy rate; from 1 Jan 1998 to 25 Apr 2004: 3 month intervention rate; from 3 Nov 1995 to 31 Dec 1997: 3 month interbank rate.,4,Four,Bank Negara Malaysia ,, Central bank policy rates - Malaysia - Monthly - End of period,2017-12,3.0,A,Normal value,F,Free,
M,Monthly,MY,Malaysia,368,Per cent per year,0,Units,,,From 26 Apr 2004 onwards: overnight policy rate; from 1 Jan 1998 to 25 Apr 2004: 3 month intervention rate; from 3 Nov 1995 to 31 Dec 1997: 3 month interbank rate.,4,Four,Bank Negara Malaysia ,, Central bank policy rates - Malaysia - Monthly - End of period,2018-01,3.25,A,Normal value,F,Free,
M,Monthly,MY,Malaysia,368,Per cent per year,0,Units,,,From 26 Apr 2004 onwards: overnight policy rate; from 1 Jan 1998 to 25 Apr 2004: 3 month intervention rate; from 3 Nov 1995 to 31 Dec 1997: 3 month interbank rate.,4,Four,Bank Negara Malaysia ,, Central bank policy rates - Malaysia - Monthly - End of period,2018-02,3.25,A,Normal value,F,Free,
M,Monthly,MY,Malaysia,368,Per cent per year,0,Units,,,From 26 Apr 2004 onwards: overnight policy rate; from 1 Jan 1998 to 25 Apr 2004: 3 month intervention rate; from 3 Nov 1995 to 31 Dec 1997: 3 month interbank rate.,4,Four,Bank Negara Malaysia ,, Central bank policy rates - Malaysia - Monthly - End of period,2018-03,3.25,A,Normal value,F,Free,
M,Monthly,MY,Malaysia,368,Per cent per year,0,Units,,,From 26 Apr 2004 onwards: overnight policy rate; from 1 Jan 1998 to 25 Apr 2004: 3 month intervention rate; from 3 Nov 1995 to 31 Dec 1997: 3 month interbank rate.,4,Four,Bank Negara Malaysia ,, Central bank policy rates - Malaysia - Monthly - End of period,2018-04,3.25,A,Normal value,F,Free,
M,Monthly,MY,Malaysia,368,Per cent per year,0,Units,,,From 26 Apr 2004 onwards: overnight policy rate; from 1 Jan 1998 to 25 Apr 2004: 3 month intervention rate; from 3 Nov 1995 to 31 Dec 1997: 3 month interbank rate.,4,Four,Bank Negara Malaysia ,, Central bank policy rates - Malaysia - Monthly - End of period,2018-05,3.25,A,Normal value,F,Free,
M,Monthly,MY,Malaysia,368,Per cent per year,0,Units,,,From 26 Apr 2004 onwards: overnight policy rate; from 1 Jan 1998 to 25 Apr 2004: 3 month intervention rate; from 3 Nov 1995 to 31 Dec 1997: 3 month interbank rate.,4,Four,Bank Negara Malaysia ,, Central bank policy rates - Malaysia - Monthly - End of period,2018-06,3.25,A,Normal value,F,Free,
M,Monthly,MY,Malaysia,368,Per cent per year,0,Units,,,From 26 Apr 2004 onwards: overnight policy rate; from 1 Jan 1998 to 25 Apr 2004: 3 month intervention rate; from 3 Nov 1995 to 31 Dec 1997: 3 month interbank rate.,4,Four,Bank Negara Malaysia ,, Central bank policy rates - Malaysia - Monthly - End of period,2018-07,3.25,A,Normal value,F,Free,
M,Monthly,MY,Malaysia,368,Per cent per year,0,Units,,,From 26 Apr 2004 onwards: overnight policy rate; from 1 Jan 1998 to 25 Apr 2004: 3 month intervention rate; from 3 Nov 1995 to 31 Dec 1997: 3 month interbank rate.,4,Four,Bank Negara Malaysia ,, Central bank policy rates - Malaysia - Monthly - End of period,2018-08,3.25,A,Normal value,F,Free,
M,Monthly,MY,Malaysia,368,Per cent per year,0,Units,,,From 26 Apr 2004 onwards: overnight policy rate; from 1 Jan 1998 to 25 Apr 2004: 3 month intervention rate; from 3 Nov 1995 to 31 Dec 1997: 3 month interbank rate.,4,Four,Bank Negara Malaysia ,, Central bank policy rates - Malaysia - Monthly - End of period,2018-09,3.25,A,Normal value,F,Free,
M,Monthly,MY,Malaysia,368,Per cent per year,0,Units,,,From 26 Apr 2004 onwards: overnight policy rate; from 1 Jan 1998 to 25 Apr 2004: 3 month intervention rate; from 3 Nov 1995 to 31 Dec 1997: 3 month interbank rate.,4,Four,Bank Negara Malaysia ,, Central bank policy rates - Malaysia - Monthly - End of period,2018-10,3.25,A,Normal value,F,Free,
M,Monthly,MY,Malaysia,368,Per cent per year,0,Units,,,From 26 Apr 2004 onwards: overnight policy rate; from 1 Jan 1998 to 25 Apr 2004: 3 month intervention rate; from 3 Nov 1995 to 31 Dec 1997: 3 month interbank rate.,4,Four,Bank Negara Malaysia ,, Central bank policy rates - Malaysia - Monthly - End of period,2018-11,3.25,A,Normal value,F,Free,
M,Monthly,MY,Malaysia,368,Per cent per year,0,Units,,,From 26 Apr 2004 onwards: overnight policy rate; from 1 Jan 1998 to 25 Apr 2004: 3 month intervention rate; from 3 Nov 1995 to 31 Dec 1997: 3 month interbank rate.,4,Four,Bank Negara Malaysia ,, Central bank policy rates - Malaysia - Monthly - End of period,2018-12,3.25,A,Normal value,F,Free,
M,Monthly,MY,Malaysia,368,Per cent per year,0,Units,,,From 26 Apr 2004 onwards: overnight policy rate; from 1 Jan 1998 to 25 Apr 2004: 3 month intervention rate; from 3 Nov 1995 to 31 Dec 1997: 3 month interbank rate.,4,Four,Bank Negara Malaysia ,, Central bank policy rates - Malaysia - Monthly - End of period,2019-01,3.25,A,Normal value,F,Free,
M,Monthly,MY,Malaysia,368,Per cent per year,0,Units,,,From 26 Apr 2004 onwards: overnight policy rate; from 1 Jan 1998 to 25 Apr 2004: 3 month intervention rate; from 3 Nov 1995 to 31 Dec 1997: 3 month interbank rate.,4,Four,Bank Negara Malaysia ,, Central bank policy rates - Malaysia - Monthly - End of period,2019-02,3.25,A,Normal value,F,Free,
M,Monthly,MY,Malaysia,368,Per cent per year,0,Units,,,From 26 Apr 2004 onwards: overnight policy rate; from 1 Jan 1998 to 25 Apr 2004: 3 month intervention rate; from 3 Nov 1995 to 31 Dec 1997: 3 month interbank rate.,4,Four,Bank Negara Malaysia ,, Central bank policy rates - Malaysia - Monthly - End of period,2019-03,3.25,A,Normal value,F,Free,
M,Monthly,MY,Malaysia,368,Per cent per year,0,Units,,,From 26 Apr 2004 onwards: overnight policy rate; from 1 Jan 1998 to 25 Apr 2004: 3 month intervention rate; from 3 Nov 1995 to 31 Dec 1997: 3 month interbank rate.,4,Four,Bank Negara Malaysia ,, Central bank policy rates - Malaysia - Monthly - End of period,2019-04,3.25,A,Normal value,F,Free,
M,Monthly,MY,Malaysia,368,Per cent per year,0,Units,,,From 26 Apr 2004 onwards: overnight policy rate; from 1 Jan 1998 to 25 Apr 2004: 3 month intervention rate; from 3 Nov 1995 to 31 Dec 1997: 3 month interbank rate.,4,Four,Bank Negara Malaysia ,, Central bank policy rates - Malaysia - Monthly - End of period,2019-05,3.0,A,Normal value,F,Free,
M,Monthly,MY,Malaysia,368,Per cent per year,0,Units,,,From 26 Apr 2004 onwards: overnight policy rate; from 1 Jan 1998 to 25 Apr 2004: 3 month intervention rate; from 3 Nov 1995 to 31 Dec 1997: 3 month interbank rate.,4,Four,Bank Negara Malaysia ,, Central bank policy rates - Malaysia - Monthly - End of period,2019-06,3.0,A,Normal value,F,Free,
M,Monthly,MY,Malaysia,368,Per cent per year,0,Units,,,From 26 Apr 2004 onwards: overnight policy rate; from 1 Jan 1998 to 25 Apr 2004: 3 month intervention rate; from 3 Nov 1995 to 31 Dec 1997: 3 month interbank rate.,4,Four,Bank Negara Malaysia ,, Central bank policy rates - Malaysia - Monthly - End of period,2019-07,3.0,A,Normal value,F,Free,
M,Monthly,MY,Malaysia,368,Per cent per year,0,Units,,,From 26 Apr 2004 onwards: overnight policy rate; from 1 Jan 1998 to 25 Apr 2004: 3 month intervention rate; from 3 Nov 1995 to 31 Dec 1997: 3 month interbank rate.,4,Four,Bank Negara Malaysia ,, Central bank policy rates - Malaysia - Monthly - End of period,2019-08,3.0,A,Normal value,F,Free,
M,Monthly,MY,Malaysia,368,Per cent per year,0,Units,,,From 26 Apr 2004 onwards: overnight policy rate; from 1 Jan 1998 to 25 Apr 2004: 3 month intervention rate; from 3 Nov 1995 to 31 Dec 1997: 3 month interbank rate.,4,Four,Bank Negara Malaysia ,, Central bank policy rates - Malaysia - Monthly - End of period,2019-09,3.0,A,Normal value,F,Free,
M,Monthly,MY,Malaysia,368,Per cent per year,0,Units,,,From 26 Apr 2004 onwards: overnight policy rate; from 1 Jan 1998 to 25 Apr 2004: 3 month intervention rate; from 3 Nov 1995 to 31 Dec 1997: 3 month interbank rate.,4,Four,Bank Negara Malaysia ,, Central bank policy rates - Malaysia - Monthly - End of period,2019-10,3.0,A,Normal value,F,Free,
M,Monthly,MY,Malaysia,368,Per cent per year,0,Units,,,From 26 Apr 2004 onwards: overnight policy rate; from 1 Jan 1998 to 25 Apr 2004: 3 month intervention rate; from 3 Nov 1995 to 31 Dec 1997: 3 month interbank rate.,4,Four,Bank Negara Malaysia ,, Central bank policy rates - Malaysia - Monthly - End of period,2019-11,3.0,A,Normal value,F,Free,
M,Monthly,MY,Malaysia,368,Per cent per year,0,Units,,,From 26 Apr 2004 onwards: overnight policy rate; from 1 Jan 1998 to 25 Apr 2004: 3 month intervention rate; from 3 Nov 1995 to 31 Dec 1997: 3 month interbank rate.,4,Four,Bank Negara Malaysia ,, Central bank policy rates - Malaysia - Monthly - End of period,2019-12,3.0,A,Normal value,F,Free,
M,Monthly,MY,Malaysia,368,Per cent per year,0,Units,,,From 26 Apr 2004 onwards: overnight policy rate; from 1 Jan 1998 to 25 Apr 2004: 3 month intervention rate; from 3 Nov 1995 to 31 Dec 1997: 3 month interbank rate.,4,Four,Bank Negara Malaysia ,, Central bank policy rates - Malaysia - Monthly - End of period,2020-01,2.75,A,Normal value,F,Free,
M,Monthly,MY,Malaysia,368,Per cent per year,0,Units,,,From 26 Apr 2004 onwards: overnight policy rate; from 1 Jan 1998 to 25 Apr 2004: 3 month intervention rate; from 3 Nov 1995 to 31 Dec 1997: 3 month interbank rate.,4,Four,Bank Negara Malaysia ,, Central bank policy rates - Malaysia - Monthly - End of period,2020-02,2.75,A,Normal value,F,Free,
M,Monthly,MY,Malaysia,368,Per cent per year,0,Units,,,From 26 Apr 2004 onwards: overnight policy rate; from 1 Jan 1998 to 25 Apr 2004: 3 month intervention rate; from 3 Nov 1995 to 31 Dec 1997: 3 month interbank rate.,4,Four,Bank Negara Malaysia ,, Central bank policy rates - Malaysia - Monthly - End of period,2020-03,2.5,A,Normal value,F,Free,
M,Monthly,MY,Malaysia,368,Per cent per year,0,Units,,,From 26 Apr 2004 onwards: overnight policy rate; from 1 Jan 1998 to 25 Apr 2004: 3 month intervention rate; from 3 Nov 1995 to 31 Dec 1997: 3 month interbank rate.,4,Four,Bank Negara Malaysia ,, Central bank policy rates - Malaysia - Monthly - End of period,2020-04,2.5,A,Normal value,F,Free,
M,Monthly,MY,Malaysia,368,Per cent per year,0,Units,,,From 26 Apr 2004 onwards: overnight policy rate; from 1 Jan 1998 to 25 Apr 2004: 3 month intervention rate; from 3 Nov 1995 to 31 Dec 1997: 3 month interbank rate.,4,Four,Bank Negara Malaysia ,, Central bank policy rates - Malaysia - Monthly - End of period,2020-05,2.0,A,Normal value,F,Free,
M,Monthly,MY,Malaysia,368,Per cent per year,0,Units,,,From 26 Apr 2004 onwards: overnight policy rate; from 1 Jan 1998 to 25 Apr 2004: 3 month intervention rate; from 3 Nov 1995 to 31 Dec 1997: 3 month interbank rate.,4,Four,Bank Negara Malaysia ,, Central bank policy rates - Malaysia - Monthly - End of period,2020-06,2.0,A,Normal value,F,Free,
M,Monthly,MY,Malaysia,368,Per cent per year,0,Units,,,From 26 Apr 2004 onwards: overnight policy rate; from 1 Jan 1998 to 25 Apr 2004: 3 month intervention rate; from 3 Nov 1995 to 31 Dec 1997: 3 month interbank rate.,4,Four,Bank Negara Malaysia ,, Central bank policy rates - Malaysia - Monthly - End of period,2020-07,1.75,A,Normal value,F,Free,
M,Monthly,MY,Malaysia,368,Per cent per year,0,Units,,,From 26 Apr 2004 onwards: overnight policy rate; from 1 Jan 1998 to 25 Apr 2004: 3 month intervention rate; from 3 Nov 1995 to 31 Dec 1997: 3 month interbank rate.,4,Four,Bank Negara Malaysia ,, Central bank policy rates - Malaysia - Monthly - End of period,2020-08,1.75,A,Normal value,F,Free,
M,Monthly,MY,Malaysia,368,Per cent per year,0,Units,,,From 26 Apr 2004 onwards: overnight policy rate; from 1 Jan 1998 to 25 Apr 2004: 3 month intervention rate; from 3 Nov 1995 to 31 Dec 1997: 3 month interbank rate.,4,Four,Bank Negara Malaysia ,, Central bank policy rates - Malaysia - Monthly - End of period,2020-09,1.75,A,Normal value,F,Free,
M,Monthly,MY,Malaysia,368,Per cent per year,0,Units,,,From 26 Apr 2004 onwards: overnight policy rate; from 1 Jan 1998 to 25 Apr 2004: 3 month intervention rate; from 3 Nov 1995 to 31 Dec 1997: 3 month interbank rate.,4,Four,Bank Negara Malaysia ,, Central bank policy rates - Malaysia - Monthly - End of period,2020-10,1.75,A,Normal value,F,Free,
M,Monthly,MY,Malaysia,368,Per cent per year,0,Units,,,From 26 Apr 2004 onwards: overnight policy rate; from 1 Jan 1998 to 25 Apr 2004: 3 month intervention rate; from 3 Nov 1995 to 31 Dec 1997: 3 month interbank rate.,4,Four,Bank Negara Malaysia ,, Central bank policy rates - Malaysia - Monthly - End of period,2020-11,1.75,A,Normal value,F,Free,
M,Monthly,MY,Malaysia,368,Per cent per year,0,Units,,,From 26 Apr 2004 onwards: overnight policy rate; from 1 Jan 1998 to 25 Apr 2004: 3 month intervention rate; from 3 Nov 1995 to 31 Dec 1997: 3 month interbank rate.,4,Four,Bank Negara Malaysia ,, Central bank policy rates - Malaysia - Monthly - End of period,2020-12,1.75,A,Normal value,F,Free,
M,Monthly,MY,Malaysia,368,Per cent per year,0,Units,,,From 26 Apr 2004 onwards: overnight policy rate; from 1 Jan 1998 to 25 Apr 2004: 3 month intervention rate; from 3 Nov 1995 to 31 Dec 1997: 3 month interbank rate.,4,Four,Bank Negara Malaysia ,, Central bank policy rates - Malaysia - Monthly - End of period,2021-01,1.75,A,Normal value,F,Free,
M,Monthly,MY,Malaysia,368,Per cent per year,0,Units,,,From 26 Apr 2004 onwards: overnight policy rate; from 1 Jan 1998 to 25 Apr 2004: 3 month intervention rate; from 3 Nov 1995 to 31 Dec 1997: 3 month interbank rate.,4,Four,Bank Negara Malaysia ,, Central bank policy rates - Malaysia - Monthly - End of period,2021-02,1.75,A,Normal value,F,Free,
M,Monthly,MY,Malaysia,368,Per cent per year,0,Units,,,From 26 Apr 2004 onwards: overnight policy rate; from 1 Jan 1998 to 25 Apr 2004: 3 month intervention rate; from 3 Nov 1995 to 31 Dec 1997: 3 month interbank rate.,4,Four,Bank Negara Malaysia ,, Central bank policy rates - Malaysia - Monthly - End of period,2021-03,1.75,A,Normal value,F,Free,
M,Monthly,MY,Malaysia,368,Per cent per year,0,Units,,,From 26 Apr 2004 onwards: overnight policy rate; from 1 Jan 1998 to 25 Apr 2004: 3 month intervention rate; from 3 Nov 1995 to 31 Dec 1997: 3 month interbank rate.,4,Four,Bank Negara Malaysia ,, Central bank policy rates - Malaysia - Monthly - End of period,2021-04,1.75,A,Normal value,F,Free,
M,Monthly,MY,Malaysia,368,Per cent per year,0,Units,,,From 26 Apr 2004 onwards: overnight policy rate; from 1 Jan 1998 to 25 Apr 2004: 3 month intervention rate; from 3 Nov 1995 to 31 Dec 1997: 3 month interbank rate.,4,Four,Bank Negara Malaysia ,, Central bank policy rates - Malaysia - Monthly - End of period,2021-05,1.75,A,Normal value,F,Free,
M,Monthly,MY,Malaysia,368,Per cent per year,0,Units,,,From 26 Apr 2004 onwards: overnight policy rate; from 1 Jan 1998 to 25 Apr 2004: 3 month intervention rate; from 3 Nov 1995 to 31 Dec 1997: 3 month interbank rate.,4,Four,Bank Negara Malaysia ,, Central bank policy rates - Malaysia - Monthly - End of period,2021-06,1.75,A,Normal value,F,Free,
M,Monthly,MY,Malaysia,368,Per cent per year,0,Units,,,From 26 Apr 2004 onwards: overnight policy rate; from 1 Jan 1998 to 25 Apr 2004: 3 month intervention rate; from 3 Nov 1995 to 31 Dec 1997: 3 month interbank rate.,4,Four,Bank Negara Malaysia ,, Central bank policy rates - Malaysia - Monthly - End of period,2021-07,1.75,A,Normal value,F,Free,
M,Monthly,MY,Malaysia,368,Per cent per year,0,Units,,,From 26 Apr 2004 onwards: overnight policy rate; from 1 Jan 1998 to 25 Apr 2004: 3 month intervention rate; from 3 Nov 1995 to 31 Dec 1997: 3 month interbank rate.,4,Four,Bank Negara Malaysia ,, Central bank policy rates - Malaysia - Monthly - End of period,2021-08,1.75,A,Normal value,F,Free,
M,Monthly,MY,Malaysia,368,Per cent per year,0,Units,,,From 26 Apr 2004 onwards: overnight policy rate; from 1 Jan 1998 to 25 Apr 2004: 3 month intervention rate; from 3 Nov 1995 to 31 Dec 1997: 3 month interbank rate.,4,Four,Bank Negara Malaysia ,, Central bank policy rates - Malaysia - Monthly - End of period,2021-09,1.75,A,Normal value,F,Free,
M,Monthly,MY,Malaysia,368,Per cent per year,0,Units,,,From 26 Apr 2004 onwards: overnight policy rate; from 1 Jan 1998 to 25 Apr 2004: 3 month intervention rate; from 3 Nov 1995 to 31 Dec 1997: 3 month interbank rate.,4,Four,Bank Negara Malaysia ,, Central bank policy rates - Malaysia - Monthly - End of period,2021-10,1.75,A,Normal value,F,Free,
M,Monthly,MY,Malaysia,368,Per cent per year,0,Units,,,From 26 Apr 2004 onwards: overnight policy rate; from 1 Jan 1998 to 25 Apr 2004: 3 month intervention rate; from 3 Nov 1995 to 31 Dec 1997: 3 month interbank rate.,4,Four,Bank Negara Malaysia ,, Central bank policy rates - Malaysia - Monthly - End of period,2021-11,1.75,A,Normal value,F,Free,
M,Monthly,MY,Malaysia,368,Per cent per year,0,Units,,,From 26 Apr 2004 onwards: overnight policy rate; from 1 Jan 1998 to 25 Apr 2004: 3 month intervention rate; from 3 Nov 1995 to 31 Dec 1997: 3 month interbank rate.,4,Four,Bank Negara Malaysia ,, Central bank policy rates - Malaysia - Monthly - End of period,2021-12,1.75,A,Normal value,F,Free,
M,Monthly,MY,Malaysia,368,Per cent per year,0,Units,,,From 26 Apr 2004 onwards: overnight policy rate; from 1 Jan 1998 to 25 Apr 2004: 3 month intervention rate; from 3 Nov 1995 to 31 Dec 1997: 3 month interbank rate.,4,Four,Bank Negara Malaysia ,, Central bank policy rates - Malaysia - Monthly - End of period,2022-01,1.75,A,Normal value,F,Free,
M,Monthly,MY,Malaysia,368,Per cent per year,0,Units,,,From 26 Apr 2004 onwards: overnight policy rate; from 1 Jan 1998 to 25 Apr 2004: 3 month intervention rate; from 3 Nov 1995 to 31 Dec 1997: 3 month interbank rate.,4,Four,Bank Negara Malaysia ,, Central bank policy rates - Malaysia - Monthly - End of period,2022-02,1.75,A,Normal value,F,Free,
M,Monthly,MY,Malaysia,368,Per cent per year,0,Units,,,From 26 Apr 2004 onwards: overnight policy rate; from 1 Jan 1998 to 25 Apr 2004: 3 month intervention rate; from 3 Nov 1995 to 31 Dec 1997: 3 month interbank rate.,4,Four,Bank Negara Malaysia ,, Central bank policy rates - Malaysia - Monthly - End of period,2022-03,1.75,A,Normal value,F,Free,
M,Monthly,MY,Malaysia,368,Per cent per year,0,Units,,,From 26 Apr 2004 onwards: overnight policy rate; from 1 Jan 1998 to 25 Apr 2004: 3 month intervention rate; from 3 Nov 1995 to 31 Dec 1997: 3 month interbank rate.,4,Four,Bank Negara Malaysia ,, Central bank policy rates - Malaysia - Monthly - End of period,2022-04,1.75,A,Normal value,F,Free,
M,Monthly,MY,Malaysia,368,Per cent per year,0,Units,,,From 26 Apr 2004 onwards: overnight policy rate; from 1 Jan 1998 to 25 Apr 2004: 3 month intervention rate; from 3 Nov 1995 to 31 Dec 1997: 3 month interbank rate.,4,Four,Bank Negara Malaysia ,, Central bank policy rates - Malaysia - Monthly - End of period,2022-05,2.0,A,Normal value,F,Free,
M,Monthly,MY,Malaysia,368,Per cent per year,0,Units,,,From 26 Apr 2004 onwards: overnight policy rate; from 1 Jan 1998 to 25 Apr 2004: 3 month intervention rate; from 3 Nov 1995 to 31 Dec 1997: 3 month interbank rate.,4,Four,Bank Negara Malaysia ,, Central bank policy rates - Malaysia - Monthly - End of period,2022-06,2.0,A,Normal value,F,Free,
M,Monthly,MY,Malaysia,368,Per cent per year,0,Units,,,From 26 Apr 2004 onwards: overnight policy rate; from 1 Jan 1998 to 25 Apr 2004: 3 month intervention rate; from 3 Nov 1995 to 31 Dec 1997: 3 month interbank rate.,4,Four,Bank Negara Malaysia ,, Central bank policy rates - Malaysia - Monthly - End of period,2022-07,2.25,A,Normal value,F,Free,
M,Monthly,MY,Malaysia,368,Per cent per year,0,Units,,,From 26 Apr 2004 onwards: overnight policy rate; from 1 Jan 1998 to 25 Apr 2004: 3 month intervention rate; from 3 Nov 1995 to 31 Dec 1997: 3 month interbank rate.,4,Four,Bank Negara Malaysia ,, Central bank policy rates - Malaysia - Monthly - End of period,2022-08,2.25,A,Normal value,F,Free,
M,Monthly,MY,Malaysia,368,Per cent per year,0,Units,,,From 26 Apr 2004 onwards: overnight policy rate; from 1 Jan 1998 to 25 Apr 2004: 3 month intervention rate; from 3 Nov 1995 to 31 Dec 1997: 3 month interbank rate.,4,Four,Bank Negara Malaysia ,, Central bank policy rates - Malaysia - Monthly - End of period,2022-09,2.5,A,Normal value,F,Free,
M,Monthly,MY,Malaysia,368,Per cent per year,0,Units,,,From 26 Apr 2004 onwards: overnight policy rate; from 1 Jan 1998 to 25 Apr 2004: 3 month intervention rate; from 3 Nov 1995 to 31 Dec 1997: 3 month interbank rate.,4,Four,Bank Negara Malaysia ,, Central bank policy rates - Malaysia - Monthly - End of period,2022-10,2.5,A,Normal value,F,Free,
M,Monthly,MY,Malaysia,368,Per cent per year,0,Units,,,From 26 Apr 2004 onwards: overnight policy rate; from 1 Jan 1998 to 25 Apr 2004: 3 month intervention rate; from 3 Nov 1995 to 31 Dec 1997: 3 month interbank rate.,4,Four,Bank Negara Malaysia ,, Central bank policy rates - Malaysia - Monthly - End of period,2022-11,2.75,A,Normal value,F,Free,
M,Monthly,MY,Malaysia,368,Per cent per year,0,Units,,,From 26 Apr 2004 onwards: overnight policy rate; from 1 Jan 1998 to 25 Apr 2004: 3 month intervention rate; from 3 Nov 1995 to 31 Dec 1997: 3 month interbank rate.,4,Four,Bank Negara Malaysia ,, Central bank policy rates - Malaysia - Monthly - End of period,2022-12,2.75,A,Normal value,F,Free,
M,Monthly,MY,Malaysia,368,Per cent per year,0,Units,,,From 26 Apr 2004 onwards: overnight policy rate; from 1 Jan 1998 to 25 Apr 2004: 3 month intervention rate; from 3 Nov 1995 to 31 Dec 1997: 3 month interbank rate.,4,Four,Bank Negara Malaysia ,, Central bank policy rates - Malaysia - Monthly - End of period,2023-01,2.75,A,Normal value,F,Free,
M,Monthly,MY,Malaysia,368,Per cent per year,0,Units,,,From 26 Apr 2004 onwards: overnight policy rate; from 1 Jan 1998 to 25 Apr 2004: 3 month intervention rate; from 3 Nov 1995 to 31 Dec 1997: 3 month interbank rate.,4,Four,Bank Negara Malaysia ,, Central bank policy rates - Malaysia - Monthly - End of period,2023-02,2.75,A,Normal value,F,Free,
M,Monthly,MY,Malaysia,368,Per cent per year,0,Units,,,From 26 Apr 2004 onwards: overnight policy rate; from 1 Jan 1998 to 25 Apr 2004: 3 month intervention rate; from 3 Nov 1995 to 31 Dec 1997: 3 month interbank rate.,4,Four,Bank Negara Malaysia ,, Central bank policy rates - Malaysia - Monthly - End of period,2023-03,2.75,A,Normal value,F,Free,
M,Monthly,MY,Malaysia,368,Per cent per year,0,Units,,,From 26 Apr 2004 onwards: overnight policy rate; from 1 Jan 1998 to 25 Apr 2004: 3 month intervention rate; from 3 Nov 1995 to 31 Dec 1997: 3 month interbank rate.,4,Four,Bank Negara Malaysia ,, Central bank policy rates - Malaysia - Monthly - End of period,2023-04,2.75,A,Normal value,F,Free,
M,Monthly,MY,Malaysia,368,Per cent per year,0,Units,,,From 26 Apr 2004 onwards: overnight policy rate; from 1 Jan 1998 to 25 Apr 2004: 3 month intervention rate; from 3 Nov 1995 to 31 Dec 1997: 3 month interbank rate.,4,Four,Bank Negara Malaysia ,, Central bank policy rates - Malaysia - Monthly - End of period,2023-05,3.0,A,Normal value,F,Free,
M,Monthly,MY,Malaysia,368,Per cent per year,0,Units,,,From 26 Apr 2004 onwards: overnight policy rate; from 1 Jan 1998 to 25 Apr 2004: 3 month intervention rate; from 3 Nov 1995 to 31 Dec 1997: 3 month interbank rate.,4,Four,Bank Negara Malaysia ,, Central bank policy rates - Malaysia - Monthly - End of period,2023-06,3.0,A,Normal value,F,Free,
M,Monthly,MY,Malaysia,368,Per cent per year,0,Units,,,From 26 Apr 2004 onwards: overnight policy rate; from 1 Jan 1998 to 25 Apr 2004: 3 month intervention rate; from 3 Nov 1995 to 31 Dec 1997: 3 month interbank rate.,4,Four,Bank Negara Malaysia ,, Central bank policy rates - Malaysia - Monthly - End of period,2023-07,3.0,A,Normal value,F,Free,
M,Monthly,MY,Malaysia,368,Per cent per year,0,Units,,,From 26 Apr 2004 onwards: overnight policy rate; from 1 Jan 1998 to 25 Apr 2004: 3 month intervention rate; from 3 Nov 1995 to 31 Dec 1997: 3 month interbank rate.,4,Four,Bank Negara Malaysia ,, Central bank policy rates - Malaysia - Monthly - End of period,2023-08,3.0,A,Normal value,F,Free,
M,Monthly,MY,Malaysia,368,Per cent per year,0,Units,,,From 26 Apr 2004 onwards: overnight policy rate; from 1 Jan 1998 to 25 Apr 2004: 3 month intervention rate; from 3 Nov 1995 to 31 Dec 1997: 3 month interbank rate.,4,Four,Bank Negara Malaysia ,, Central bank policy rates - Malaysia - Monthly - End of period,2023-09,3.0,A,Normal value,F,Free,
M,Monthly,MY,Malaysia,368,Per cent per year,0,Units,,,From 26 Apr 2004 onwards: overnight policy rate; from 1 Jan 1998 to 25 Apr 2004: 3 month intervention rate; from 3 Nov 1995 to 31 Dec 1997: 3 month interbank rate.,4,Four,Bank Negara Malaysia ,, Central bank policy rates - Malaysia - Monthly - End of period,2023-10,3.0,A,Normal value,F,Free,
M,Monthly,MY,Malaysia,368,Per cent per year,0,Units,,,From 26 Apr 2004 onwards: overnight policy rate; from 1 Jan 1998 to 25 Apr 2004: 3 month intervention rate; from 3 Nov 1995 to 31 Dec 1997: 3 month interbank rate.,4,Four,Bank Negara Malaysia ,, Central bank policy rates - Malaysia - Monthly - End of period,2023-11,3.0,A,Normal value,F,Free,
M,Monthly,MY,Malaysia,368,Per cent per year,0,Units,,,From 26 Apr 2004 onwards: overnight policy rate; from 1 Jan 1998 to 25 Apr 2004: 3 month intervention rate; from 3 Nov 1995 to 31 Dec 1997: 3 month interbank rate.,4,Four,Bank Negara Malaysia ,, Central bank policy rates - Malaysia - Monthly - End of period,2023-12,3.0,A,Normal value,F,Free,
M,Monthly,MY,Malaysia,368,Per cent per year,0,Units,,,From 26 Apr 2004 onwards: overnight policy rate; from 1 Jan 1998 to 25 Apr 2004: 3 month intervention rate; from 3 Nov 1995 to 31 Dec 1997: 3 month interbank rate.,4,Four,Bank Negara Malaysia ,, Central bank policy rates - Malaysia - Monthly - End of period,2024-01,3.0,A,Normal value,F,Free,
M,Monthly,MY,Malaysia,368,Per cent per year,0,Units,,,From 26 Apr 2004 onwards: overnight policy rate; from 1 Jan 1998 to 25 Apr 2004: 3 month intervention rate; from 3 Nov 1995 to 31 Dec 1997: 3 month interbank rate.,4,Four,Bank Negara Malaysia ,, Central bank policy rates - Malaysia - Monthly - End of period,2024-02,3.0,A,Normal value,F,Free,
M,Monthly,MY,Malaysia,368,Per cent per year,0,Units,,,From 26 Apr 2004 onwards: overnight policy rate; from 1 Jan 1998 to 25 Apr 2004: 3 month intervention rate; from 3 Nov 1995 to 31 Dec 1997: 3 month interbank rate.,4,Four,Bank Negara Malaysia ,, Central bank policy rates - Malaysia - Monthly - End of period,2024-03,3.0,A,Normal value,F,Free,
M,Monthly,MY,Malaysia,368,Per cent per year,0,Units,,,From 26 Apr 2004 onwards: overnight policy rate; from 1 Jan 1998 to 25 Apr 2004: 3 month intervention rate; from 3 Nov 1995 to 31 Dec 1997: 3 month interbank rate.,4,Four,Bank Negara Malaysia ,, Central bank policy rates - Malaysia - Monthly - End of period,2024-04,3.0,A,Normal value,F,Free,
M,Monthly,MY,Malaysia,368,Per cent per year,0,Units,,,From 26 Apr 2004 onwards: overnight policy rate; from 1 Jan 1998 to 25 Apr 2004: 3 month intervention rate; from 3 Nov 1995 to 31 Dec 1997: 3 month interbank rate.,4,Four,Bank Negara Malaysia ,, Central bank policy rates - Malaysia - Monthly - End of period,2024-05,3.0,A,Normal value,F,Free,
M,Monthly,MY,Malaysia,368,Per cent per year,0,Units,,,From 26 Apr 2004 onwards: overnight policy rate; from 1 Jan 1998 to 25 Apr 2004: 3 month intervention rate; from 3 Nov 1995 to 31 Dec 1997: 3 month interbank rate.,4,Four,Bank Negara Malaysia ,, Central bank policy rates - Malaysia - Monthly - End of period,2024-06,3.0,A,Normal value,F,Free,
M,Monthly,MY,Malaysia,368,Per cent per year,0,Units,,,From 26 Apr 2004 onwards: overnight policy rate; from 1 Jan 1998 to 25 Apr 2004: 3 month intervention rate; from 3 Nov 1995 to 31 Dec 1997: 3 month interbank rate.,4,Four,Bank Negara Malaysia ,, Central bank policy rates - Malaysia - Monthly - End of period,2024-07,3.0,A,Normal value,F,Free,
M,Monthly,MY,Malaysia,368,Per cent per year,0,Units,,,From 26 Apr 2004 onwards: overnight policy rate; from 1 Jan 1998 to 25 Apr 2004: 3 month intervention rate; from 3 Nov 1995 to 31 Dec 1997: 3 month interbank rate.,4,Four,Bank Negara Malaysia ,, Central bank policy rates - Malaysia - Monthly - End of period,2024-08,3.0,A,Normal value,F,Free,
M,Monthly,MY,Malaysia,368,Per cent per year,0,Units,,,From 26 Apr 2004 onwards: overnight policy rate; from 1 Jan 1998 to 25 Apr 2004: 3 month intervention rate; from 3 Nov 1995 to 31 Dec 1997: 3 month interbank rate.,4,Four,Bank Negara Malaysia ,, Central bank policy rates - Malaysia - Monthly - End of period,2024-09,3.0,A,Normal value,F,Free,
M,Monthly,MY,Malaysia,368,Per cent per year,0,Units,,,From 26 Apr 2004 onwards: overnight policy rate; from 1 Jan 1998 to 25 Apr 2004: 3 month intervention rate; from 3 Nov 1995 to 31 Dec 1997: 3 month interbank rate.,4,Four,Bank Negara Malaysia ,, Central bank policy rates - Malaysia - Monthly - End of period,2024-10,3.0,A,Normal value,F,Free,
M,Monthly,MY,Malaysia,368,Per cent per year,0,Units,,,From 26 Apr 2004 onwards: overnight policy rate; from 1 Jan 1998 to 25 Apr 2004: 3 month intervention rate; from 3 Nov 1995 to 31 Dec 1997: 3 month interbank rate.,4,Four,Bank Negara Malaysia ,, Central bank policy rates - Malaysia - Monthly - End of period,2024-11,3.0,A,Normal value,F,Free,
M,Monthly,MY,Malaysia,368,Per cent per year,0,Units,,,From 26 Apr 2004 onwards: overnight policy rate; from 1 Jan 1998 to 25 Apr 2004: 3 month intervention rate; from 3 Nov 1995 to 31 Dec 1997: 3 month interbank rate.,4,Four,Bank Negara Malaysia ,, Central bank policy rates - Malaysia - Monthly - End of period,2024-12,3.0,A,Normal value,F,Free,
M,Monthly,MY,Malaysia,368,Per cent per year,0,Units,,,From 26 Apr 2004 onwards: overnight policy rate; from 1 Jan 1998 to 25 Apr 2004: 3 month intervention rate; from 3 Nov 1995 to 31 Dec 1997: 3 month interbank rate.,4,Four,Bank Negara Malaysia ,, Central bank policy rates - Malaysia - Monthly - End of period,2025-01,3.0,A,Normal value,F,Free,
M,Monthly,MY,Malaysia,368,Per cent per year,0,Units,,,From 26 Apr 2004 onwards: overnight policy rate; from 1 Jan 1998 to 25 Apr 2004: 3 month intervention rate; from 3 Nov 1995 to 31 Dec 1997: 3 month interbank rate.,4,Four,Bank Negara Malaysia ,, Central bank policy rates - Malaysia - Monthly - End of period,2025-02,3.0,A,Normal value,F,Free,
M,Monthly,MY,Malaysia,368,Per cent per year,0,Units,,,From 26 Apr 2004 onwards: overnight policy rate; from 1 Jan 1998 to 25 Apr 2004: 3 month intervention rate; from 3 Nov 1995 to 31 Dec 1997: 3 month interbank rate.,4,Four,Bank Negara Malaysia ,, Central bank policy rates - Malaysia - Monthly - End of period,2025-03,3.0,A,Normal value,F,Free,
M,Monthly,MY,Malaysia,368,Per cent per year,0,Units,,,From 26 Apr 2004 onwards: overnight policy rate; from 1 Jan 1998 to 25 Apr 2004: 3 month intervention rate; from 3 Nov 1995 to 31 Dec 1997: 3 month interbank rate.,4,Four,Bank Negara Malaysia ,, Central bank policy rates - Malaysia - Monthly - End of period,2025-04,3.0,A,Normal value,F,Free,
M,Monthly,MY,Malaysia,368,Per cent per year,0,Units,,,From 26 Apr 2004 onwards: overnight policy rate; from 1 Jan 1998 to 25 Apr 2004: 3 month intervention rate; from 3 Nov 1995 to 31 Dec 1997: 3 month interbank rate.,4,Four,Bank Negara Malaysia ,, Central bank policy rates - Malaysia - Monthly - End of period,2025-05,3.0,A,Normal value,F,Free,
M,Monthly,MY,Malaysia,368,Per cent per year,0,Units,,,From 26 Apr 2004 onwards: overnight policy rate; from 1 Jan 1998 to 25 Apr 2004: 3 month intervention rate; from 3 Nov 1995 to 31 Dec 1997: 3 month interbank rate.,4,Four,Bank Negara Malaysia ,, Central bank policy rates - Malaysia - Monthly - End of period,2025-06,3.0,A,Normal value,F,Free,
M,Monthly,MY,Malaysia,368,Per cent per year,0,Units,,,From 26 Apr 2004 onwards: overnight policy rate; from 1 Jan 1998 to 25 Apr 2004: 3 month intervention rate; from 3 Nov 1995 to 31 Dec 1997: 3 month interbank rate.,4,Four,Bank Negara Malaysia ,, Central bank policy rates - Malaysia - Monthly - End of period,2025-07,2.75,A,Normal value,F,Free,
M,Monthly,MY,Malaysia,368,Per cent per year,0,Units,,,From 26 Apr 2004 onwards: overnight policy rate; from 1 Jan 1998 to 25 Apr 2004: 3 month intervention rate; from 3 Nov 1995 to 31 Dec 1997: 3 month interbank rate.,4,Four,Bank Negara Malaysia ,, Central bank policy rates - Malaysia - Monthly - End of period,2025-08,2.75,A,Normal value,F,Free,
M,Monthly,MY,Malaysia,368,Per cent per year,0,Units,,,From 26 Apr 2004 onwards: overnight policy rate; from 1 Jan 1998 to 25 Apr 2004: 3 month intervention rate; from 3 Nov 1995 to 31 Dec 1997: 3 month interbank rate.,4,Four,Bank Negara Malaysia ,, Central bank policy rates - Malaysia - Monthly - End of period,2025-09,2.75,A,Normal value,F,Free,
M,Monthly,MY,Malaysia,368,Per cent per year,0,Units,,,From 26 Apr 2004 onwards: overnight policy rate; from 1 Jan 1998 to 25 Apr 2004: 3 month intervention rate; from 3 Nov 1995 to 31 Dec 1997: 3 month interbank rate.,4,Four,Bank Negara Malaysia ,, Central bank policy rates - Malaysia - Monthly - End of period,2025-10,2.75,A,Normal value,F,Free,
M,Monthly,MY,Malaysia,368,Per cent per year,0,Units,,,From 26 Apr 2004 onwards: overnight policy rate; from 1 Jan 1998 to 25 Apr 2004: 3 month intervention rate; from 3 Nov 1995 to 31 Dec 1997: 3 month interbank rate.,4,Four,Bank Negara Malaysia ,, Central bank policy rates - Malaysia - Monthly - End of period,2025-11,2.75,A,Normal value,F,Free,
M,Monthly,MY,Malaysia,368,Per cent per year,0,Units,,,From 26 Apr 2004 onwards: overnight policy rate; from 1 Jan 1998 to 25 Apr 2004: 3 month intervention rate; from 3 Nov 1995 to 31 Dec 1997: 3 month interbank rate.,4,Four,Bank Negara Malaysia ,, Central bank policy rates - Malaysia - Monthly - End of period,2025-12,2.75,A,Normal value,F,Free,
M,Monthly,KR,Korea,368,Per cent per year,0,Units,,,From 7 Mar 2008 onwards: Bank of Korea base rate; from 6 May 1999 to 6 Mar 2008: target overnight call rate(base rate). ,4,Four,Bank of Korea,The Bank of Korea base rate has been changed from the overnight call rate to 7 day repurchase agreements rate since Feb 2008., Central bank policy rates - Korea - Monthly - End of period,2016-01,1.5,A,Normal value,F,Free,
M,Monthly,KR,Korea,368,Per cent per year,0,Units,,,From 7 Mar 2008 onwards: Bank of Korea base rate; from 6 May 1999 to 6 Mar 2008: target overnight call rate(base rate). ,4,Four,Bank of Korea,The Bank of Korea base rate has been changed from the overnight call rate to 7 day repurchase agreements rate since Feb 2008., Central bank policy rates - Korea - Monthly - End of period,2016-02,1.5,A,Normal value,F,Free,
M,Monthly,KR,Korea,368,Per cent per year,0,Units,,,From 7 Mar 2008 onwards: Bank of Korea base rate; from 6 May 1999 to 6 Mar 2008: target overnight call rate(base rate). ,4,Four,Bank of Korea,The Bank of Korea base rate has been changed from the overnight call rate to 7 day repurchase agreements rate since Feb 2008., Central bank policy rates - Korea - Monthly - End of period,2016-03,1.5,A,Normal value,F,Free,
M,Monthly,KR,Korea,368,Per cent per year,0,Units,,,From 7 Mar 2008 onwards: Bank of Korea base rate; from 6 May 1999 to 6 Mar 2008: target overnight call rate(base rate). ,4,Four,Bank of Korea,The Bank of Korea base rate has been changed from the overnight call rate to 7 day repurchase agreements rate since Feb 2008., Central bank policy rates - Korea - Monthly - End of period,2016-04,1.5,A,Normal value,F,Free,
M,Monthly,KR,Korea,368,Per cent per year,0,Units,,,From 7 Mar 2008 onwards: Bank of Korea base rate; from 6 May 1999 to 6 Mar 2008: target overnight call rate(base rate). ,4,Four,Bank of Korea,The Bank of Korea base rate has been changed from the overnight call rate to 7 day repurchase agreements rate since Feb 2008., Central bank policy rates - Korea - Monthly - End of period,2016-05,1.5,A,Normal value,F,Free,
M,Monthly,KR,Korea,368,Per cent per year,0,Units,,,From 7 Mar 2008 onwards: Bank of Korea base rate; from 6 May 1999 to 6 Mar 2008: target overnight call rate(base rate). ,4,Four,Bank of Korea,The Bank of Korea base rate has been changed from the overnight call rate to 7 day repurchase agreements rate since Feb 2008., Central bank policy rates - Korea - Monthly - End of period,2016-06,1.25,A,Normal value,F,Free,
M,Monthly,KR,Korea,368,Per cent per year,0,Units,,,From 7 Mar 2008 onwards: Bank of Korea base rate; from 6 May 1999 to 6 Mar 2008: target overnight call rate(base rate). ,4,Four,Bank of Korea,The Bank of Korea base rate has been changed from the overnight call rate to 7 day repurchase agreements rate since Feb 2008., Central bank policy rates - Korea - Monthly - End of period,2016-07,1.25,A,Normal value,F,Free,
M,Monthly,KR,Korea,368,Per cent per year,0,Units,,,From 7 Mar 2008 onwards: Bank of Korea base rate; from 6 May 1999 to 6 Mar 2008: target overnight call rate(base rate). ,4,Four,Bank of Korea,The Bank of Korea base rate has been changed from the overnight call rate to 7 day repurchase agreements rate since Feb 2008., Central bank policy rates - Korea - Monthly - End of period,2016-08,1.25,A,Normal value,F,Free,
M,Monthly,KR,Korea,368,Per cent per year,0,Units,,,From 7 Mar 2008 onwards: Bank of Korea base rate; from 6 May 1999 to 6 Mar 2008: target overnight call rate(base rate). ,4,Four,Bank of Korea,The Bank of Korea base rate has been changed from the overnight call rate to 7 day repurchase agreements rate since Feb 2008., Central bank policy rates - Korea - Monthly - End of period,2016-09,1.25,A,Normal value,F,Free,
M,Monthly,KR,Korea,368,Per cent per year,0,Units,,,From 7 Mar 2008 onwards: Bank of Korea base rate; from 6 May 1999 to 6 Mar 2008: target overnight call rate(base rate). ,4,Four,Bank of Korea,The Bank of Korea base rate has been changed from the overnight call rate to 7 day repurchase agreements rate since Feb 2008., Central bank policy rates - Korea - Monthly - End of period,2016-10,1.25,A,Normal value,F,Free,
M,Monthly,KR,Korea,368,Per cent per year,0,Units,,,From 7 Mar 2008 onwards: Bank of Korea base rate; from 6 May 1999 to 6 Mar 2008: target overnight call rate(base rate). ,4,Four,Bank of Korea,The Bank of Korea base rate has been changed from the overnight call rate to 7 day repurchase agreements rate since Feb 2008., Central bank policy rates - Korea - Monthly - End of period,2016-11,1.25,A,Normal value,F,Free,
M,Monthly,KR,Korea,368,Per cent per year,0,Units,,,From 7 Mar 2008 onwards: Bank of Korea base rate; from 6 May 1999 to 6 Mar 2008: target overnight call rate(base rate). ,4,Four,Bank of Korea,The Bank of Korea base rate has been changed from the overnight call rate to 7 day repurchase agreements rate since Feb 2008., Central bank policy rates - Korea - Monthly - End of period,2016-12,1.25,A,Normal value,F,Free,
M,Monthly,KR,Korea,368,Per cent per year,0,Units,,,From 7 Mar 2008 onwards: Bank of Korea base rate; from 6 May 1999 to 6 Mar 2008: target overnight call rate(base rate). ,4,Four,Bank of Korea,The Bank of Korea base rate has been changed from the overnight call rate to 7 day repurchase agreements rate since Feb 2008., Central bank policy rates - Korea - Monthly - End of period,2017-01,1.25,A,Normal value,F,Free,
M,Monthly,KR,Korea,368,Per cent per year,0,Units,,,From 7 Mar 2008 onwards: Bank of Korea base rate; from 6 May 1999 to 6 Mar 2008: target overnight call rate(base rate). ,4,Four,Bank of Korea,The Bank of Korea base rate has been changed from the overnight call rate to 7 day repurchase agreements rate since Feb 2008., Central bank policy rates - Korea - Monthly - End of period,2017-02,1.25,A,Normal value,F,Free,
M,Monthly,KR,Korea,368,Per cent per year,0,Units,,,From 7 Mar 2008 onwards: Bank of Korea base rate; from 6 May 1999 to 6 Mar 2008: target overnight call rate(base rate). ,4,Four,Bank of Korea,The Bank of Korea base rate has been changed from the overnight call rate to 7 day repurchase agreements rate since Feb 2008., Central bank policy rates - Korea - Monthly - End of period,2017-03,1.25,A,Normal value,F,Free,
M,Monthly,KR,Korea,368,Per cent per year,0,Units,,,From 7 Mar 2008 onwards: Bank of Korea base rate; from 6 May 1999 to 6 Mar 2008: target overnight call rate(base rate). ,4,Four,Bank of Korea,The Bank of Korea base rate has been changed from the overnight call rate to 7 day repurchase agreements rate since Feb 2008., Central bank policy rates - Korea - Monthly - End of period,2017-04,1.25,A,Normal value,F,Free,
M,Monthly,KR,Korea,368,Per cent per year,0,Units,,,From 7 Mar 2008 onwards: Bank of Korea base rate; from 6 May 1999 to 6 Mar 2008: target overnight call rate(base rate). ,4,Four,Bank of Korea,The Bank of Korea base rate has been changed from the overnight call rate to 7 day repurchase agreements rate since Feb 2008., Central bank policy rates - Korea - Monthly - End of period,2017-05,1.25,A,Normal value,F,Free,
M,Monthly,KR,Korea,368,Per cent per year,0,Units,,,From 7 Mar 2008 onwards: Bank of Korea base rate; from 6 May 1999 to 6 Mar 2008: target overnight call rate(base rate). ,4,Four,Bank of Korea,The Bank of Korea base rate has been changed from the overnight call rate to 7 day repurchase agreements rate since Feb 2008., Central bank policy rates - Korea - Monthly - End of period,2017-06,1.25,A,Normal value,F,Free,
M,Monthly,KR,Korea,368,Per cent per year,0,Units,,,From 7 Mar 2008 onwards: Bank of Korea base rate; from 6 May 1999 to 6 Mar 2008: target overnight call rate(base rate). ,4,Four,Bank of Korea,The Bank of Korea base rate has been changed from the overnight call rate to 7 day repurchase agreements rate since Feb 2008., Central bank policy rates - Korea - Monthly - End of period,2017-07,1.25,A,Normal value,F,Free,
M,Monthly,KR,Korea,368,Per cent per year,0,Units,,,From 7 Mar 2008 onwards: Bank of Korea base rate; from 6 May 1999 to 6 Mar 2008: target overnight call rate(base rate). ,4,Four,Bank of Korea,The Bank of Korea base rate has been changed from the overnight call rate to 7 day repurchase agreements rate since Feb 2008., Central bank policy rates - Korea - Monthly - End of period,2017-08,1.25,A,Normal value,F,Free,
M,Monthly,KR,Korea,368,Per cent per year,0,Units,,,From 7 Mar 2008 onwards: Bank of Korea base rate; from 6 May 1999 to 6 Mar 2008: target overnight call rate(base rate). ,4,Four,Bank of Korea,The Bank of Korea base rate has been changed from the overnight call rate to 7 day repurchase agreements rate since Feb 2008., Central bank policy rates - Korea - Monthly - End of period,2017-09,1.25,A,Normal value,F,Free,
M,Monthly,KR,Korea,368,Per cent per year,0,Units,,,From 7 Mar 2008 onwards: Bank of Korea base rate; from 6 May 1999 to 6 Mar 2008: target overnight call rate(base rate). ,4,Four,Bank of Korea,The Bank of Korea base rate has been changed from the overnight call rate to 7 day repurchase agreements rate since Feb 2008., Central bank policy rates - Korea - Monthly - End of period,2017-10,1.25,A,Normal value,F,Free,
M,Monthly,KR,Korea,368,Per cent per year,0,Units,,,From 7 Mar 2008 onwards: Bank of Korea base rate; from 6 May 1999 to 6 Mar 2008: target overnight call rate(base rate). ,4,Four,Bank of Korea,The Bank of Korea base rate has been changed from the overnight call rate to 7 day repurchase agreements rate since Feb 2008., Central bank policy rates - Korea - Monthly - End of period,2017-11,1.5,A,Normal value,F,Free,
M,Monthly,KR,Korea,368,Per cent per year,0,Units,,,From 7 Mar 2008 onwards: Bank of Korea base rate; from 6 May 1999 to 6 Mar 2008: target overnight call rate(base rate). ,4,Four,Bank of Korea,The Bank of Korea base rate has been changed from the overnight call rate to 7 day repurchase agreements rate since Feb 2008., Central bank policy rates - Korea - Monthly - End of period,2017-12,1.5,A,Normal value,F,Free,
M,Monthly,KR,Korea,368,Per cent per year,0,Units,,,From 7 Mar 2008 onwards: Bank of Korea base rate; from 6 May 1999 to 6 Mar 2008: target overnight call rate(base rate). ,4,Four,Bank of Korea,The Bank of Korea base rate has been changed from the overnight call rate to 7 day repurchase agreements rate since Feb 2008., Central bank policy rates - Korea - Monthly - End of period,2018-01,1.5,A,Normal value,F,Free,
M,Monthly,KR,Korea,368,Per cent per year,0,Units,,,From 7 Mar 2008 onwards: Bank of Korea base rate; from 6 May 1999 to 6 Mar 2008: target overnight call rate(base rate). ,4,Four,Bank of Korea,The Bank of Korea base rate has been changed from the overnight call rate to 7 day repurchase agreements rate since Feb 2008., Central bank policy rates - Korea - Monthly - End of period,2018-02,1.5,A,Normal value,F,Free,
M,Monthly,KR,Korea,368,Per cent per year,0,Units,,,From 7 Mar 2008 onwards: Bank of Korea base rate; from 6 May 1999 to 6 Mar 2008: target overnight call rate(base rate). ,4,Four,Bank of Korea,The Bank of Korea base rate has been changed from the overnight call rate to 7 day repurchase agreements rate since Feb 2008., Central bank policy rates - Korea - Monthly - End of period,2018-03,1.5,A,Normal value,F,Free,
M,Monthly,KR,Korea,368,Per cent per year,0,Units,,,From 7 Mar 2008 onwards: Bank of Korea base rate; from 6 May 1999 to 6 Mar 2008: target overnight call rate(base rate). ,4,Four,Bank of Korea,The Bank of Korea base rate has been changed from the overnight call rate to 7 day repurchase agreements rate since Feb 2008., Central bank policy rates - Korea - Monthly - End of period,2018-04,1.5,A,Normal value,F,Free,
M,Monthly,KR,Korea,368,Per cent per year,0,Units,,,From 7 Mar 2008 onwards: Bank of Korea base rate; from 6 May 1999 to 6 Mar 2008: target overnight call rate(base rate). ,4,Four,Bank of Korea,The Bank of Korea base rate has been changed from the overnight call rate to 7 day repurchase agreements rate since Feb 2008., Central bank policy rates - Korea - Monthly - End of period,2018-05,1.5,A,Normal value,F,Free,
M,Monthly,KR,Korea,368,Per cent per year,0,Units,,,From 7 Mar 2008 onwards: Bank of Korea base rate; from 6 May 1999 to 6 Mar 2008: target overnight call rate(base rate). ,4,Four,Bank of Korea,The Bank of Korea base rate has been changed from the overnight call rate to 7 day repurchase agreements rate since Feb 2008., Central bank policy rates - Korea - Monthly - End of period,2018-06,1.5,A,Normal value,F,Free,
M,Monthly,KR,Korea,368,Per cent per year,0,Units,,,From 7 Mar 2008 onwards: Bank of Korea base rate; from 6 May 1999 to 6 Mar 2008: target overnight call rate(base rate). ,4,Four,Bank of Korea,The Bank of Korea base rate has been changed from the overnight call rate to 7 day repurchase agreements rate since Feb 2008., Central bank policy rates - Korea - Monthly - End of period,2018-07,1.5,A,Normal value,F,Free,
M,Monthly,KR,Korea,368,Per cent per year,0,Units,,,From 7 Mar 2008 onwards: Bank of Korea base rate; from 6 May 1999 to 6 Mar 2008: target overnight call rate(base rate). ,4,Four,Bank of Korea,The Bank of Korea base rate has been changed from the overnight call rate to 7 day repurchase agreements rate since Feb 2008., Central bank policy rates - Korea - Monthly - End of period,2018-08,1.5,A,Normal value,F,Free,
M,Monthly,KR,Korea,368,Per cent per year,0,Units,,,From 7 Mar 2008 onwards: Bank of Korea base rate; from 6 May 1999 to 6 Mar 2008: target overnight call rate(base rate). ,4,Four,Bank of Korea,The Bank of Korea base rate has been changed from the overnight call rate to 7 day repurchase agreements rate since Feb 2008., Central bank policy rates - Korea - Monthly - End of period,2018-09,1.5,A,Normal value,F,Free,
M,Monthly,KR,Korea,368,Per cent per year,0,Units,,,From 7 Mar 2008 onwards: Bank of Korea base rate; from 6 May 1999 to 6 Mar 2008: target overnight call rate(base rate). ,4,Four,Bank of Korea,The Bank of Korea base rate has been changed from the overnight call rate to 7 day repurchase agreements rate since Feb 2008., Central bank policy rates - Korea - Monthly - End of period,2018-10,1.5,A,Normal value,F,Free,
M,Monthly,KR,Korea,368,Per cent per year,0,Units,,,From 7 Mar 2008 onwards: Bank of Korea base rate; from 6 May 1999 to 6 Mar 2008: target overnight call rate(base rate). ,4,Four,Bank of Korea,The Bank of Korea base rate has been changed from the overnight call rate to 7 day repurchase agreements rate since Feb 2008., Central bank policy rates - Korea - Monthly - End of period,2018-11,1.75,A,Normal value,F,Free,
M,Monthly,KR,Korea,368,Per cent per year,0,Units,,,From 7 Mar 2008 onwards: Bank of Korea base rate; from 6 May 1999 to 6 Mar 2008: target overnight call rate(base rate). ,4,Four,Bank of Korea,The Bank of Korea base rate has been changed from the overnight call rate to 7 day repurchase agreements rate since Feb 2008., Central bank policy rates - Korea - Monthly - End of period,2018-12,1.75,A,Normal value,F,Free,
M,Monthly,KR,Korea,368,Per cent per year,0,Units,,,From 7 Mar 2008 onwards: Bank of Korea base rate; from 6 May 1999 to 6 Mar 2008: target overnight call rate(base rate). ,4,Four,Bank of Korea,The Bank of Korea base rate has been changed from the overnight call rate to 7 day repurchase agreements rate since Feb 2008., Central bank policy rates - Korea - Monthly - End of period,2019-01,1.75,A,Normal value,F,Free,
M,Monthly,KR,Korea,368,Per cent per year,0,Units,,,From 7 Mar 2008 onwards: Bank of Korea base rate; from 6 May 1999 to 6 Mar 2008: target overnight call rate(base rate). ,4,Four,Bank of Korea,The Bank of Korea base rate has been changed from the overnight call rate to 7 day repurchase agreements rate since Feb 2008., Central bank policy rates - Korea - Monthly - End of period,2019-02,1.75,A,Normal value,F,Free,
M,Monthly,KR,Korea,368,Per cent per year,0,Units,,,From 7 Mar 2008 onwards: Bank of Korea base rate; from 6 May 1999 to 6 Mar 2008: target overnight call rate(base rate). ,4,Four,Bank of Korea,The Bank of Korea base rate has been changed from the overnight call rate to 7 day repurchase agreements rate since Feb 2008., Central bank policy rates - Korea - Monthly - End of period,2019-03,1.75,A,Normal value,F,Free,
M,Monthly,KR,Korea,368,Per cent per year,0,Units,,,From 7 Mar 2008 onwards: Bank of Korea base rate; from 6 May 1999 to 6 Mar 2008: target overnight call rate(base rate). ,4,Four,Bank of Korea,The Bank of Korea base rate has been changed from the overnight call rate to 7 day repurchase agreements rate since Feb 2008., Central bank policy rates - Korea - Monthly - End of period,2019-04,1.75,A,Normal value,F,Free,
M,Monthly,KR,Korea,368,Per cent per year,0,Units,,,From 7 Mar 2008 onwards: Bank of Korea base rate; from 6 May 1999 to 6 Mar 2008: target overnight call rate(base rate). ,4,Four,Bank of Korea,The Bank of Korea base rate has been changed from the overnight call rate to 7 day repurchase agreements rate since Feb 2008., Central bank policy rates - Korea - Monthly - End of period,2019-05,1.75,A,Normal value,F,Free,
M,Monthly,KR,Korea,368,Per cent per year,0,Units,,,From 7 Mar 2008 onwards: Bank of Korea base rate; from 6 May 1999 to 6 Mar 2008: target overnight call rate(base rate). ,4,Four,Bank of Korea,The Bank of Korea base rate has been changed from the overnight call rate to 7 day repurchase agreements rate since Feb 2008., Central bank policy rates - Korea - Monthly - End of period,2019-06,1.75,A,Normal value,F,Free,
M,Monthly,KR,Korea,368,Per cent per year,0,Units,,,From 7 Mar 2008 onwards: Bank of Korea base rate; from 6 May 1999 to 6 Mar 2008: target overnight call rate(base rate). ,4,Four,Bank of Korea,The Bank of Korea base rate has been changed from the overnight call rate to 7 day repurchase agreements rate since Feb 2008., Central bank policy rates - Korea - Monthly - End of period,2019-07,1.5,A,Normal value,F,Free,
M,Monthly,KR,Korea,368,Per cent per year,0,Units,,,From 7 Mar 2008 onwards: Bank of Korea base rate; from 6 May 1999 to 6 Mar 2008: target overnight call rate(base rate). ,4,Four,Bank of Korea,The Bank of Korea base rate has been changed from the overnight call rate to 7 day repurchase agreements rate since Feb 2008., Central bank policy rates - Korea - Monthly - End of period,2019-08,1.5,A,Normal value,F,Free,
M,Monthly,KR,Korea,368,Per cent per year,0,Units,,,From 7 Mar 2008 onwards: Bank of Korea base rate; from 6 May 1999 to 6 Mar 2008: target overnight call rate(base rate). ,4,Four,Bank of Korea,The Bank of Korea base rate has been changed from the overnight call rate to 7 day repurchase agreements rate since Feb 2008., Central bank policy rates - Korea - Monthly - End of period,2019-09,1.5,A,Normal value,F,Free,
M,Monthly,KR,Korea,368,Per cent per year,0,Units,,,From 7 Mar 2008 onwards: Bank of Korea base rate; from 6 May 1999 to 6 Mar 2008: target overnight call rate(base rate). ,4,Four,Bank of Korea,The Bank of Korea base rate has been changed from the overnight call rate to 7 day repurchase agreements rate since Feb 2008., Central bank policy rates - Korea - Monthly - End of period,2019-10,1.25,A,Normal value,F,Free,
M,Monthly,KR,Korea,368,Per cent per year,0,Units,,,From 7 Mar 2008 onwards: Bank of Korea base rate; from 6 May 1999 to 6 Mar 2008: target overnight call rate(base rate). ,4,Four,Bank of Korea,The Bank of Korea base rate has been changed from the overnight call rate to 7 day repurchase agreements rate since Feb 2008., Central bank policy rates - Korea - Monthly - End of period,2019-11,1.25,A,Normal value,F,Free,
M,Monthly,KR,Korea,368,Per cent per year,0,Units,,,From 7 Mar 2008 onwards: Bank of Korea base rate; from 6 May 1999 to 6 Mar 2008: target overnight call rate(base rate). ,4,Four,Bank of Korea,The Bank of Korea base rate has been changed from the overnight call rate to 7 day repurchase agreements rate since Feb 2008., Central bank policy rates - Korea - Monthly - End of period,2019-12,1.25,A,Normal value,F,Free,
M,Monthly,KR,Korea,368,Per cent per year,0,Units,,,From 7 Mar 2008 onwards: Bank of Korea base rate; from 6 May 1999 to 6 Mar 2008: target overnight call rate(base rate). ,4,Four,Bank of Korea,The Bank of Korea base rate has been changed from the overnight call rate to 7 day repurchase agreements rate since Feb 2008., Central bank policy rates - Korea - Monthly - End of period,2020-01,1.25,A,Normal value,F,Free,
M,Monthly,KR,Korea,368,Per cent per year,0,Units,,,From 7 Mar 2008 onwards: Bank of Korea base rate; from 6 May 1999 to 6 Mar 2008: target overnight call rate(base rate). ,4,Four,Bank of Korea,The Bank of Korea base rate has been changed from the overnight call rate to 7 day repurchase agreements rate since Feb 2008., Central bank policy rates - Korea - Monthly - End of period,2020-02,1.25,A,Normal value,F,Free,
M,Monthly,KR,Korea,368,Per cent per year,0,Units,,,From 7 Mar 2008 onwards: Bank of Korea base rate; from 6 May 1999 to 6 Mar 2008: target overnight call rate(base rate). ,4,Four,Bank of Korea,The Bank of Korea base rate has been changed from the overnight call rate to 7 day repurchase agreements rate since Feb 2008., Central bank policy rates - Korea - Monthly - End of period,2020-03,0.75,A,Normal value,F,Free,
M,Monthly,KR,Korea,368,Per cent per year,0,Units,,,From 7 Mar 2008 onwards: Bank of Korea base rate; from 6 May 1999 to 6 Mar 2008: target overnight call rate(base rate). ,4,Four,Bank of Korea,The Bank of Korea base rate has been changed from the overnight call rate to 7 day repurchase agreements rate since Feb 2008., Central bank policy rates - Korea - Monthly - End of period,2020-04,0.75,A,Normal value,F,Free,
M,Monthly,KR,Korea,368,Per cent per year,0,Units,,,From 7 Mar 2008 onwards: Bank of Korea base rate; from 6 May 1999 to 6 Mar 2008: target overnight call rate(base rate). ,4,Four,Bank of Korea,The Bank of Korea base rate has been changed from the overnight call rate to 7 day repurchase agreements rate since Feb 2008., Central bank policy rates - Korea - Monthly - End of period,2020-05,0.5,A,Normal value,F,Free,
M,Monthly,KR,Korea,368,Per cent per year,0,Units,,,From 7 Mar 2008 onwards: Bank of Korea base rate; from 6 May 1999 to 6 Mar 2008: target overnight call rate(base rate). ,4,Four,Bank of Korea,The Bank of Korea base rate has been changed from the overnight call rate to 7 day repurchase agreements rate since Feb 2008., Central bank policy rates - Korea - Monthly - End of period,2020-06,0.5,A,Normal value,F,Free,
M,Monthly,KR,Korea,368,Per cent per year,0,Units,,,From 7 Mar 2008 onwards: Bank of Korea base rate; from 6 May 1999 to 6 Mar 2008: target overnight call rate(base rate). ,4,Four,Bank of Korea,The Bank of Korea base rate has been changed from the overnight call rate to 7 day repurchase agreements rate since Feb 2008., Central bank policy rates - Korea - Monthly - End of period,2020-07,0.5,A,Normal value,F,Free,
M,Monthly,KR,Korea,368,Per cent per year,0,Units,,,From 7 Mar 2008 onwards: Bank of Korea base rate; from 6 May 1999 to 6 Mar 2008: target overnight call rate(base rate). ,4,Four,Bank of Korea,The Bank of Korea base rate has been changed from the overnight call rate to 7 day repurchase agreements rate since Feb 2008., Central bank policy rates - Korea - Monthly - End of period,2020-08,0.5,A,Normal value,F,Free,
M,Monthly,KR,Korea,368,Per cent per year,0,Units,,,From 7 Mar 2008 onwards: Bank of Korea base rate; from 6 May 1999 to 6 Mar 2008: target overnight call rate(base rate). ,4,Four,Bank of Korea,The Bank of Korea base rate has been changed from the overnight call rate to 7 day repurchase agreements rate since Feb 2008., Central bank policy rates - Korea - Monthly - End of period,2020-09,0.5,A,Normal value,F,Free,
M,Monthly,KR,Korea,368,Per cent per year,0,Units,,,From 7 Mar 2008 onwards: Bank of Korea base rate; from 6 May 1999 to 6 Mar 2008: target overnight call rate(base rate). ,4,Four,Bank of Korea,The Bank of Korea base rate has been changed from the overnight call rate to 7 day repurchase agreements rate since Feb 2008., Central bank policy rates - Korea - Monthly - End of period,2020-10,0.5,A,Normal value,F,Free,
M,Monthly,KR,Korea,368,Per cent per year,0,Units,,,From 7 Mar 2008 onwards: Bank of Korea base rate; from 6 May 1999 to 6 Mar 2008: target overnight call rate(base rate). ,4,Four,Bank of Korea,The Bank of Korea base rate has been changed from the overnight call rate to 7 day repurchase agreements rate since Feb 2008., Central bank policy rates - Korea - Monthly - End of period,2020-11,0.5,A,Normal value,F,Free,
M,Monthly,KR,Korea,368,Per cent per year,0,Units,,,From 7 Mar 2008 onwards: Bank of Korea base rate; from 6 May 1999 to 6 Mar 2008: target overnight call rate(base rate). ,4,Four,Bank of Korea,The Bank of Korea base rate has been changed from the overnight call rate to 7 day repurchase agreements rate since Feb 2008., Central bank policy rates - Korea - Monthly - End of period,2020-12,0.5,A,Normal value,F,Free,
M,Monthly,KR,Korea,368,Per cent per year,0,Units,,,From 7 Mar 2008 onwards: Bank of Korea base rate; from 6 May 1999 to 6 Mar 2008: target overnight call rate(base rate). ,4,Four,Bank of Korea,The Bank of Korea base rate has been changed from the overnight call rate to 7 day repurchase agreements rate since Feb 2008., Central bank policy rates - Korea - Monthly - End of period,2021-01,0.5,A,Normal value,F,Free,
M,Monthly,KR,Korea,368,Per cent per year,0,Units,,,From 7 Mar 2008 onwards: Bank of Korea base rate; from 6 May 1999 to 6 Mar 2008: target overnight call rate(base rate). ,4,Four,Bank of Korea,The Bank of Korea base rate has been changed from the overnight call rate to 7 day repurchase agreements rate since Feb 2008., Central bank policy rates - Korea - Monthly - End of period,2021-02,0.5,A,Normal value,F,Free,
M,Monthly,KR,Korea,368,Per cent per year,0,Units,,,From 7 Mar 2008 onwards: Bank of Korea base rate; from 6 May 1999 to 6 Mar 2008: target overnight call rate(base rate). ,4,Four,Bank of Korea,The Bank of Korea base rate has been changed from the overnight call rate to 7 day repurchase agreements rate since Feb 2008., Central bank policy rates - Korea - Monthly - End of period,2021-03,0.5,A,Normal value,F,Free,
M,Monthly,KR,Korea,368,Per cent per year,0,Units,,,From 7 Mar 2008 onwards: Bank of Korea base rate; from 6 May 1999 to 6 Mar 2008: target overnight call rate(base rate). ,4,Four,Bank of Korea,The Bank of Korea base rate has been changed from the overnight call rate to 7 day repurchase agreements rate since Feb 2008., Central bank policy rates - Korea - Monthly - End of period,2021-04,0.5,A,Normal value,F,Free,
M,Monthly,KR,Korea,368,Per cent per year,0,Units,,,From 7 Mar 2008 onwards: Bank of Korea base rate; from 6 May 1999 to 6 Mar 2008: target overnight call rate(base rate). ,4,Four,Bank of Korea,The Bank of Korea base rate has been changed from the overnight call rate to 7 day repurchase agreements rate since Feb 2008., Central bank policy rates - Korea - Monthly - End of period,2021-05,0.5,A,Normal value,F,Free,
M,Monthly,KR,Korea,368,Per cent per year,0,Units,,,From 7 Mar 2008 onwards: Bank of Korea base rate; from 6 May 1999 to 6 Mar 2008: target overnight call rate(base rate). ,4,Four,Bank of Korea,The Bank of Korea base rate has been changed from the overnight call rate to 7 day repurchase agreements rate since Feb 2008., Central bank policy rates - Korea - Monthly - End of period,2021-06,0.5,A,Normal value,F,Free,
M,Monthly,KR,Korea,368,Per cent per year,0,Units,,,From 7 Mar 2008 onwards: Bank of Korea base rate; from 6 May 1999 to 6 Mar 2008: target overnight call rate(base rate). ,4,Four,Bank of Korea,The Bank of Korea base rate has been changed from the overnight call rate to 7 day repurchase agreements rate since Feb 2008., Central bank policy rates - Korea - Monthly - End of period,2021-07,0.5,A,Normal value,F,Free,
M,Monthly,KR,Korea,368,Per cent per year,0,Units,,,From 7 Mar 2008 onwards: Bank of Korea base rate; from 6 May 1999 to 6 Mar 2008: target overnight call rate(base rate). ,4,Four,Bank of Korea,The Bank of Korea base rate has been changed from the overnight call rate to 7 day repurchase agreements rate since Feb 2008., Central bank policy rates - Korea - Monthly - End of period,2021-08,0.75,A,Normal value,F,Free,
M,Monthly,KR,Korea,368,Per cent per year,0,Units,,,From 7 Mar 2008 onwards: Bank of Korea base rate; from 6 May 1999 to 6 Mar 2008: target overnight call rate(base rate). ,4,Four,Bank of Korea,The Bank of Korea base rate has been changed from the overnight call rate to 7 day repurchase agreements rate since Feb 2008., Central bank policy rates - Korea - Monthly - End of period,2021-09,0.75,A,Normal value,F,Free,
M,Monthly,KR,Korea,368,Per cent per year,0,Units,,,From 7 Mar 2008 onwards: Bank of Korea base rate; from 6 May 1999 to 6 Mar 2008: target overnight call rate(base rate). ,4,Four,Bank of Korea,The Bank of Korea base rate has been changed from the overnight call rate to 7 day repurchase agreements rate since Feb 2008., Central bank policy rates - Korea - Monthly - End of period,2021-10,0.75,A,Normal value,F,Free,
M,Monthly,KR,Korea,368,Per cent per year,0,Units,,,From 7 Mar 2008 onwards: Bank of Korea base rate; from 6 May 1999 to 6 Mar 2008: target overnight call rate(base rate). ,4,Four,Bank of Korea,The Bank of Korea base rate has been changed from the overnight call rate to 7 day repurchase agreements rate since Feb 2008., Central bank policy rates - Korea - Monthly - End of period,2021-11,1.0,A,Normal value,F,Free,
M,Monthly,KR,Korea,368,Per cent per year,0,Units,,,From 7 Mar 2008 onwards: Bank of Korea base rate; from 6 May 1999 to 6 Mar 2008: target overnight call rate(base rate). ,4,Four,Bank of Korea,The Bank of Korea base rate has been changed from the overnight call rate to 7 day repurchase agreements rate since Feb 2008., Central bank policy rates - Korea - Monthly - End of period,2021-12,1.0,A,Normal value,F,Free,
M,Monthly,KR,Korea,368,Per cent per year,0,Units,,,From 7 Mar 2008 onwards: Bank of Korea base rate; from 6 May 1999 to 6 Mar 2008: target overnight call rate(base rate). ,4,Four,Bank of Korea,The Bank of Korea base rate has been changed from the overnight call rate to 7 day repurchase agreements rate since Feb 2008., Central bank policy rates - Korea - Monthly - End of period,2022-01,1.25,A,Normal value,F,Free,
M,Monthly,KR,Korea,368,Per cent per year,0,Units,,,From 7 Mar 2008 onwards: Bank of Korea base rate; from 6 May 1999 to 6 Mar 2008: target overnight call rate(base rate). ,4,Four,Bank of Korea,The Bank of Korea base rate has been changed from the overnight call rate to 7 day repurchase agreements rate since Feb 2008., Central bank policy rates - Korea - Monthly - End of period,2022-02,1.25,A,Normal value,F,Free,
M,Monthly,KR,Korea,368,Per cent per year,0,Units,,,From 7 Mar 2008 onwards: Bank of Korea base rate; from 6 May 1999 to 6 Mar 2008: target overnight call rate(base rate). ,4,Four,Bank of Korea,The Bank of Korea base rate has been changed from the overnight call rate to 7 day repurchase agreements rate since Feb 2008., Central bank policy rates - Korea - Monthly - End of period,2022-03,1.25,A,Normal value,F,Free,
M,Monthly,KR,Korea,368,Per cent per year,0,Units,,,From 7 Mar 2008 onwards: Bank of Korea base rate; from 6 May 1999 to 6 Mar 2008: target overnight call rate(base rate). ,4,Four,Bank of Korea,The Bank of Korea base rate has been changed from the overnight call rate to 7 day repurchase agreements rate since Feb 2008., Central bank policy rates - Korea - Monthly - End of period,2022-04,1.5,A,Normal value,F,Free,
M,Monthly,KR,Korea,368,Per cent per year,0,Units,,,From 7 Mar 2008 onwards: Bank of Korea base rate; from 6 May 1999 to 6 Mar 2008: target overnight call rate(base rate). ,4,Four,Bank of Korea,The Bank of Korea base rate has been changed from the overnight call rate to 7 day repurchase agreements rate since Feb 2008., Central bank policy rates - Korea - Monthly - End of period,2022-05,1.75,A,Normal value,F,Free,
M,Monthly,KR,Korea,368,Per cent per year,0,Units,,,From 7 Mar 2008 onwards: Bank of Korea base rate; from 6 May 1999 to 6 Mar 2008: target overnight call rate(base rate). ,4,Four,Bank of Korea,The Bank of Korea base rate has been changed from the overnight call rate to 7 day repurchase agreements rate since Feb 2008., Central bank policy rates - Korea - Monthly - End of period,2022-06,1.75,A,Normal value,F,Free,
M,Monthly,KR,Korea,368,Per cent per year,0,Units,,,From 7 Mar 2008 onwards: Bank of Korea base rate; from 6 May 1999 to 6 Mar 2008: target overnight call rate(base rate). ,4,Four,Bank of Korea,The Bank of Korea base rate has been changed from the overnight call rate to 7 day repurchase agreements rate since Feb 2008., Central bank policy rates - Korea - Monthly - End of period,2022-07,2.25,A,Normal value,F,Free,
M,Monthly,KR,Korea,368,Per cent per year,0,Units,,,From 7 Mar 2008 onwards: Bank of Korea base rate; from 6 May 1999 to 6 Mar 2008: target overnight call rate(base rate). ,4,Four,Bank of Korea,The Bank of Korea base rate has been changed from the overnight call rate to 7 day repurchase agreements rate since Feb 2008., Central bank policy rates - Korea - Monthly - End of period,2022-08,2.5,A,Normal value,F,Free,
M,Monthly,KR,Korea,368,Per cent per year,0,Units,,,From 7 Mar 2008 onwards: Bank of Korea base rate; from 6 May 1999 to 6 Mar 2008: target overnight call rate(base rate). ,4,Four,Bank of Korea,The Bank of Korea base rate has been changed from the overnight call rate to 7 day repurchase agreements rate since Feb 2008., Central bank policy rates - Korea - Monthly - End of period,2022-09,2.5,A,Normal value,F,Free,
M,Monthly,KR,Korea,368,Per cent per year,0,Units,,,From 7 Mar 2008 onwards: Bank of Korea base rate; from 6 May 1999 to 6 Mar 2008: target overnight call rate(base rate). ,4,Four,Bank of Korea,The Bank of Korea base rate has been changed from the overnight call rate to 7 day repurchase agreements rate since Feb 2008., Central bank policy rates - Korea - Monthly - End of period,2022-10,3.0,A,Normal value,F,Free,
M,Monthly,KR,Korea,368,Per cent per year,0,Units,,,From 7 Mar 2008 onwards: Bank of Korea base rate; from 6 May 1999 to 6 Mar 2008: target overnight call rate(base rate). ,4,Four,Bank of Korea,The Bank of Korea base rate has been changed from the overnight call rate to 7 day repurchase agreements rate since Feb 2008., Central bank policy rates - Korea - Monthly - End of period,2022-11,3.25,A,Normal value,F,Free,
M,Monthly,KR,Korea,368,Per cent per year,0,Units,,,From 7 Mar 2008 onwards: Bank of Korea base rate; from 6 May 1999 to 6 Mar 2008: target overnight call rate(base rate). ,4,Four,Bank of Korea,The Bank of Korea base rate has been changed from the overnight call rate to 7 day repurchase agreements rate since Feb 2008., Central bank policy rates - Korea - Monthly - End of period,2022-12,3.25,A,Normal value,F,Free,
M,Monthly,KR,Korea,368,Per cent per year,0,Units,,,From 7 Mar 2008 onwards: Bank of Korea base rate; from 6 May 1999 to 6 Mar 2008: target overnight call rate(base rate). ,4,Four,Bank of Korea,The Bank of Korea base rate has been changed from the overnight call rate to 7 day repurchase agreements rate since Feb 2008., Central bank policy rates - Korea - Monthly - End of period,2023-01,3.5,A,Normal value,F,Free,
M,Monthly,KR,Korea,368,Per cent per year,0,Units,,,From 7 Mar 2008 onwards: Bank of Korea base rate; from 6 May 1999 to 6 Mar 2008: target overnight call rate(base rate). ,4,Four,Bank of Korea,The Bank of Korea base rate has been changed from the overnight call rate to 7 day repurchase agreements rate since Feb 2008., Central bank policy rates - Korea - Monthly - End of period,2023-02,3.5,A,Normal value,F,Free,
M,Monthly,KR,Korea,368,Per cent per year,0,Units,,,From 7 Mar 2008 onwards: Bank of Korea base rate; from 6 May 1999 to 6 Mar 2008: target overnight call rate(base rate). ,4,Four,Bank of Korea,The Bank of Korea base rate has been changed from the overnight call rate to 7 day repurchase agreements rate since Feb 2008., Central bank policy rates - Korea - Monthly - End of period,2023-03,3.5,A,Normal value,F,Free,
M,Monthly,KR,Korea,368,Per cent per year,0,Units,,,From 7 Mar 2008 onwards: Bank of Korea base rate; from 6 May 1999 to 6 Mar 2008: target overnight call rate(base rate). ,4,Four,Bank of Korea,The Bank of Korea base rate has been changed from the overnight call rate to 7 day repurchase agreements rate since Feb 2008., Central bank policy rates - Korea - Monthly - End of period,2023-04,3.5,A,Normal value,F,Free,
M,Monthly,KR,Korea,368,Per cent per year,0,Units,,,From 7 Mar 2008 onwards: Bank of Korea base rate; from 6 May 1999 to 6 Mar 2008: target overnight call rate(base rate). ,4,Four,Bank of Korea,The Bank of Korea base rate has been changed from the overnight call rate to 7 day repurchase agreements rate since Feb 2008., Central bank policy rates - Korea - Monthly - End of period,2023-05,3.5,A,Normal value,F,Free,
M,Monthly,KR,Korea,368,Per cent per year,0,Units,,,From 7 Mar 2008 onwards: Bank of Korea base rate; from 6 May 1999 to 6 Mar 2008: target overnight call rate(base rate). ,4,Four,Bank of Korea,The Bank of Korea base rate has been changed from the overnight call rate to 7 day repurchase agreements rate since Feb 2008., Central bank policy rates - Korea - Monthly - End of period,2023-06,3.5,A,Normal value,F,Free,
M,Monthly,KR,Korea,368,Per cent per year,0,Units,,,From 7 Mar 2008 onwards: Bank of Korea base rate; from 6 May 1999 to 6 Mar 2008: target overnight call rate(base rate). ,4,Four,Bank of Korea,The Bank of Korea base rate has been changed from the overnight call rate to 7 day repurchase agreements rate since Feb 2008., Central bank policy rates - Korea - Monthly - End of period,2023-07,3.5,A,Normal value,F,Free,
M,Monthly,KR,Korea,368,Per cent per year,0,Units,,,From 7 Mar 2008 onwards: Bank of Korea base rate; from 6 May 1999 to 6 Mar 2008: target overnight call rate(base rate). ,4,Four,Bank of Korea,The Bank of Korea base rate has been changed from the overnight call rate to 7 day repurchase agreements rate since Feb 2008., Central bank policy rates - Korea - Monthly - End of period,2023-08,3.5,A,Normal value,F,Free,
M,Monthly,KR,Korea,368,Per cent per year,0,Units,,,From 7 Mar 2008 onwards: Bank of Korea base rate; from 6 May 1999 to 6 Mar 2008: target overnight call rate(base rate). ,4,Four,Bank of Korea,The Bank of Korea base rate has been changed from the overnight call rate to 7 day repurchase agreements rate since Feb 2008., Central bank policy rates - Korea - Monthly - End of period,2023-09,3.5,A,Normal value,F,Free,
M,Monthly,KR,Korea,368,Per cent per year,0,Units,,,From 7 Mar 2008 onwards: Bank of Korea base rate; from 6 May 1999 to 6 Mar 2008: target overnight call rate(base rate). ,4,Four,Bank of Korea,The Bank of Korea base rate has been changed from the overnight call rate to 7 day repurchase agreements rate since Feb 2008., Central bank policy rates - Korea - Monthly - End of period,2023-10,3.5,A,Normal value,F,Free,
M,Monthly,KR,Korea,368,Per cent per year,0,Units,,,From 7 Mar 2008 onwards: Bank of Korea base rate; from 6 May 1999 to 6 Mar 2008: target overnight call rate(base rate). ,4,Four,Bank of Korea,The Bank of Korea base rate has been changed from the overnight call rate to 7 day repurchase agreements rate since Feb 2008., Central bank policy rates - Korea - Monthly - End of period,2023-11,3.5,A,Normal value,F,Free,
M,Monthly,KR,Korea,368,Per cent per year,0,Units,,,From 7 Mar 2008 onwards: Bank of Korea base rate; from 6 May 1999 to 6 Mar 2008: target overnight call rate(base rate). ,4,Four,Bank of Korea,The Bank of Korea base rate has been changed from the overnight call rate to 7 day repurchase agreements rate since Feb 2008., Central bank policy rates - Korea - Monthly - End of period,2023-12,3.5,A,Normal value,F,Free,
M,Monthly,KR,Korea,368,Per cent per year,0,Units,,,From 7 Mar 2008 onwards: Bank of Korea base rate; from 6 May 1999 to 6 Mar 2008: target overnight call rate(base rate). ,4,Four,Bank of Korea,The Bank of Korea base rate has been changed from the overnight call rate to 7 day repurchase agreements rate since Feb 2008., Central bank policy rates - Korea - Monthly - End of period,2024-01,3.5,A,Normal value,F,Free,
M,Monthly,KR,Korea,368,Per cent per year,0,Units,,,From 7 Mar 2008 onwards: Bank of Korea base rate; from 6 May 1999 to 6 Mar 2008: target overnight call rate(base rate). ,4,Four,Bank of Korea,The Bank of Korea base rate has been changed from the overnight call rate to 7 day repurchase agreements rate since Feb 2008., Central bank policy rates - Korea - Monthly - End of period,2024-02,3.5,A,Normal value,F,Free,
M,Monthly,KR,Korea,368,Per cent per year,0,Units,,,From 7 Mar 2008 onwards: Bank of Korea base rate; from 6 May 1999 to 6 Mar 2008: target overnight call rate(base rate). ,4,Four,Bank of Korea,The Bank of Korea base rate has been changed from the overnight call rate to 7 day repurchase agreements rate since Feb 2008., Central bank policy rates - Korea - Monthly - End of period,2024-03,3.5,A,Normal value,F,Free,
M,Monthly,KR,Korea,368,Per cent per year,0,Units,,,From 7 Mar 2008 onwards: Bank of Korea base rate; from 6 May 1999 to 6 Mar 2008: target overnight call rate(base rate). ,4,Four,Bank of Korea,The Bank of Korea base rate has been changed from the overnight call rate to 7 day repurchase agreements rate since Feb 2008., Central bank policy rates - Korea - Monthly - End of period,2024-04,3.5,A,Normal value,F,Free,
M,Monthly,KR,Korea,368,Per cent per year,0,Units,,,From 7 Mar 2008 onwards: Bank of Korea base rate; from 6 May 1999 to 6 Mar 2008: target overnight call rate(base rate). ,4,Four,Bank of Korea,The Bank of Korea base rate has been changed from the overnight call rate to 7 day repurchase agreements rate since Feb 2008., Central bank policy rates - Korea - Monthly - End of period,2024-05,3.5,A,Normal value,F,Free,
M,Monthly,KR,Korea,368,Per cent per year,0,Units,,,From 7 Mar 2008 onwards: Bank of Korea base rate; from 6 May 1999 to 6 Mar 2008: target overnight call rate(base rate). ,4,Four,Bank of Korea,The Bank of Korea base rate has been changed from the overnight call rate to 7 day repurchase agreements rate since Feb 2008., Central bank policy rates - Korea - Monthly - End of period,2024-06,3.5,A,Normal value,F,Free,
M,Monthly,KR,Korea,368,Per cent per year,0,Units,,,From 7 Mar 2008 onwards: Bank of Korea base rate; from 6 May 1999 to 6 Mar 2008: target overnight call rate(base rate). ,4,Four,Bank of Korea,The Bank of Korea base rate has been changed from the overnight call rate to 7 day repurchase agreements rate since Feb 2008., Central bank policy rates - Korea - Monthly - End of period,2024-07,3.5,A,Normal value,F,Free,
M,Monthly,KR,Korea,368,Per cent per year,0,Units,,,From 7 Mar 2008 onwards: Bank of Korea base rate; from 6 May 1999 to 6 Mar 2008: target overnight call rate(base rate). ,4,Four,Bank of Korea,The Bank of Korea base rate has been changed from the overnight call rate to 7 day repurchase agreements rate since Feb 2008., Central bank policy rates - Korea - Monthly - End of period,2024-08,3.5,A,Normal value,F,Free,
M,Monthly,KR,Korea,368,Per cent per year,0,Units,,,From 7 Mar 2008 onwards: Bank of Korea base rate; from 6 May 1999 to 6 Mar 2008: target overnight call rate(base rate). ,4,Four,Bank of Korea,The Bank of Korea base rate has been changed from the overnight call rate to 7 day repurchase agreements rate since Feb 2008., Central bank policy rates - Korea - Monthly - End of period,2024-09,3.5,A,Normal value,F,Free,
M,Monthly,KR,Korea,368,Per cent per year,0,Units,,,From 7 Mar 2008 onwards: Bank of Korea base rate; from 6 May 1999 to 6 Mar 2008: target overnight call rate(base rate). ,4,Four,Bank of Korea,The Bank of Korea base rate has been changed from the overnight call rate to 7 day repurchase agreements rate since Feb 2008., Central bank policy rates - Korea - Monthly - End of period,2024-10,3.25,A,Normal value,F,Free,
M,Monthly,KR,Korea,368,Per cent per year,0,Units,,,From 7 Mar 2008 onwards: Bank of Korea base rate; from 6 May 1999 to 6 Mar 2008: target overnight call rate(base rate). ,4,Four,Bank of Korea,The Bank of Korea base rate has been changed from the overnight call rate to 7 day repurchase agreements rate since Feb 2008., Central bank policy rates - Korea - Monthly - End of period,2024-11,3.0,A,Normal value,F,Free,
M,Monthly,KR,Korea,368,Per cent per year,0,Units,,,From 7 Mar 2008 onwards: Bank of Korea base rate; from 6 May 1999 to 6 Mar 2008: target overnight call rate(base rate). ,4,Four,Bank of Korea,The Bank of Korea base rate has been changed from the overnight call rate to 7 day repurchase agreements rate since Feb 2008., Central bank policy rates - Korea - Monthly - End of period,2024-12,3.0,A,Normal value,F,Free,
M,Monthly,KR,Korea,368,Per cent per year,0,Units,,,From 7 Mar 2008 onwards: Bank of Korea base rate; from 6 May 1999 to 6 Mar 2008: target overnight call rate(base rate). ,4,Four,Bank of Korea,The Bank of Korea base rate has been changed from the overnight call rate to 7 day repurchase agreements rate since Feb 2008., Central bank policy rates - Korea - Monthly - End of period,2025-01,3.0,A,Normal value,F,Free,
M,Monthly,KR,Korea,368,Per cent per year,0,Units,,,From 7 Mar 2008 onwards: Bank of Korea base rate; from 6 May 1999 to 6 Mar 2008: target overnight call rate(base rate). ,4,Four,Bank of Korea,The Bank of Korea base rate has been changed from the overnight call rate to 7 day repurchase agreements rate since Feb 2008., Central bank policy rates - Korea - Monthly - End of period,2025-02,2.75,A,Normal value,F,Free,
M,Monthly,KR,Korea,368,Per cent per year,0,Units,,,From 7 Mar 2008 onwards: Bank of Korea base rate; from 6 May 1999 to 6 Mar 2008: target overnight call rate(base rate). ,4,Four,Bank of Korea,The Bank of Korea base rate has been changed from the overnight call rate to 7 day repurchase agreements rate since Feb 2008., Central bank policy rates - Korea - Monthly - End of period,2025-03,2.75,A,Normal value,F,Free,
M,Monthly,KR,Korea,368,Per cent per year,0,Units,,,From 7 Mar 2008 onwards: Bank of Korea base rate; from 6 May 1999 to 6 Mar 2008: target overnight call rate(base rate). ,4,Four,Bank of Korea,The Bank of Korea base rate has been changed from the overnight call rate to 7 day repurchase agreements rate since Feb 2008., Central bank policy rates - Korea - Monthly - End of period,2025-04,2.75,A,Normal value,F,Free,
M,Monthly,KR,Korea,368,Per cent per year,0,Units,,,From 7 Mar 2008 onwards: Bank of Korea base rate; from 6 May 1999 to 6 Mar 2008: target overnight call rate(base rate). ,4,Four,Bank of Korea,The Bank of Korea base rate has been changed from the overnight call rate to 7 day repurchase agreements rate since Feb 2008., Central bank policy rates - Korea - Monthly - End of period,2025-05,2.5,A,Normal value,F,Free,
M,Monthly,KR,Korea,368,Per cent per year,0,Units,,,From 7 Mar 2008 onwards: Bank of Korea base rate; from 6 May 1999 to 6 Mar 2008: target overnight call rate(base rate). ,4,Four,Bank of Korea,The Bank of Korea base rate has been changed from the overnight call rate to 7 day repurchase agreements rate since Feb 2008., Central bank policy rates - Korea - Monthly - End of period,2025-06,2.5,A,Normal value,F,Free,
M,Monthly,KR,Korea,368,Per cent per year,0,Units,,,From 7 Mar 2008 onwards: Bank of Korea base rate; from 6 May 1999 to 6 Mar 2008: target overnight call rate(base rate). ,4,Four,Bank of Korea,The Bank of Korea base rate has been changed from the overnight call rate to 7 day repurchase agreements rate since Feb 2008., Central bank policy rates - Korea - Monthly - End of period,2025-07,2.5,A,Normal value,F,Free,
M,Monthly,KR,Korea,368,Per cent per year,0,Units,,,From 7 Mar 2008 onwards: Bank of Korea base rate; from 6 May 1999 to 6 Mar 2008: target overnight call rate(base rate). ,4,Four,Bank of Korea,The Bank of Korea base rate has been changed from the overnight call rate to 7 day repurchase agreements rate since Feb 2008., Central bank policy rates - Korea - Monthly - End of period,2025-08,2.5,A,Normal value,F,Free,
M,Monthly,KR,Korea,368,Per cent per year,0,Units,,,From 7 Mar 2008 onwards: Bank of Korea base rate; from 6 May 1999 to 6 Mar 2008: target overnight call rate(base rate). ,4,Four,Bank of Korea,The Bank of Korea base rate has been changed from the overnight call rate to 7 day repurchase agreements rate since Feb 2008., Central bank policy rates - Korea - Monthly - End of period,2025-09,2.5,A,Normal value,F,Free,
M,Monthly,KR,Korea,368,Per cent per year,0,Units,,,From 7 Mar 2008 onwards: Bank of Korea base rate; from 6 May 1999 to 6 Mar 2008: target overnight call rate(base rate). ,4,Four,Bank of Korea,The Bank of Korea base rate has been changed from the overnight call rate to 7 day repurchase agreements rate since Feb 2008., Central bank policy rates - Korea - Monthly - End of period,2025-10,2.5,A,Normal value,F,Free,
M,Monthly,KR,Korea,368,Per cent per year,0,Units,,,From 7 Mar 2008 onwards: Bank of Korea base rate; from 6 May 1999 to 6 Mar 2008: target overnight call rate(base rate). ,4,Four,Bank of Korea,The Bank of Korea base rate has been changed from the overnight call rate to 7 day repurchase agreements rate since Feb 2008., Central bank policy rates - Korea - Monthly - End of period,2025-11,2.5,A,Normal value,F,Free,
M,Monthly,KR,Korea,368,Per cent per year,0,Units,,,From 7 Mar 2008 onwards: Bank of Korea base rate; from 6 May 1999 to 6 Mar 2008: target overnight call rate(base rate). ,4,Four,Bank of Korea,The Bank of Korea base rate has been changed from the overnight call rate to 7 day repurchase agreements rate since Feb 2008., Central bank policy rates - Korea - Monthly - End of period,2025-12,2.5,A,Normal value,F,Free,
M,Monthly,US,United States,368,Per cent per year,0,Units,,,From 19 Dec 1985 onwards: mid-point of the Federal Reserve target rate; from 1 Jul 1954 to 18 Dec 1985: US Fed Funds effective rate.,4,Four,US Federal Reserve System,, Central bank policy rates - United States - Monthly - End of period,2016-01,0.375,A,Normal value,F,Free,
M,Monthly,US,United States,368,Per cent per year,0,Units,,,From 19 Dec 1985 onwards: mid-point of the Federal Reserve target rate; from 1 Jul 1954 to 18 Dec 1985: US Fed Funds effective rate.,4,Four,US Federal Reserve System,, Central bank policy rates - United States - Monthly - End of period,2016-02,0.375,A,Normal value,F,Free,
M,Monthly,US,United States,368,Per cent per year,0,Units,,,From 19 Dec 1985 onwards: mid-point of the Federal Reserve target rate; from 1 Jul 1954 to 18 Dec 1985: US Fed Funds effective rate.,4,Four,US Federal Reserve System,, Central bank policy rates - United States - Monthly - End of period,2016-03,0.375,A,Normal value,F,Free,
M,Monthly,US,United States,368,Per cent per year,0,Units,,,From 19 Dec 1985 onwards: mid-point of the Federal Reserve target rate; from 1 Jul 1954 to 18 Dec 1985: US Fed Funds effective rate.,4,Four,US Federal Reserve System,, Central bank policy rates - United States - Monthly - End of period,2016-04,0.375,A,Normal value,F,Free,
M,Monthly,US,United States,368,Per cent per year,0,Units,,,From 19 Dec 1985 onwards: mid-point of the Federal Reserve target rate; from 1 Jul 1954 to 18 Dec 1985: US Fed Funds effective rate.,4,Four,US Federal Reserve System,, Central bank policy rates - United States - Monthly - End of period,2016-05,0.375,A,Normal value,F,Free,
M,Monthly,US,United States,368,Per cent per year,0,Units,,,From 19 Dec 1985 onwards: mid-point of the Federal Reserve target rate; from 1 Jul 1954 to 18 Dec 1985: US Fed Funds effective rate.,4,Four,US Federal Reserve System,, Central bank policy rates - United States - Monthly - End of period,2016-06,0.375,A,Normal value,F,Free,
M,Monthly,US,United States,368,Per cent per year,0,Units,,,From 19 Dec 1985 onwards: mid-point of the Federal Reserve target rate; from 1 Jul 1954 to 18 Dec 1985: US Fed Funds effective rate.,4,Four,US Federal Reserve System,, Central bank policy rates - United States - Monthly - End of period,2016-07,0.375,A,Normal value,F,Free,
M,Monthly,US,United States,368,Per cent per year,0,Units,,,From 19 Dec 1985 onwards: mid-point of the Federal Reserve target rate; from 1 Jul 1954 to 18 Dec 1985: US Fed Funds effective rate.,4,Four,US Federal Reserve System,, Central bank policy rates - United States - Monthly - End of period,2016-08,0.375,A,Normal value,F,Free,
M,Monthly,US,United States,368,Per cent per year,0,Units,,,From 19 Dec 1985 onwards: mid-point of the Federal Reserve target rate; from 1 Jul 1954 to 18 Dec 1985: US Fed Funds effective rate.,4,Four,US Federal Reserve System,, Central bank policy rates - United States - Monthly - End of period,2016-09,0.375,A,Normal value,F,Free,
M,Monthly,US,United States,368,Per cent per year,0,Units,,,From 19 Dec 1985 onwards: mid-point of the Federal Reserve target rate; from 1 Jul 1954 to 18 Dec 1985: US Fed Funds effective rate.,4,Four,US Federal Reserve System,, Central bank policy rates - United States - Monthly - End of period,2016-10,0.375,A,Normal value,F,Free,
M,Monthly,US,United States,368,Per cent per year,0,Units,,,From 19 Dec 1985 onwards: mid-point of the Federal Reserve target rate; from 1 Jul 1954 to 18 Dec 1985: US Fed Funds effective rate.,4,Four,US Federal Reserve System,, Central bank policy rates - United States - Monthly - End of period,2016-11,0.375,A,Normal value,F,Free,
M,Monthly,US,United States,368,Per cent per year,0,Units,,,From 19 Dec 1985 onwards: mid-point of the Federal Reserve target rate; from 1 Jul 1954 to 18 Dec 1985: US Fed Funds effective rate.,4,Four,US Federal Reserve System,, Central bank policy rates - United States - Monthly - End of period,2016-12,0.625,A,Normal value,F,Free,
M,Monthly,US,United States,368,Per cent per year,0,Units,,,From 19 Dec 1985 onwards: mid-point of the Federal Reserve target rate; from 1 Jul 1954 to 18 Dec 1985: US Fed Funds effective rate.,4,Four,US Federal Reserve System,, Central bank policy rates - United States - Monthly - End of period,2017-01,0.625,A,Normal value,F,Free,
M,Monthly,US,United States,368,Per cent per year,0,Units,,,From 19 Dec 1985 onwards: mid-point of the Federal Reserve target rate; from 1 Jul 1954 to 18 Dec 1985: US Fed Funds effective rate.,4,Four,US Federal Reserve System,, Central bank policy rates - United States - Monthly - End of period,2017-02,0.625,A,Normal value,F,Free,
M,Monthly,US,United States,368,Per cent per year,0,Units,,,From 19 Dec 1985 onwards: mid-point of the Federal Reserve target rate; from 1 Jul 1954 to 18 Dec 1985: US Fed Funds effective rate.,4,Four,US Federal Reserve System,, Central bank policy rates - United States - Monthly - End of period,2017-03,0.875,A,Normal value,F,Free,
M,Monthly,US,United States,368,Per cent per year,0,Units,,,From 19 Dec 1985 onwards: mid-point of the Federal Reserve target rate; from 1 Jul 1954 to 18 Dec 1985: US Fed Funds effective rate.,4,Four,US Federal Reserve System,, Central bank policy rates - United States - Monthly - End of period,2017-04,0.875,A,Normal value,F,Free,
M,Monthly,US,United States,368,Per cent per year,0,Units,,,From 19 Dec 1985 onwards: mid-point of the Federal Reserve target rate; from 1 Jul 1954 to 18 Dec 1985: US Fed Funds effective rate.,4,Four,US Federal Reserve System,, Central bank policy rates - United States - Monthly - End of period,2017-05,0.875,A,Normal value,F,Free,
M,Monthly,US,United States,368,Per cent per year,0,Units,,,From 19 Dec 1985 onwards: mid-point of the Federal Reserve target rate; from 1 Jul 1954 to 18 Dec 1985: US Fed Funds effective rate.,4,Four,US Federal Reserve System,, Central bank policy rates - United States - Monthly - End of period,2017-06,1.125,A,Normal value,F,Free,
M,Monthly,US,United States,368,Per cent per year,0,Units,,,From 19 Dec 1985 onwards: mid-point of the Federal Reserve target rate; from 1 Jul 1954 to 18 Dec 1985: US Fed Funds effective rate.,4,Four,US Federal Reserve System,, Central bank policy rates - United States - Monthly - End of period,2017-07,1.125,A,Normal value,F,Free,
M,Monthly,US,United States,368,Per cent per year,0,Units,,,From 19 Dec 1985 onwards: mid-point of the Federal Reserve target rate; from 1 Jul 1954 to 18 Dec 1985: US Fed Funds effective rate.,4,Four,US Federal Reserve System,, Central bank policy rates - United States - Monthly - End of period,2017-08,1.125,A,Normal value,F,Free,
M,Monthly,US,United States,368,Per cent per year,0,Units,,,From 19 Dec 1985 onwards: mid-point of the Federal Reserve target rate; from 1 Jul 1954 to 18 Dec 1985: US Fed Funds effective rate.,4,Four,US Federal Reserve System,, Central bank policy rates - United States - Monthly - End of period,2017-09,1.125,A,Normal value,F,Free,
M,Monthly,US,United States,368,Per cent per year,0,Units,,,From 19 Dec 1985 onwards: mid-point of the Federal Reserve target rate; from 1 Jul 1954 to 18 Dec 1985: US Fed Funds effective rate.,4,Four,US Federal Reserve System,, Central bank policy rates - United States - Monthly - End of period,2017-10,1.125,A,Normal value,F,Free,
M,Monthly,US,United States,368,Per cent per year,0,Units,,,From 19 Dec 1985 onwards: mid-point of the Federal Reserve target rate; from 1 Jul 1954 to 18 Dec 1985: US Fed Funds effective rate.,4,Four,US Federal Reserve System,, Central bank policy rates - United States - Monthly - End of period,2017-11,1.125,A,Normal value,F,Free,
M,Monthly,US,United States,368,Per cent per year,0,Units,,,From 19 Dec 1985 onwards: mid-point of the Federal Reserve target rate; from 1 Jul 1954 to 18 Dec 1985: US Fed Funds effective rate.,4,Four,US Federal Reserve System,, Central bank policy rates - United States - Monthly - End of period,2017-12,1.375,A,Normal value,F,Free,
M,Monthly,US,United States,368,Per cent per year,0,Units,,,From 19 Dec 1985 onwards: mid-point of the Federal Reserve target rate; from 1 Jul 1954 to 18 Dec 1985: US Fed Funds effective rate.,4,Four,US Federal Reserve System,, Central bank policy rates - United States - Monthly - End of period,2018-01,1.375,A,Normal value,F,Free,
M,Monthly,US,United States,368,Per cent per year,0,Units,,,From 19 Dec 1985 onwards: mid-point of the Federal Reserve target rate; from 1 Jul 1954 to 18 Dec 1985: US Fed Funds effective rate.,4,Four,US Federal Reserve System,, Central bank policy rates - United States - Monthly - End of period,2018-02,1.375,A,Normal value,F,Free,
M,Monthly,US,United States,368,Per cent per year,0,Units,,,From 19 Dec 1985 onwards: mid-point of the Federal Reserve target rate; from 1 Jul 1954 to 18 Dec 1985: US Fed Funds effective rate.,4,Four,US Federal Reserve System,, Central bank policy rates - United States - Monthly - End of period,2018-03,1.625,A,Normal value,F,Free,
M,Monthly,US,United States,368,Per cent per year,0,Units,,,From 19 Dec 1985 onwards: mid-point of the Federal Reserve target rate; from 1 Jul 1954 to 18 Dec 1985: US Fed Funds effective rate.,4,Four,US Federal Reserve System,, Central bank policy rates - United States - Monthly - End of period,2018-04,1.625,A,Normal value,F,Free,
M,Monthly,US,United States,368,Per cent per year,0,Units,,,From 19 Dec 1985 onwards: mid-point of the Federal Reserve target rate; from 1 Jul 1954 to 18 Dec 1985: US Fed Funds effective rate.,4,Four,US Federal Reserve System,, Central bank policy rates - United States - Monthly - End of period,2018-05,1.625,A,Normal value,F,Free,
M,Monthly,US,United States,368,Per cent per year,0,Units,,,From 19 Dec 1985 onwards: mid-point of the Federal Reserve target rate; from 1 Jul 1954 to 18 Dec 1985: US Fed Funds effective rate.,4,Four,US Federal Reserve System,, Central bank policy rates - United States - Monthly - End of period,2018-06,1.875,A,Normal value,F,Free,
M,Monthly,US,United States,368,Per cent per year,0,Units,,,From 19 Dec 1985 onwards: mid-point of the Federal Reserve target rate; from 1 Jul 1954 to 18 Dec 1985: US Fed Funds effective rate.,4,Four,US Federal Reserve System,, Central bank policy rates - United States - Monthly - End of period,2018-07,1.875,A,Normal value,F,Free,
M,Monthly,US,United States,368,Per cent per year,0,Units,,,From 19 Dec 1985 onwards: mid-point of the Federal Reserve target rate; from 1 Jul 1954 to 18 Dec 1985: US Fed Funds effective rate.,4,Four,US Federal Reserve System,, Central bank policy rates - United States - Monthly - End of period,2018-08,1.875,A,Normal value,F,Free,
M,Monthly,US,United States,368,Per cent per year,0,Units,,,From 19 Dec 1985 onwards: mid-point of the Federal Reserve target rate; from 1 Jul 1954 to 18 Dec 1985: US Fed Funds effective rate.,4,Four,US Federal Reserve System,, Central bank policy rates - United States - Monthly - End of period,2018-09,2.125,A,Normal value,F,Free,
M,Monthly,US,United States,368,Per cent per year,0,Units,,,From 19 Dec 1985 onwards: mid-point of the Federal Reserve target rate; from 1 Jul 1954 to 18 Dec 1985: US Fed Funds effective rate.,4,Four,US Federal Reserve System,, Central bank policy rates - United States - Monthly - End of period,2018-10,2.125,A,Normal value,F,Free,
M,Monthly,US,United States,368,Per cent per year,0,Units,,,From 19 Dec 1985 onwards: mid-point of the Federal Reserve target rate; from 1 Jul 1954 to 18 Dec 1985: US Fed Funds effective rate.,4,Four,US Federal Reserve System,, Central bank policy rates - United States - Monthly - End of period,2018-11,2.125,A,Normal value,F,Free,
M,Monthly,US,United States,368,Per cent per year,0,Units,,,From 19 Dec 1985 onwards: mid-point of the Federal Reserve target rate; from 1 Jul 1954 to 18 Dec 1985: US Fed Funds effective rate.,4,Four,US Federal Reserve System,, Central bank policy rates - United States - Monthly - End of period,2018-12,2.375,A,Normal value,F,Free,
M,Monthly,US,United States,368,Per cent per year,0,Units,,,From 19 Dec 1985 onwards: mid-point of the Federal Reserve target rate; from 1 Jul 1954 to 18 Dec 1985: US Fed Funds effective rate.,4,Four,US Federal Reserve System,, Central bank policy rates - United States - Monthly - End of period,2019-01,2.375,A,Normal value,F,Free,
M,Monthly,US,United States,368,Per cent per year,0,Units,,,From 19 Dec 1985 onwards: mid-point of the Federal Reserve target rate; from 1 Jul 1954 to 18 Dec 1985: US Fed Funds effective rate.,4,Four,US Federal Reserve System,, Central bank policy rates - United States - Monthly - End of period,2019-02,2.375,A,Normal value,F,Free,
M,Monthly,US,United States,368,Per cent per year,0,Units,,,From 19 Dec 1985 onwards: mid-point of the Federal Reserve target rate; from 1 Jul 1954 to 18 Dec 1985: US Fed Funds effective rate.,4,Four,US Federal Reserve System,, Central bank policy rates - United States - Monthly - End of period,2019-03,2.375,A,Normal value,F,Free,
M,Monthly,US,United States,368,Per cent per year,0,Units,,,From 19 Dec 1985 onwards: mid-point of the Federal Reserve target rate; from 1 Jul 1954 to 18 Dec 1985: US Fed Funds effective rate.,4,Four,US Federal Reserve System,, Central bank policy rates - United States - Monthly - End of period,2019-04,2.375,A,Normal value,F,Free,
M,Monthly,US,United States,368,Per cent per year,0,Units,,,From 19 Dec 1985 onwards: mid-point of the Federal Reserve target rate; from 1 Jul 1954 to 18 Dec 1985: US Fed Funds effective rate.,4,Four,US Federal Reserve System,, Central bank policy rates - United States - Monthly - End of period,2019-05,2.375,A,Normal value,F,Free,
M,Monthly,US,United States,368,Per cent per year,0,Units,,,From 19 Dec 1985 onwards: mid-point of the Federal Reserve target rate; from 1 Jul 1954 to 18 Dec 1985: US Fed Funds effective rate.,4,Four,US Federal Reserve System,, Central bank policy rates - United States - Monthly - End of period,2019-06,2.375,A,Normal value,F,Free,
M,Monthly,US,United States,368,Per cent per year,0,Units,,,From 19 Dec 1985 onwards: mid-point of the Federal Reserve target rate; from 1 Jul 1954 to 18 Dec 1985: US Fed Funds effective rate.,4,Four,US Federal Reserve System,, Central bank policy rates - United States - Monthly - End of period,2019-07,2.375,A,Normal value,F,Free,
M,Monthly,US,United States,368,Per cent per year,0,Units,,,From 19 Dec 1985 onwards: mid-point of the Federal Reserve target rate; from 1 Jul 1954 to 18 Dec 1985: US Fed Funds effective rate.,4,Four,US Federal Reserve System,, Central bank policy rates - United States - Monthly - End of period,2019-08,2.125,A,Normal value,F,Free,
M,Monthly,US,United States,368,Per cent per year,0,Units,,,From 19 Dec 1985 onwards: mid-point of the Federal Reserve target rate; from 1 Jul 1954 to 18 Dec 1985: US Fed Funds effective rate.,4,Four,US Federal Reserve System,, Central bank policy rates - United States - Monthly - End of period,2019-09,1.875,A,Normal value,F,Free,
M,Monthly,US,United States,368,Per cent per year,0,Units,,,From 19 Dec 1985 onwards: mid-point of the Federal Reserve target rate; from 1 Jul 1954 to 18 Dec 1985: US Fed Funds effective rate.,4,Four,US Federal Reserve System,, Central bank policy rates - United States - Monthly - End of period,2019-10,1.625,A,Normal value,F,Free,
M,Monthly,US,United States,368,Per cent per year,0,Units,,,From 19 Dec 1985 onwards: mid-point of the Federal Reserve target rate; from 1 Jul 1954 to 18 Dec 1985: US Fed Funds effective rate.,4,Four,US Federal Reserve System,, Central bank policy rates - United States - Monthly - End of period,2019-11,1.625,A,Normal value,F,Free,
M,Monthly,US,United States,368,Per cent per year,0,Units,,,From 19 Dec 1985 onwards: mid-point of the Federal Reserve target rate; from 1 Jul 1954 to 18 Dec 1985: US Fed Funds effective rate.,4,Four,US Federal Reserve System,, Central bank policy rates - United States - Monthly - End of period,2019-12,1.625,A,Normal value,F,Free,
M,Monthly,US,United States,368,Per cent per year,0,Units,,,From 19 Dec 1985 onwards: mid-point of the Federal Reserve target rate; from 1 Jul 1954 to 18 Dec 1985: US Fed Funds effective rate.,4,Four,US Federal Reserve System,, Central bank policy rates - United States - Monthly - End of period,2020-01,1.625,A,Normal value,F,Free,
M,Monthly,US,United States,368,Per cent per year,0,Units,,,From 19 Dec 1985 onwards: mid-point of the Federal Reserve target rate; from 1 Jul 1954 to 18 Dec 1985: US Fed Funds effective rate.,4,Four,US Federal Reserve System,, Central bank policy rates - United States - Monthly - End of period,2020-02,1.625,A,Normal value,F,Free,
M,Monthly,US,United States,368,Per cent per year,0,Units,,,From 19 Dec 1985 onwards: mid-point of the Federal Reserve target rate; from 1 Jul 1954 to 18 Dec 1985: US Fed Funds effective rate.,4,Four,US Federal Reserve System,, Central bank policy rates - United States - Monthly - End of period,2020-03,0.125,A,Normal value,F,Free,
M,Monthly,US,United States,368,Per cent per year,0,Units,,,From 19 Dec 1985 onwards: mid-point of the Federal Reserve target rate; from 1 Jul 1954 to 18 Dec 1985: US Fed Funds effective rate.,4,Four,US Federal Reserve System,, Central bank policy rates - United States - Monthly - End of period,2020-04,0.125,A,Normal value,F,Free,
M,Monthly,US,United States,368,Per cent per year,0,Units,,,From 19 Dec 1985 onwards: mid-point of the Federal Reserve target rate; from 1 Jul 1954 to 18 Dec 1985: US Fed Funds effective rate.,4,Four,US Federal Reserve System,, Central bank policy rates - United States - Monthly - End of period,2020-05,0.125,A,Normal value,F,Free,
M,Monthly,US,United States,368,Per cent per year,0,Units,,,From 19 Dec 1985 onwards: mid-point of the Federal Reserve target rate; from 1 Jul 1954 to 18 Dec 1985: US Fed Funds effective rate.,4,Four,US Federal Reserve System,, Central bank policy rates - United States - Monthly - End of period,2020-06,0.125,A,Normal value,F,Free,
M,Monthly,US,United States,368,Per cent per year,0,Units,,,From 19 Dec 1985 onwards: mid-point of the Federal Reserve target rate; from 1 Jul 1954 to 18 Dec 1985: US Fed Funds effective rate.,4,Four,US Federal Reserve System,, Central bank policy rates - United States - Monthly - End of period,2020-07,0.125,A,Normal value,F,Free,
M,Monthly,US,United States,368,Per cent per year,0,Units,,,From 19 Dec 1985 onwards: mid-point of the Federal Reserve target rate; from 1 Jul 1954 to 18 Dec 1985: US Fed Funds effective rate.,4,Four,US Federal Reserve System,, Central bank policy rates - United States - Monthly - End of period,2020-08,0.125,A,Normal value,F,Free,
M,Monthly,US,United States,368,Per cent per year,0,Units,,,From 19 Dec 1985 onwards: mid-point of the Federal Reserve target rate; from 1 Jul 1954 to 18 Dec 1985: US Fed Funds effective rate.,4,Four,US Federal Reserve System,, Central bank policy rates - United States - Monthly - End of period,2020-09,0.125,A,Normal value,F,Free,
M,Monthly,US,United States,368,Per cent per year,0,Units,,,From 19 Dec 1985 onwards: mid-point of the Federal Reserve target rate; from 1 Jul 1954 to 18 Dec 1985: US Fed Funds effective rate.,4,Four,US Federal Reserve System,, Central bank policy rates - United States - Monthly - End of period,2020-10,0.125,A,Normal value,F,Free,
M,Monthly,US,United States,368,Per cent per year,0,Units,,,From 19 Dec 1985 onwards: mid-point of the Federal Reserve target rate; from 1 Jul 1954 to 18 Dec 1985: US Fed Funds effective rate.,4,Four,US Federal Reserve System,, Central bank policy rates - United States - Monthly - End of period,2020-11,0.125,A,Normal value,F,Free,
M,Monthly,US,United States,368,Per cent per year,0,Units,,,From 19 Dec 1985 onwards: mid-point of the Federal Reserve target rate; from 1 Jul 1954 to 18 Dec 1985: US Fed Funds effective rate.,4,Four,US Federal Reserve System,, Central bank policy rates - United States - Monthly - End of period,2020-12,0.125,A,Normal value,F,Free,
M,Monthly,US,United States,368,Per cent per year,0,Units,,,From 19 Dec 1985 onwards: mid-point of the Federal Reserve target rate; from 1 Jul 1954 to 18 Dec 1985: US Fed Funds effective rate.,4,Four,US Federal Reserve System,, Central bank policy rates - United States - Monthly - End of period,2021-01,0.125,A,Normal value,F,Free,
M,Monthly,US,United States,368,Per cent per year,0,Units,,,From 19 Dec 1985 onwards: mid-point of the Federal Reserve target rate; from 1 Jul 1954 to 18 Dec 1985: US Fed Funds effective rate.,4,Four,US Federal Reserve System,, Central bank policy rates - United States - Monthly - End of period,2021-02,0.125,A,Normal value,F,Free,
M,Monthly,US,United States,368,Per cent per year,0,Units,,,From 19 Dec 1985 onwards: mid-point of the Federal Reserve target rate; from 1 Jul 1954 to 18 Dec 1985: US Fed Funds effective rate.,4,Four,US Federal Reserve System,, Central bank policy rates - United States - Monthly - End of period,2021-03,0.125,A,Normal value,F,Free,
M,Monthly,US,United States,368,Per cent per year,0,Units,,,From 19 Dec 1985 onwards: mid-point of the Federal Reserve target rate; from 1 Jul 1954 to 18 Dec 1985: US Fed Funds effective rate.,4,Four,US Federal Reserve System,, Central bank policy rates - United States - Monthly - End of period,2021-04,0.125,A,Normal value,F,Free,
M,Monthly,US,United States,368,Per cent per year,0,Units,,,From 19 Dec 1985 onwards: mid-point of the Federal Reserve target rate; from 1 Jul 1954 to 18 Dec 1985: US Fed Funds effective rate.,4,Four,US Federal Reserve System,, Central bank policy rates - United States - Monthly - End of period,2021-05,0.125,A,Normal value,F,Free,
M,Monthly,US,United States,368,Per cent per year,0,Units,,,From 19 Dec 1985 onwards: mid-point of the Federal Reserve target rate; from 1 Jul 1954 to 18 Dec 1985: US Fed Funds effective rate.,4,Four,US Federal Reserve System,, Central bank policy rates - United States - Monthly - End of period,2021-06,0.125,A,Normal value,F,Free,
M,Monthly,US,United States,368,Per cent per year,0,Units,,,From 19 Dec 1985 onwards: mid-point of the Federal Reserve target rate; from 1 Jul 1954 to 18 Dec 1985: US Fed Funds effective rate.,4,Four,US Federal Reserve System,, Central bank policy rates - United States - Monthly - End of period,2021-07,0.125,A,Normal value,F,Free,
M,Monthly,US,United States,368,Per cent per year,0,Units,,,From 19 Dec 1985 onwards: mid-point of the Federal Reserve target rate; from 1 Jul 1954 to 18 Dec 1985: US Fed Funds effective rate.,4,Four,US Federal Reserve System,, Central bank policy rates - United States - Monthly - End of period,2021-08,0.125,A,Normal value,F,Free,
M,Monthly,US,United States,368,Per cent per year,0,Units,,,From 19 Dec 1985 onwards: mid-point of the Federal Reserve target rate; from 1 Jul 1954 to 18 Dec 1985: US Fed Funds effective rate.,4,Four,US Federal Reserve System,, Central bank policy rates - United States - Monthly - End of period,2021-09,0.125,A,Normal value,F,Free,
M,Monthly,US,United States,368,Per cent per year,0,Units,,,From 19 Dec 1985 onwards: mid-point of the Federal Reserve target rate; from 1 Jul 1954 to 18 Dec 1985: US Fed Funds effective rate.,4,Four,US Federal Reserve System,, Central bank policy rates - United States - Monthly - End of period,2021-10,0.125,A,Normal value,F,Free,
M,Monthly,US,United States,368,Per cent per year,0,Units,,,From 19 Dec 1985 onwards: mid-point of the Federal Reserve target rate; from 1 Jul 1954 to 18 Dec 1985: US Fed Funds effective rate.,4,Four,US Federal Reserve System,, Central bank policy rates - United States - Monthly - End of period,2021-11,0.125,A,Normal value,F,Free,
M,Monthly,US,United States,368,Per cent per year,0,Units,,,From 19 Dec 1985 onwards: mid-point of the Federal Reserve target rate; from 1 Jul 1954 to 18 Dec 1985: US Fed Funds effective rate.,4,Four,US Federal Reserve System,, Central bank policy rates - United States - Monthly - End of period,2021-12,0.125,A,Normal value,F,Free,
M,Monthly,US,United States,368,Per cent per year,0,Units,,,From 19 Dec 1985 onwards: mid-point of the Federal Reserve target rate; from 1 Jul 1954 to 18 Dec 1985: US Fed Funds effective rate.,4,Four,US Federal Reserve System,, Central bank policy rates - United States - Monthly - End of period,2022-01,0.125,A,Normal value,F,Free,
M,Monthly,US,United States,368,Per cent per year,0,Units,,,From 19 Dec 1985 onwards: mid-point of the Federal Reserve target rate; from 1 Jul 1954 to 18 Dec 1985: US Fed Funds effective rate.,4,Four,US Federal Reserve System,, Central bank policy rates - United States - Monthly - End of period,2022-02,0.125,A,Normal value,F,Free,
M,Monthly,US,United States,368,Per cent per year,0,Units,,,From 19 Dec 1985 onwards: mid-point of the Federal Reserve target rate; from 1 Jul 1954 to 18 Dec 1985: US Fed Funds effective rate.,4,Four,US Federal Reserve System,, Central bank policy rates - United States - Monthly - End of period,2022-03,0.375,A,Normal value,F,Free,
M,Monthly,US,United States,368,Per cent per year,0,Units,,,From 19 Dec 1985 onwards: mid-point of the Federal Reserve target rate; from 1 Jul 1954 to 18 Dec 1985: US Fed Funds effective rate.,4,Four,US Federal Reserve System,, Central bank policy rates - United States - Monthly - End of period,2022-04,0.375,A,Normal value,F,Free,
M,Monthly,US,United States,368,Per cent per year,0,Units,,,From 19 Dec 1985 onwards: mid-point of the Federal Reserve target rate; from 1 Jul 1954 to 18 Dec 1985: US Fed Funds effective rate.,4,Four,US Federal Reserve System,, Central bank policy rates - United States - Monthly - End of period,2022-05,0.875,A,Normal value,F,Free,
M,Monthly,US,United States,368,Per cent per year,0,Units,,,From 19 Dec 1985 onwards: mid-point of the Federal Reserve target rate; from 1 Jul 1954 to 18 Dec 1985: US Fed Funds effective rate.,4,Four,US Federal Reserve System,, Central bank policy rates - United States - Monthly - End of period,2022-06,1.625,A,Normal value,F,Free,
M,Monthly,US,United States,368,Per cent per year,0,Units,,,From 19 Dec 1985 onwards: mid-point of the Federal Reserve target rate; from 1 Jul 1954 to 18 Dec 1985: US Fed Funds effective rate.,4,Four,US Federal Reserve System,, Central bank policy rates - United States - Monthly - End of period,2022-07,2.375,A,Normal value,F,Free,
M,Monthly,US,United States,368,Per cent per year,0,Units,,,From 19 Dec 1985 onwards: mid-point of the Federal Reserve target rate; from 1 Jul 1954 to 18 Dec 1985: US Fed Funds effective rate.,4,Four,US Federal Reserve System,, Central bank policy rates - United States - Monthly - End of period,2022-08,2.375,A,Normal value,F,Free,
M,Monthly,US,United States,368,Per cent per year,0,Units,,,From 19 Dec 1985 onwards: mid-point of the Federal Reserve target rate; from 1 Jul 1954 to 18 Dec 1985: US Fed Funds effective rate.,4,Four,US Federal Reserve System,, Central bank policy rates - United States - Monthly - End of period,2022-09,3.125,A,Normal value,F,Free,
M,Monthly,US,United States,368,Per cent per year,0,Units,,,From 19 Dec 1985 onwards: mid-point of the Federal Reserve target rate; from 1 Jul 1954 to 18 Dec 1985: US Fed Funds effective rate.,4,Four,US Federal Reserve System,, Central bank policy rates - United States - Monthly - End of period,2022-10,3.125,A,Normal value,F,Free,
M,Monthly,US,United States,368,Per cent per year,0,Units,,,From 19 Dec 1985 onwards: mid-point of the Federal Reserve target rate; from 1 Jul 1954 to 18 Dec 1985: US Fed Funds effective rate.,4,Four,US Federal Reserve System,, Central bank policy rates - United States - Monthly - End of period,2022-11,3.875,A,Normal value,F,Free,
M,Monthly,US,United States,368,Per cent per year,0,Units,,,From 19 Dec 1985 onwards: mid-point of the Federal Reserve target rate; from 1 Jul 1954 to 18 Dec 1985: US Fed Funds effective rate.,4,Four,US Federal Reserve System,, Central bank policy rates - United States - Monthly - End of period,2022-12,4.375,A,Normal value,F,Free,
M,Monthly,US,United States,368,Per cent per year,0,Units,,,From 19 Dec 1985 onwards: mid-point of the Federal Reserve target rate; from 1 Jul 1954 to 18 Dec 1985: US Fed Funds effective rate.,4,Four,US Federal Reserve System,, Central bank policy rates - United States - Monthly - End of period,2023-01,4.375,A,Normal value,F,Free,
M,Monthly,US,United States,368,Per cent per year,0,Units,,,From 19 Dec 1985 onwards: mid-point of the Federal Reserve target rate; from 1 Jul 1954 to 18 Dec 1985: US Fed Funds effective rate.,4,Four,US Federal Reserve System,, Central bank policy rates - United States - Monthly - End of period,2023-02,4.625,A,Normal value,F,Free,
M,Monthly,US,United States,368,Per cent per year,0,Units,,,From 19 Dec 1985 onwards: mid-point of the Federal Reserve target rate; from 1 Jul 1954 to 18 Dec 1985: US Fed Funds effective rate.,4,Four,US Federal Reserve System,, Central bank policy rates - United States - Monthly - End of period,2023-03,4.875,A,Normal value,F,Free,
M,Monthly,US,United States,368,Per cent per year,0,Units,,,From 19 Dec 1985 onwards: mid-point of the Federal Reserve target rate; from 1 Jul 1954 to 18 Dec 1985: US Fed Funds effective rate.,4,Four,US Federal Reserve System,, Central bank policy rates - United States - Monthly - End of period,2023-04,4.875,A,Normal value,F,Free,
M,Monthly,US,United States,368,Per cent per year,0,Units,,,From 19 Dec 1985 onwards: mid-point of the Federal Reserve target rate; from 1 Jul 1954 to 18 Dec 1985: US Fed Funds effective rate.,4,Four,US Federal Reserve System,, Central bank policy rates - United States - Monthly - End of period,2023-05,5.125,A,Normal value,F,Free,
M,Monthly,US,United States,368,Per cent per year,0,Units,,,From 19 Dec 1985 onwards: mid-point of the Federal Reserve target rate; from 1 Jul 1954 to 18 Dec 1985: US Fed Funds effective rate.,4,Four,US Federal Reserve System,, Central bank policy rates - United States - Monthly - End of period,2023-06,5.125,A,Normal value,F,Free,
M,Monthly,US,United States,368,Per cent per year,0,Units,,,From 19 Dec 1985 onwards: mid-point of the Federal Reserve target rate; from 1 Jul 1954 to 18 Dec 1985: US Fed Funds effective rate.,4,Four,US Federal Reserve System,, Central bank policy rates - United States - Monthly - End of period,2023-07,5.375,A,Normal value,F,Free,
M,Monthly,US,United States,368,Per cent per year,0,Units,,,From 19 Dec 1985 onwards: mid-point of the Federal Reserve target rate; from 1 Jul 1954 to 18 Dec 1985: US Fed Funds effective rate.,4,Four,US Federal Reserve System,, Central bank policy rates - United States - Monthly - End of period,2023-08,5.375,A,Normal value,F,Free,
M,Monthly,US,United States,368,Per cent per year,0,Units,,,From 19 Dec 1985 onwards: mid-point of the Federal Reserve target rate; from 1 Jul 1954 to 18 Dec 1985: US Fed Funds effective rate.,4,Four,US Federal Reserve System,, Central bank policy rates - United States - Monthly - End of period,2023-09,5.375,A,Normal value,F,Free,
M,Monthly,US,United States,368,Per cent per year,0,Units,,,From 19 Dec 1985 onwards: mid-point of the Federal Reserve target rate; from 1 Jul 1954 to 18 Dec 1985: US Fed Funds effective rate.,4,Four,US Federal Reserve System,, Central bank policy rates - United States - Monthly - End of period,2023-10,5.375,A,Normal value,F,Free,
M,Monthly,US,United States,368,Per cent per year,0,Units,,,From 19 Dec 1985 onwards: mid-point of the Federal Reserve target rate; from 1 Jul 1954 to 18 Dec 1985: US Fed Funds effective rate.,4,Four,US Federal Reserve System,, Central bank policy rates - United States - Monthly - End of period,2023-11,5.375,A,Normal value,F,Free,
M,Monthly,US,United States,368,Per cent per year,0,Units,,,From 19 Dec 1985 onwards: mid-point of the Federal Reserve target rate; from 1 Jul 1954 to 18 Dec 1985: US Fed Funds effective rate.,4,Four,US Federal Reserve System,, Central bank policy rates - United States - Monthly - End of period,2023-12,5.375,A,Normal value,F,Free,
M,Monthly,US,United States,368,Per cent per year,0,Units,,,From 19 Dec 1985 onwards: mid-point of the Federal Reserve target rate; from 1 Jul 1954 to 18 Dec 1985: US Fed Funds effective rate.,4,Four,US Federal Reserve System,, Central bank policy rates - United States - Monthly - End of period,2024-01,5.375,A,Normal value,F,Free,
M,Monthly,US,United States,368,Per cent per year,0,Units,,,From 19 Dec 1985 onwards: mid-point of the Federal Reserve target rate; from 1 Jul 1954 to 18 Dec 1985: US Fed Funds effective rate.,4,Four,US Federal Reserve System,, Central bank policy rates - United States - Monthly - End of period,2024-02,5.375,A,Normal value,F,Free,
M,Monthly,US,United States,368,Per cent per year,0,Units,,,From 19 Dec 1985 onwards: mid-point of the Federal Reserve target rate; from 1 Jul 1954 to 18 Dec 1985: US Fed Funds effective rate.,4,Four,US Federal Reserve System,, Central bank policy rates - United States - Monthly - End of period,2024-03,5.375,A,Normal value,F,Free,
M,Monthly,US,United States,368,Per cent per year,0,Units,,,From 19 Dec 1985 onwards: mid-point of the Federal Reserve target rate; from 1 Jul 1954 to 18 Dec 1985: US Fed Funds effective rate.,4,Four,US Federal Reserve System,, Central bank policy rates - United States - Monthly - End of period,2024-04,5.375,A,Normal value,F,Free,
M,Monthly,US,United States,368,Per cent per year,0,Units,,,From 19 Dec 1985 onwards: mid-point of the Federal Reserve target rate; from 1 Jul 1954 to 18 Dec 1985: US Fed Funds effective rate.,4,Four,US Federal Reserve System,, Central bank policy rates - United States - Monthly - End of period,2024-05,5.375,A,Normal value,F,Free,
M,Monthly,US,United States,368,Per cent per year,0,Units,,,From 19 Dec 1985 onwards: mid-point of the Federal Reserve target rate; from 1 Jul 1954 to 18 Dec 1985: US Fed Funds effective rate.,4,Four,US Federal Reserve System,, Central bank policy rates - United States - Monthly - End of period,2024-06,5.375,A,Normal value,F,Free,
M,Monthly,US,United States,368,Per cent per year,0,Units,,,From 19 Dec 1985 onwards: mid-point of the Federal Reserve target rate; from 1 Jul 1954 to 18 Dec 1985: US Fed Funds effective rate.,4,Four,US Federal Reserve System,, Central bank policy rates - United States - Monthly - End of period,2024-07,5.375,A,Normal value,F,Free,
M,Monthly,US,United States,368,Per cent per year,0,Units,,,From 19 Dec 1985 onwards: mid-point of the Federal Reserve target rate; from 1 Jul 1954 to 18 Dec 1985: US Fed Funds effective rate.,4,Four,US Federal Reserve System,, Central bank policy rates - United States - Monthly - End of period,2024-08,5.375,A,Normal value,F,Free,
M,Monthly,US,United States,368,Per cent per year,0,Units,,,From 19 Dec 1985 onwards: mid-point of the Federal Reserve target rate; from 1 Jul 1954 to 18 Dec 1985: US Fed Funds effective rate.,4,Four,US Federal Reserve System,, Central bank policy rates - United States - Monthly - End of period,2024-09,4.875,A,Normal value,F,Free,
M,Monthly,US,United States,368,Per cent per year,0,Units,,,From 19 Dec 1985 onwards: mid-point of the Federal Reserve target rate; from 1 Jul 1954 to 18 Dec 1985: US Fed Funds effective rate.,4,Four,US Federal Reserve System,, Central bank policy rates - United States - Monthly - End of period,2024-10,4.875,A,Normal value,F,Free,
M,Monthly,US,United States,368,Per cent per year,0,Units,,,From 19 Dec 1985 onwards: mid-point of the Federal Reserve target rate; from 1 Jul 1954 to 18 Dec 1985: US Fed Funds effective rate.,4,Four,US Federal Reserve System,, Central bank policy rates - United States - Monthly - End of period,2024-11,4.625,A,Normal value,F,Free,
M,Monthly,US,United States,368,Per cent per year,0,Units,,,From 19 Dec 1985 onwards: mid-point of the Federal Reserve target rate; from 1 Jul 1954 to 18 Dec 1985: US Fed Funds effective rate.,4,Four,US Federal Reserve System,, Central bank policy rates - United States - Monthly - End of period,2024-12,4.375,A,Normal value,F,Free,
M,Monthly,US,United States,368,Per cent per year,0,Units,,,From 19 Dec 1985 onwards: mid-point of the Federal Reserve target rate; from 1 Jul 1954 to 18 Dec 1985: US Fed Funds effective rate.,4,Four,US Federal Reserve System,, Central bank policy rates - United States - Monthly - End of period,2025-01,4.375,A,Normal value,F,Free,
M,Monthly,US,United States,368,Per cent per year,0,Units,,,From 19 Dec 1985 onwards: mid-point of the Federal Reserve target rate; from 1 Jul 1954 to 18 Dec 1985: US Fed Funds effective rate.,4,Four,US Federal Reserve System,, Central bank policy rates - United States - Monthly - End of period,2025-02,4.375,A,Normal value,F,Free,
M,Monthly,US,United States,368,Per cent per year,0,Units,,,From 19 Dec 1985 onwards: mid-point of the Federal Reserve target rate; from 1 Jul 1954 to 18 Dec 1985: US Fed Funds effective rate.,4,Four,US Federal Reserve System,, Central bank policy rates - United States - Monthly - End of period,2025-03,4.375,A,Normal value,F,Free,
M,Monthly,US,United States,368,Per cent per year,0,Units,,,From 19 Dec 1985 onwards: mid-point of the Federal Reserve target rate; from 1 Jul 1954 to 18 Dec 1985: US Fed Funds effective rate.,4,Four,US Federal Reserve System,, Central bank policy rates - United States - Monthly - End of period,2025-04,4.375,A,Normal value,F,Free,
M,Monthly,US,United States,368,Per cent per year,0,Units,,,From 19 Dec 1985 onwards: mid-point of the Federal Reserve target rate; from 1 Jul 1954 to 18 Dec 1985: US Fed Funds effective rate.,4,Four,US Federal Reserve System,, Central bank policy rates - United States - Monthly - End of period,2025-05,4.375,A,Normal value,F,Free,
M,Monthly,US,United States,368,Per cent per year,0,Units,,,From 19 Dec 1985 onwards: mid-point of the Federal Reserve target rate; from 1 Jul 1954 to 18 Dec 1985: US Fed Funds effective rate.,4,Four,US Federal Reserve System,, Central bank policy rates - United States - Monthly - End of period,2025-06,4.375,A,Normal value,F,Free,
M,Monthly,US,United States,368,Per cent per year,0,Units,,,From 19 Dec 1985 onwards: mid-point of the Federal Reserve target rate; from 1 Jul 1954 to 18 Dec 1985: US Fed Funds effective rate.,4,Four,US Federal Reserve System,, Central bank policy rates - United States - Monthly - End of period,2025-07,4.375,A,Normal value,F,Free,
M,Monthly,US,United States,368,Per cent per year,0,Units,,,From 19 Dec 1985 onwards: mid-point of the Federal Reserve target rate; from 1 Jul 1954 to 18 Dec 1985: US Fed Funds effective rate.,4,Four,US Federal Reserve System,, Central bank policy rates - United States - Monthly - End of period,2025-08,4.375,A,Normal value,F,Free,
M,Monthly,US,United States,368,Per cent per year,0,Units,,,From 19 Dec 1985 onwards: mid-point of the Federal Reserve target rate; from 1 Jul 1954 to 18 Dec 1985: US Fed Funds effective rate.,4,Four,US Federal Reserve System,, Central bank policy rates - United States - Monthly - End of period,2025-09,4.125,A,Normal value,F,Free,
M,Monthly,US,United States,368,Per cent per year,0,Units,,,From 19 Dec 1985 onwards: mid-point of the Federal Reserve target rate; from 1 Jul 1954 to 18 Dec 1985: US Fed Funds effective rate.,4,Four,US Federal Reserve System,, Central bank policy rates - United States - Monthly - End of period,2025-10,3.875,A,Normal value,F,Free,
M,Monthly,US,United States,368,Per cent per year,0,Units,,,From 19 Dec 1985 onwards: mid-point of the Federal Reserve target rate; from 1 Jul 1954 to 18 Dec 1985: US Fed Funds effective rate.,4,Four,US Federal Reserve System,, Central bank policy rates - United States - Monthly - End of period,2025-11,3.875,A,Normal value,F,Free,
M,Monthly,US,United States,368,Per cent per year,0,Units,,,From 19 Dec 1985 onwards: mid-point of the Federal Reserve target rate; from 1 Jul 1954 to 18 Dec 1985: US Fed Funds effective rate.,4,Four,US Federal Reserve System,, Central bank policy rates - United States - Monthly - End of period,2025-12,3.625,A,Normal value,F,Free,
M,Monthly,TH,Thailand,368,Per cent per year,0,Units,,,"Offical market intervention representative rate, liquidity providing repo rate.",4,Four,Bank of Thailand,From 17 Jan 2007 onwards: 1 day repo rate; prior to that: 14 day repo rate. , Central bank policy rates - Thailand - Monthly - End of period,2016-01,1.5,A,Normal value,F,Free,
M,Monthly,TH,Thailand,368,Per cent per year,0,Units,,,"Offical market intervention representative rate, liquidity providing repo rate.",4,Four,Bank of Thailand,From 17 Jan 2007 onwards: 1 day repo rate; prior to that: 14 day repo rate. , Central bank policy rates - Thailand - Monthly - End of period,2016-02,1.5,A,Normal value,F,Free,
M,Monthly,TH,Thailand,368,Per cent per year,0,Units,,,"Offical market intervention representative rate, liquidity providing repo rate.",4,Four,Bank of Thailand,From 17 Jan 2007 onwards: 1 day repo rate; prior to that: 14 day repo rate. , Central bank policy rates - Thailand - Monthly - End of period,2016-03,1.5,A,Normal value,F,Free,
M,Monthly,TH,Thailand,368,Per cent per year,0,Units,,,"Offical market intervention representative rate, liquidity providing repo rate.",4,Four,Bank of Thailand,From 17 Jan 2007 onwards: 1 day repo rate; prior to that: 14 day repo rate. , Central bank policy rates - Thailand - Monthly - End of period,2016-04,1.5,A,Normal value,F,Free,
M,Monthly,TH,Thailand,368,Per cent per year,0,Units,,,"Offical market intervention representative rate, liquidity providing repo rate.",4,Four,Bank of Thailand,From 17 Jan 2007 onwards: 1 day repo rate; prior to that: 14 day repo rate. , Central bank policy rates - Thailand - Monthly - End of period,2016-05,1.5,A,Normal value,F,Free,
M,Monthly,TH,Thailand,368,Per cent per year,0,Units,,,"Offical market intervention representative rate, liquidity providing repo rate.",4,Four,Bank of Thailand,From 17 Jan 2007 onwards: 1 day repo rate; prior to that: 14 day repo rate. , Central bank policy rates - Thailand - Monthly - End of period,2016-06,1.5,A,Normal value,F,Free,
M,Monthly,TH,Thailand,368,Per cent per year,0,Units,,,"Offical market intervention representative rate, liquidity providing repo rate.",4,Four,Bank of Thailand,From 17 Jan 2007 onwards: 1 day repo rate; prior to that: 14 day repo rate. , Central bank policy rates - Thailand - Monthly - End of period,2016-07,1.5,A,Normal value,F,Free,
M,Monthly,TH,Thailand,368,Per cent per year,0,Units,,,"Offical market intervention representative rate, liquidity providing repo rate.",4,Four,Bank of Thailand,From 17 Jan 2007 onwards: 1 day repo rate; prior to that: 14 day repo rate. , Central bank policy rates - Thailand - Monthly - End of period,2016-08,1.5,A,Normal value,F,Free,
M,Monthly,TH,Thailand,368,Per cent per year,0,Units,,,"Offical market intervention representative rate, liquidity providing repo rate.",4,Four,Bank of Thailand,From 17 Jan 2007 onwards: 1 day repo rate; prior to that: 14 day repo rate. , Central bank policy rates - Thailand - Monthly - End of period,2016-09,1.5,A,Normal value,F,Free,
M,Monthly,TH,Thailand,368,Per cent per year,0,Units,,,"Offical market intervention representative rate, liquidity providing repo rate.",4,Four,Bank of Thailand,From 17 Jan 2007 onwards: 1 day repo rate; prior to that: 14 day repo rate. , Central bank policy rates - Thailand - Monthly - End of period,2016-10,1.5,A,Normal value,F,Free,
M,Monthly,TH,Thailand,368,Per cent per year,0,Units,,,"Offical market intervention representative rate, liquidity providing repo rate.",4,Four,Bank of Thailand,From 17 Jan 2007 onwards: 1 day repo rate; prior to that: 14 day repo rate. , Central bank policy rates - Thailand - Monthly - End of period,2016-11,1.5,A,Normal value,F,Free,
M,Monthly,TH,Thailand,368,Per cent per year,0,Units,,,"Offical market intervention representative rate, liquidity providing repo rate.",4,Four,Bank of Thailand,From 17 Jan 2007 onwards: 1 day repo rate; prior to that: 14 day repo rate. , Central bank policy rates - Thailand - Monthly - End of period,2016-12,1.5,A,Normal value,F,Free,
M,Monthly,TH,Thailand,368,Per cent per year,0,Units,,,"Offical market intervention representative rate, liquidity providing repo rate.",4,Four,Bank of Thailand,From 17 Jan 2007 onwards: 1 day repo rate; prior to that: 14 day repo rate. , Central bank policy rates - Thailand - Monthly - End of period,2017-01,1.5,A,Normal value,F,Free,
M,Monthly,TH,Thailand,368,Per cent per year,0,Units,,,"Offical market intervention representative rate, liquidity providing repo rate.",4,Four,Bank of Thailand,From 17 Jan 2007 onwards: 1 day repo rate; prior to that: 14 day repo rate. , Central bank policy rates - Thailand - Monthly - End of period,2017-02,1.5,A,Normal value,F,Free,
M,Monthly,TH,Thailand,368,Per cent per year,0,Units,,,"Offical market intervention representative rate, liquidity providing repo rate.",4,Four,Bank of Thailand,From 17 Jan 2007 onwards: 1 day repo rate; prior to that: 14 day repo rate. , Central bank policy rates - Thailand - Monthly - End of period,2017-03,1.5,A,Normal value,F,Free,
M,Monthly,TH,Thailand,368,Per cent per year,0,Units,,,"Offical market intervention representative rate, liquidity providing repo rate.",4,Four,Bank of Thailand,From 17 Jan 2007 onwards: 1 day repo rate; prior to that: 14 day repo rate. , Central bank policy rates - Thailand - Monthly - End of period,2017-04,1.5,A,Normal value,F,Free,
M,Monthly,TH,Thailand,368,Per cent per year,0,Units,,,"Offical market intervention representative rate, liquidity providing repo rate.",4,Four,Bank of Thailand,From 17 Jan 2007 onwards: 1 day repo rate; prior to that: 14 day repo rate. , Central bank policy rates - Thailand - Monthly - End of period,2017-05,1.5,A,Normal value,F,Free,
M,Monthly,TH,Thailand,368,Per cent per year,0,Units,,,"Offical market intervention representative rate, liquidity providing repo rate.",4,Four,Bank of Thailand,From 17 Jan 2007 onwards: 1 day repo rate; prior to that: 14 day repo rate. , Central bank policy rates - Thailand - Monthly - End of period,2017-06,1.5,A,Normal value,F,Free,
M,Monthly,TH,Thailand,368,Per cent per year,0,Units,,,"Offical market intervention representative rate, liquidity providing repo rate.",4,Four,Bank of Thailand,From 17 Jan 2007 onwards: 1 day repo rate; prior to that: 14 day repo rate. , Central bank policy rates - Thailand - Monthly - End of period,2017-07,1.5,A,Normal value,F,Free,
M,Monthly,TH,Thailand,368,Per cent per year,0,Units,,,"Offical market intervention representative rate, liquidity providing repo rate.",4,Four,Bank of Thailand,From 17 Jan 2007 onwards: 1 day repo rate; prior to that: 14 day repo rate. , Central bank policy rates - Thailand - Monthly - End of period,2017-08,1.5,A,Normal value,F,Free,
M,Monthly,TH,Thailand,368,Per cent per year,0,Units,,,"Offical market intervention representative rate, liquidity providing repo rate.",4,Four,Bank of Thailand,From 17 Jan 2007 onwards: 1 day repo rate; prior to that: 14 day repo rate. , Central bank policy rates - Thailand - Monthly - End of period,2017-09,1.5,A,Normal value,F,Free,
M,Monthly,TH,Thailand,368,Per cent per year,0,Units,,,"Offical market intervention representative rate, liquidity providing repo rate.",4,Four,Bank of Thailand,From 17 Jan 2007 onwards: 1 day repo rate; prior to that: 14 day repo rate. , Central bank policy rates - Thailand - Monthly - End of period,2017-10,1.5,A,Normal value,F,Free,
M,Monthly,TH,Thailand,368,Per cent per year,0,Units,,,"Offical market intervention representative rate, liquidity providing repo rate.",4,Four,Bank of Thailand,From 17 Jan 2007 onwards: 1 day repo rate; prior to that: 14 day repo rate. , Central bank policy rates - Thailand - Monthly - End of period,2017-11,1.5,A,Normal value,F,Free,
M,Monthly,TH,Thailand,368,Per cent per year,0,Units,,,"Offical market intervention representative rate, liquidity providing repo rate.",4,Four,Bank of Thailand,From 17 Jan 2007 onwards: 1 day repo rate; prior to that: 14 day repo rate. , Central bank policy rates - Thailand - Monthly - End of period,2017-12,1.5,A,Normal value,F,Free,
M,Monthly,TH,Thailand,368,Per cent per year,0,Units,,,"Offical market intervention representative rate, liquidity providing repo rate.",4,Four,Bank of Thailand,From 17 Jan 2007 onwards: 1 day repo rate; prior to that: 14 day repo rate. , Central bank policy rates - Thailand - Monthly - End of period,2018-01,1.5,A,Normal value,F,Free,
M,Monthly,TH,Thailand,368,Per cent per year,0,Units,,,"Offical market intervention representative rate, liquidity providing repo rate.",4,Four,Bank of Thailand,From 17 Jan 2007 onwards: 1 day repo rate; prior to that: 14 day repo rate. , Central bank policy rates - Thailand - Monthly - End of period,2018-02,1.5,A,Normal value,F,Free,
M,Monthly,TH,Thailand,368,Per cent per year,0,Units,,,"Offical market intervention representative rate, liquidity providing repo rate.",4,Four,Bank of Thailand,From 17 Jan 2007 onwards: 1 day repo rate; prior to that: 14 day repo rate. , Central bank policy rates - Thailand - Monthly - End of period,2018-03,1.5,A,Normal value,F,Free,
M,Monthly,TH,Thailand,368,Per cent per year,0,Units,,,"Offical market intervention representative rate, liquidity providing repo rate.",4,Four,Bank of Thailand,From 17 Jan 2007 onwards: 1 day repo rate; prior to that: 14 day repo rate. , Central bank policy rates - Thailand - Monthly - End of period,2018-04,1.5,A,Normal value,F,Free,
M,Monthly,TH,Thailand,368,Per cent per year,0,Units,,,"Offical market intervention representative rate, liquidity providing repo rate.",4,Four,Bank of Thailand,From 17 Jan 2007 onwards: 1 day repo rate; prior to that: 14 day repo rate. , Central bank policy rates - Thailand - Monthly - End of period,2018-05,1.5,A,Normal value,F,Free,
M,Monthly,TH,Thailand,368,Per cent per year,0,Units,,,"Offical market intervention representative rate, liquidity providing repo rate.",4,Four,Bank of Thailand,From 17 Jan 2007 onwards: 1 day repo rate; prior to that: 14 day repo rate. , Central bank policy rates - Thailand - Monthly - End of period,2018-06,1.5,A,Normal value,F,Free,
M,Monthly,TH,Thailand,368,Per cent per year,0,Units,,,"Offical market intervention representative rate, liquidity providing repo rate.",4,Four,Bank of Thailand,From 17 Jan 2007 onwards: 1 day repo rate; prior to that: 14 day repo rate. , Central bank policy rates - Thailand - Monthly - End of period,2018-07,1.5,A,Normal value,F,Free,
M,Monthly,TH,Thailand,368,Per cent per year,0,Units,,,"Offical market intervention representative rate, liquidity providing repo rate.",4,Four,Bank of Thailand,From 17 Jan 2007 onwards: 1 day repo rate; prior to that: 14 day repo rate. , Central bank policy rates - Thailand - Monthly - End of period,2018-08,1.5,A,Normal value,F,Free,
M,Monthly,TH,Thailand,368,Per cent per year,0,Units,,,"Offical market intervention representative rate, liquidity providing repo rate.",4,Four,Bank of Thailand,From 17 Jan 2007 onwards: 1 day repo rate; prior to that: 14 day repo rate. , Central bank policy rates - Thailand - Monthly - End of period,2018-09,1.5,A,Normal value,F,Free,
M,Monthly,TH,Thailand,368,Per cent per year,0,Units,,,"Offical market intervention representative rate, liquidity providing repo rate.",4,Four,Bank of Thailand,From 17 Jan 2007 onwards: 1 day repo rate; prior to that: 14 day repo rate. , Central bank policy rates - Thailand - Monthly - End of period,2018-10,1.5,A,Normal value,F,Free,
M,Monthly,TH,Thailand,368,Per cent per year,0,Units,,,"Offical market intervention representative rate, liquidity providing repo rate.",4,Four,Bank of Thailand,From 17 Jan 2007 onwards: 1 day repo rate; prior to that: 14 day repo rate. , Central bank policy rates - Thailand - Monthly - End of period,2018-11,1.5,A,Normal value,F,Free,
M,Monthly,TH,Thailand,368,Per cent per year,0,Units,,,"Offical market intervention representative rate, liquidity providing repo rate.",4,Four,Bank of Thailand,From 17 Jan 2007 onwards: 1 day repo rate; prior to that: 14 day repo rate. , Central bank policy rates - Thailand - Monthly - End of period,2018-12,1.75,A,Normal value,F,Free,
M,Monthly,TH,Thailand,368,Per cent per year,0,Units,,,"Offical market intervention representative rate, liquidity providing repo rate.",4,Four,Bank of Thailand,From 17 Jan 2007 onwards: 1 day repo rate; prior to that: 14 day repo rate. , Central bank policy rates - Thailand - Monthly - End of period,2019-01,1.75,A,Normal value,F,Free,
M,Monthly,TH,Thailand,368,Per cent per year,0,Units,,,"Offical market intervention representative rate, liquidity providing repo rate.",4,Four,Bank of Thailand,From 17 Jan 2007 onwards: 1 day repo rate; prior to that: 14 day repo rate. , Central bank policy rates - Thailand - Monthly - End of period,2019-02,1.75,A,Normal value,F,Free,
M,Monthly,TH,Thailand,368,Per cent per year,0,Units,,,"Offical market intervention representative rate, liquidity providing repo rate.",4,Four,Bank of Thailand,From 17 Jan 2007 onwards: 1 day repo rate; prior to that: 14 day repo rate. , Central bank policy rates - Thailand - Monthly - End of period,2019-03,1.75,A,Normal value,F,Free,
M,Monthly,TH,Thailand,368,Per cent per year,0,Units,,,"Offical market intervention representative rate, liquidity providing repo rate.",4,Four,Bank of Thailand,From 17 Jan 2007 onwards: 1 day repo rate; prior to that: 14 day repo rate. , Central bank policy rates - Thailand - Monthly - End of period,2019-04,1.75,A,Normal value,F,Free,
M,Monthly,TH,Thailand,368,Per cent per year,0,Units,,,"Offical market intervention representative rate, liquidity providing repo rate.",4,Four,Bank of Thailand,From 17 Jan 2007 onwards: 1 day repo rate; prior to that: 14 day repo rate. , Central bank policy rates - Thailand - Monthly - End of period,2019-05,1.75,A,Normal value,F,Free,
M,Monthly,TH,Thailand,368,Per cent per year,0,Units,,,"Offical market intervention representative rate, liquidity providing repo rate.",4,Four,Bank of Thailand,From 17 Jan 2007 onwards: 1 day repo rate; prior to that: 14 day repo rate. , Central bank policy rates - Thailand - Monthly - End of period,2019-06,1.75,A,Normal value,F,Free,
M,Monthly,TH,Thailand,368,Per cent per year,0,Units,,,"Offical market intervention representative rate, liquidity providing repo rate.",4,Four,Bank of Thailand,From 17 Jan 2007 onwards: 1 day repo rate; prior to that: 14 day repo rate. , Central bank policy rates - Thailand - Monthly - End of period,2019-07,1.75,A,Normal value,F,Free,
M,Monthly,TH,Thailand,368,Per cent per year,0,Units,,,"Offical market intervention representative rate, liquidity providing repo rate.",4,Four,Bank of Thailand,From 17 Jan 2007 onwards: 1 day repo rate; prior to that: 14 day repo rate. , Central bank policy rates - Thailand - Monthly - End of period,2019-08,1.5,A,Normal value,F,Free,
M,Monthly,TH,Thailand,368,Per cent per year,0,Units,,,"Offical market intervention representative rate, liquidity providing repo rate.",4,Four,Bank of Thailand,From 17 Jan 2007 onwards: 1 day repo rate; prior to that: 14 day repo rate. , Central bank policy rates - Thailand - Monthly - End of period,2019-09,1.5,A,Normal value,F,Free,
M,Monthly,TH,Thailand,368,Per cent per year,0,Units,,,"Offical market intervention representative rate, liquidity providing repo rate.",4,Four,Bank of Thailand,From 17 Jan 2007 onwards: 1 day repo rate; prior to that: 14 day repo rate. , Central bank policy rates - Thailand - Monthly - End of period,2019-10,1.5,A,Normal value,F,Free,
M,Monthly,TH,Thailand,368,Per cent per year,0,Units,,,"Offical market intervention representative rate, liquidity providing repo rate.",4,Four,Bank of Thailand,From 17 Jan 2007 onwards: 1 day repo rate; prior to that: 14 day repo rate. , Central bank policy rates - Thailand - Monthly - End of period,2019-11,1.25,A,Normal value,F,Free,
M,Monthly,TH,Thailand,368,Per cent per year,0,Units,,,"Offical market intervention representative rate, liquidity providing repo rate.",4,Four,Bank of Thailand,From 17 Jan 2007 onwards: 1 day repo rate; prior to that: 14 day repo rate. , Central bank policy rates - Thailand - Monthly - End of period,2019-12,1.25,A,Normal value,F,Free,
M,Monthly,TH,Thailand,368,Per cent per year,0,Units,,,"Offical market intervention representative rate, liquidity providing repo rate.",4,Four,Bank of Thailand,From 17 Jan 2007 onwards: 1 day repo rate; prior to that: 14 day repo rate. , Central bank policy rates - Thailand - Monthly - End of period,2020-01,1.25,A,Normal value,F,Free,
M,Monthly,TH,Thailand,368,Per cent per year,0,Units,,,"Offical market intervention representative rate, liquidity providing repo rate.",4,Four,Bank of Thailand,From 17 Jan 2007 onwards: 1 day repo rate; prior to that: 14 day repo rate. , Central bank policy rates - Thailand - Monthly - End of period,2020-02,1.0,A,Normal value,F,Free,
M,Monthly,TH,Thailand,368,Per cent per year,0,Units,,,"Offical market intervention representative rate, liquidity providing repo rate.",4,Four,Bank of Thailand,From 17 Jan 2007 onwards: 1 day repo rate; prior to that: 14 day repo rate. , Central bank policy rates - Thailand - Monthly - End of period,2020-03,0.75,A,Normal value,F,Free,
M,Monthly,TH,Thailand,368,Per cent per year,0,Units,,,"Offical market intervention representative rate, liquidity providing repo rate.",4,Four,Bank of Thailand,From 17 Jan 2007 onwards: 1 day repo rate; prior to that: 14 day repo rate. , Central bank policy rates - Thailand - Monthly - End of period,2020-04,0.75,A,Normal value,F,Free,
M,Monthly,TH,Thailand,368,Per cent per year,0,Units,,,"Offical market intervention representative rate, liquidity providing repo rate.",4,Four,Bank of Thailand,From 17 Jan 2007 onwards: 1 day repo rate; prior to that: 14 day repo rate. , Central bank policy rates - Thailand - Monthly - End of period,2020-05,0.5,A,Normal value,F,Free,
M,Monthly,TH,Thailand,368,Per cent per year,0,Units,,,"Offical market intervention representative rate, liquidity providing repo rate.",4,Four,Bank of Thailand,From 17 Jan 2007 onwards: 1 day repo rate; prior to that: 14 day repo rate. , Central bank policy rates - Thailand - Monthly - End of period,2020-06,0.5,A,Normal value,F,Free,
M,Monthly,TH,Thailand,368,Per cent per year,0,Units,,,"Offical market intervention representative rate, liquidity providing repo rate.",4,Four,Bank of Thailand,From 17 Jan 2007 onwards: 1 day repo rate; prior to that: 14 day repo rate. , Central bank policy rates - Thailand - Monthly - End of period,2020-07,0.5,A,Normal value,F,Free,
M,Monthly,TH,Thailand,368,Per cent per year,0,Units,,,"Offical market intervention representative rate, liquidity providing repo rate.",4,Four,Bank of Thailand,From 17 Jan 2007 onwards: 1 day repo rate; prior to that: 14 day repo rate. , Central bank policy rates - Thailand - Monthly - End of period,2020-08,0.5,A,Normal value,F,Free,
M,Monthly,TH,Thailand,368,Per cent per year,0,Units,,,"Offical market intervention representative rate, liquidity providing repo rate.",4,Four,Bank of Thailand,From 17 Jan 2007 onwards: 1 day repo rate; prior to that: 14 day repo rate. , Central bank policy rates - Thailand - Monthly - End of period,2020-09,0.5,A,Normal value,F,Free,
M,Monthly,TH,Thailand,368,Per cent per year,0,Units,,,"Offical market intervention representative rate, liquidity providing repo rate.",4,Four,Bank of Thailand,From 17 Jan 2007 onwards: 1 day repo rate; prior to that: 14 day repo rate. , Central bank policy rates - Thailand - Monthly - End of period,2020-10,0.5,A,Normal value,F,Free,
M,Monthly,TH,Thailand,368,Per cent per year,0,Units,,,"Offical market intervention representative rate, liquidity providing repo rate.",4,Four,Bank of Thailand,From 17 Jan 2007 onwards: 1 day repo rate; prior to that: 14 day repo rate. , Central bank policy rates - Thailand - Monthly - End of period,2020-11,0.5,A,Normal value,F,Free,
M,Monthly,TH,Thailand,368,Per cent per year,0,Units,,,"Offical market intervention representative rate, liquidity providing repo rate.",4,Four,Bank of Thailand,From 17 Jan 2007 onwards: 1 day repo rate; prior to that: 14 day repo rate. , Central bank policy rates - Thailand - Monthly - End of period,2020-12,0.5,A,Normal value,F,Free,
M,Monthly,TH,Thailand,368,Per cent per year,0,Units,,,"Offical market intervention representative rate, liquidity providing repo rate.",4,Four,Bank of Thailand,From 17 Jan 2007 onwards: 1 day repo rate; prior to that: 14 day repo rate. , Central bank policy rates - Thailand - Monthly - End of period,2021-01,0.5,A,Normal value,F,Free,
M,Monthly,TH,Thailand,368,Per cent per year,0,Units,,,"Offical market intervention representative rate, liquidity providing repo rate.",4,Four,Bank of Thailand,From 17 Jan 2007 onwards: 1 day repo rate; prior to that: 14 day repo rate. , Central bank policy rates - Thailand - Monthly - End of period,2021-02,0.5,A,Normal value,F,Free,
M,Monthly,TH,Thailand,368,Per cent per year,0,Units,,,"Offical market intervention representative rate, liquidity providing repo rate.",4,Four,Bank of Thailand,From 17 Jan 2007 onwards: 1 day repo rate; prior to that: 14 day repo rate. , Central bank policy rates - Thailand - Monthly - End of period,2021-03,0.5,A,Normal value,F,Free,
M,Monthly,TH,Thailand,368,Per cent per year,0,Units,,,"Offical market intervention representative rate, liquidity providing repo rate.",4,Four,Bank of Thailand,From 17 Jan 2007 onwards: 1 day repo rate; prior to that: 14 day repo rate. , Central bank policy rates - Thailand - Monthly - End of period,2021-04,0.5,A,Normal value,F,Free,
M,Monthly,TH,Thailand,368,Per cent per year,0,Units,,,"Offical market intervention representative rate, liquidity providing repo rate.",4,Four,Bank of Thailand,From 17 Jan 2007 onwards: 1 day repo rate; prior to that: 14 day repo rate. , Central bank policy rates - Thailand - Monthly - End of period,2021-05,0.5,A,Normal value,F,Free,
M,Monthly,TH,Thailand,368,Per cent per year,0,Units,,,"Offical market intervention representative rate, liquidity providing repo rate.",4,Four,Bank of Thailand,From 17 Jan 2007 onwards: 1 day repo rate; prior to that: 14 day repo rate. , Central bank policy rates - Thailand - Monthly - End of period,2021-06,0.5,A,Normal value,F,Free,
M,Monthly,TH,Thailand,368,Per cent per year,0,Units,,,"Offical market intervention representative rate, liquidity providing repo rate.",4,Four,Bank of Thailand,From 17 Jan 2007 onwards: 1 day repo rate; prior to that: 14 day repo rate. , Central bank policy rates - Thailand - Monthly - End of period,2021-07,0.5,A,Normal value,F,Free,
M,Monthly,TH,Thailand,368,Per cent per year,0,Units,,,"Offical market intervention representative rate, liquidity providing repo rate.",4,Four,Bank of Thailand,From 17 Jan 2007 onwards: 1 day repo rate; prior to that: 14 day repo rate. , Central bank policy rates - Thailand - Monthly - End of period,2021-08,0.5,A,Normal value,F,Free,
M,Monthly,TH,Thailand,368,Per cent per year,0,Units,,,"Offical market intervention representative rate, liquidity providing repo rate.",4,Four,Bank of Thailand,From 17 Jan 2007 onwards: 1 day repo rate; prior to that: 14 day repo rate. , Central bank policy rates - Thailand - Monthly - End of period,2021-09,0.5,A,Normal value,F,Free,
M,Monthly,TH,Thailand,368,Per cent per year,0,Units,,,"Offical market intervention representative rate, liquidity providing repo rate.",4,Four,Bank of Thailand,From 17 Jan 2007 onwards: 1 day repo rate; prior to that: 14 day repo rate. , Central bank policy rates - Thailand - Monthly - End of period,2021-10,0.5,A,Normal value,F,Free,
M,Monthly,TH,Thailand,368,Per cent per year,0,Units,,,"Offical market intervention representative rate, liquidity providing repo rate.",4,Four,Bank of Thailand,From 17 Jan 2007 onwards: 1 day repo rate; prior to that: 14 day repo rate. , Central bank policy rates - Thailand - Monthly - End of period,2021-11,0.5,A,Normal value,F,Free,
M,Monthly,TH,Thailand,368,Per cent per year,0,Units,,,"Offical market intervention representative rate, liquidity providing repo rate.",4,Four,Bank of Thailand,From 17 Jan 2007 onwards: 1 day repo rate; prior to that: 14 day repo rate. , Central bank policy rates - Thailand - Monthly - End of period,2021-12,0.5,A,Normal value,F,Free,
M,Monthly,TH,Thailand,368,Per cent per year,0,Units,,,"Offical market intervention representative rate, liquidity providing repo rate.",4,Four,Bank of Thailand,From 17 Jan 2007 onwards: 1 day repo rate; prior to that: 14 day repo rate. , Central bank policy rates - Thailand - Monthly - End of period,2022-01,0.5,A,Normal value,F,Free,
M,Monthly,TH,Thailand,368,Per cent per year,0,Units,,,"Offical market intervention representative rate, liquidity providing repo rate.",4,Four,Bank of Thailand,From 17 Jan 2007 onwards: 1 day repo rate; prior to that: 14 day repo rate. , Central bank policy rates - Thailand - Monthly - End of period,2022-02,0.5,A,Normal value,F,Free,
M,Monthly,TH,Thailand,368,Per cent per year,0,Units,,,"Offical market intervention representative rate, liquidity providing repo rate.",4,Four,Bank of Thailand,From 17 Jan 2007 onwards: 1 day repo rate; prior to that: 14 day repo rate. , Central bank policy rates - Thailand - Monthly - End of period,2022-03,0.5,A,Normal value,F,Free,
M,Monthly,TH,Thailand,368,Per cent per year,0,Units,,,"Offical market intervention representative rate, liquidity providing repo rate.",4,Four,Bank of Thailand,From 17 Jan 2007 onwards: 1 day repo rate; prior to that: 14 day repo rate. , Central bank policy rates - Thailand - Monthly - End of period,2022-04,0.5,A,Normal value,F,Free,
M,Monthly,TH,Thailand,368,Per cent per year,0,Units,,,"Offical market intervention representative rate, liquidity providing repo rate.",4,Four,Bank of Thailand,From 17 Jan 2007 onwards: 1 day repo rate; prior to that: 14 day repo rate. , Central bank policy rates - Thailand - Monthly - End of period,2022-05,0.5,A,Normal value,F,Free,
M,Monthly,TH,Thailand,368,Per cent per year,0,Units,,,"Offical market intervention representative rate, liquidity providing repo rate.",4,Four,Bank of Thailand,From 17 Jan 2007 onwards: 1 day repo rate; prior to that: 14 day repo rate. , Central bank policy rates - Thailand - Monthly - End of period,2022-06,0.5,A,Normal value,F,Free,
M,Monthly,TH,Thailand,368,Per cent per year,0,Units,,,"Offical market intervention representative rate, liquidity providing repo rate.",4,Four,Bank of Thailand,From 17 Jan 2007 onwards: 1 day repo rate; prior to that: 14 day repo rate. , Central bank policy rates - Thailand - Monthly - End of period,2022-07,0.5,A,Normal value,F,Free,
M,Monthly,TH,Thailand,368,Per cent per year,0,Units,,,"Offical market intervention representative rate, liquidity providing repo rate.",4,Four,Bank of Thailand,From 17 Jan 2007 onwards: 1 day repo rate; prior to that: 14 day repo rate. , Central bank policy rates - Thailand - Monthly - End of period,2022-08,0.75,A,Normal value,F,Free,
M,Monthly,TH,Thailand,368,Per cent per year,0,Units,,,"Offical market intervention representative rate, liquidity providing repo rate.",4,Four,Bank of Thailand,From 17 Jan 2007 onwards: 1 day repo rate; prior to that: 14 day repo rate. , Central bank policy rates - Thailand - Monthly - End of period,2022-09,1.0,A,Normal value,F,Free,
M,Monthly,TH,Thailand,368,Per cent per year,0,Units,,,"Offical market intervention representative rate, liquidity providing repo rate.",4,Four,Bank of Thailand,From 17 Jan 2007 onwards: 1 day repo rate; prior to that: 14 day repo rate. , Central bank policy rates - Thailand - Monthly - End of period,2022-10,1.0,A,Normal value,F,Free,
M,Monthly,TH,Thailand,368,Per cent per year,0,Units,,,"Offical market intervention representative rate, liquidity providing repo rate.",4,Four,Bank of Thailand,From 17 Jan 2007 onwards: 1 day repo rate; prior to that: 14 day repo rate. , Central bank policy rates - Thailand - Monthly - End of period,2022-11,1.25,A,Normal value,F,Free,
M,Monthly,TH,Thailand,368,Per cent per year,0,Units,,,"Offical market intervention representative rate, liquidity providing repo rate.",4,Four,Bank of Thailand,From 17 Jan 2007 onwards: 1 day repo rate; prior to that: 14 day repo rate. , Central bank policy rates - Thailand - Monthly - End of period,2022-12,1.25,A,Normal value,F,Free,
M,Monthly,TH,Thailand,368,Per cent per year,0,Units,,,"Offical market intervention representative rate, liquidity providing repo rate.",4,Four,Bank of Thailand,From 17 Jan 2007 onwards: 1 day repo rate; prior to that: 14 day repo rate. , Central bank policy rates - Thailand - Monthly - End of period,2023-01,1.5,A,Normal value,F,Free,
M,Monthly,TH,Thailand,368,Per cent per year,0,Units,,,"Offical market intervention representative rate, liquidity providing repo rate.",4,Four,Bank of Thailand,From 17 Jan 2007 onwards: 1 day repo rate; prior to that: 14 day repo rate. , Central bank policy rates - Thailand - Monthly - End of period,2023-02,1.5,A,Normal value,F,Free,
M,Monthly,TH,Thailand,368,Per cent per year,0,Units,,,"Offical market intervention representative rate, liquidity providing repo rate.",4,Four,Bank of Thailand,From 17 Jan 2007 onwards: 1 day repo rate; prior to that: 14 day repo rate. , Central bank policy rates - Thailand - Monthly - End of period,2023-03,1.75,A,Normal value,F,Free,
M,Monthly,TH,Thailand,368,Per cent per year,0,Units,,,"Offical market intervention representative rate, liquidity providing repo rate.",4,Four,Bank of Thailand,From 17 Jan 2007 onwards: 1 day repo rate; prior to that: 14 day repo rate. , Central bank policy rates - Thailand - Monthly - End of period,2023-04,1.75,A,Normal value,F,Free,
M,Monthly,TH,Thailand,368,Per cent per year,0,Units,,,"Offical market intervention representative rate, liquidity providing repo rate.",4,Four,Bank of Thailand,From 17 Jan 2007 onwards: 1 day repo rate; prior to that: 14 day repo rate. , Central bank policy rates - Thailand - Monthly - End of period,2023-05,2.0,A,Normal value,F,Free,
M,Monthly,TH,Thailand,368,Per cent per year,0,Units,,,"Offical market intervention representative rate, liquidity providing repo rate.",4,Four,Bank of Thailand,From 17 Jan 2007 onwards: 1 day repo rate; prior to that: 14 day repo rate. , Central bank policy rates - Thailand - Monthly - End of period,2023-06,2.0,A,Normal value,F,Free,
M,Monthly,TH,Thailand,368,Per cent per year,0,Units,,,"Offical market intervention representative rate, liquidity providing repo rate.",4,Four,Bank of Thailand,From 17 Jan 2007 onwards: 1 day repo rate; prior to that: 14 day repo rate. , Central bank policy rates - Thailand - Monthly - End of period,2023-07,2.0,A,Normal value,F,Free,
M,Monthly,TH,Thailand,368,Per cent per year,0,Units,,,"Offical market intervention representative rate, liquidity providing repo rate.",4,Four,Bank of Thailand,From 17 Jan 2007 onwards: 1 day repo rate; prior to that: 14 day repo rate. , Central bank policy rates - Thailand - Monthly - End of period,2023-08,2.25,A,Normal value,F,Free,
M,Monthly,TH,Thailand,368,Per cent per year,0,Units,,,"Offical market intervention representative rate, liquidity providing repo rate.",4,Four,Bank of Thailand,From 17 Jan 2007 onwards: 1 day repo rate; prior to that: 14 day repo rate. , Central bank policy rates - Thailand - Monthly - End of period,2023-09,2.5,A,Normal value,F,Free,
M,Monthly,TH,Thailand,368,Per cent per year,0,Units,,,"Offical market intervention representative rate, liquidity providing repo rate.",4,Four,Bank of Thailand,From 17 Jan 2007 onwards: 1 day repo rate; prior to that: 14 day repo rate. , Central bank policy rates - Thailand - Monthly - End of period,2023-10,2.5,A,Normal value,F,Free,
M,Monthly,TH,Thailand,368,Per cent per year,0,Units,,,"Offical market intervention representative rate, liquidity providing repo rate.",4,Four,Bank of Thailand,From 17 Jan 2007 onwards: 1 day repo rate; prior to that: 14 day repo rate. , Central bank policy rates - Thailand - Monthly - End of period,2023-11,2.5,A,Normal value,F,Free,
M,Monthly,TH,Thailand,368,Per cent per year,0,Units,,,"Offical market intervention representative rate, liquidity providing repo rate.",4,Four,Bank of Thailand,From 17 Jan 2007 onwards: 1 day repo rate; prior to that: 14 day repo rate. , Central bank policy rates - Thailand - Monthly - End of period,2023-12,2.5,A,Normal value,F,Free,
M,Monthly,TH,Thailand,368,Per cent per year,0,Units,,,"Offical market intervention representative rate, liquidity providing repo rate.",4,Four,Bank of Thailand,From 17 Jan 2007 onwards: 1 day repo rate; prior to that: 14 day repo rate. , Central bank policy rates - Thailand - Monthly - End of period,2024-01,2.5,A,Normal value,F,Free,
M,Monthly,TH,Thailand,368,Per cent per year,0,Units,,,"Offical market intervention representative rate, liquidity providing repo rate.",4,Four,Bank of Thailand,From 17 Jan 2007 onwards: 1 day repo rate; prior to that: 14 day repo rate. , Central bank policy rates - Thailand - Monthly - End of period,2024-02,2.5,A,Normal value,F,Free,
M,Monthly,TH,Thailand,368,Per cent per year,0,Units,,,"Offical market intervention representative rate, liquidity providing repo rate.",4,Four,Bank of Thailand,From 17 Jan 2007 onwards: 1 day repo rate; prior to that: 14 day repo rate. , Central bank policy rates - Thailand - Monthly - End of period,2024-03,2.5,A,Normal value,F,Free,
M,Monthly,TH,Thailand,368,Per cent per year,0,Units,,,"Offical market intervention representative rate, liquidity providing repo rate.",4,Four,Bank of Thailand,From 17 Jan 2007 onwards: 1 day repo rate; prior to that: 14 day repo rate. , Central bank policy rates - Thailand - Monthly - End of period,2024-04,2.5,A,Normal value,F,Free,
M,Monthly,TH,Thailand,368,Per cent per year,0,Units,,,"Offical market intervention representative rate, liquidity providing repo rate.",4,Four,Bank of Thailand,From 17 Jan 2007 onwards: 1 day repo rate; prior to that: 14 day repo rate. , Central bank policy rates - Thailand - Monthly - End of period,2024-05,2.5,A,Normal value,F,Free,
M,Monthly,TH,Thailand,368,Per cent per year,0,Units,,,"Offical market intervention representative rate, liquidity providing repo rate.",4,Four,Bank of Thailand,From 17 Jan 2007 onwards: 1 day repo rate; prior to that: 14 day repo rate. , Central bank policy rates - Thailand - Monthly - End of period,2024-06,2.5,A,Normal value,F,Free,
M,Monthly,TH,Thailand,368,Per cent per year,0,Units,,,"Offical market intervention representative rate, liquidity providing repo rate.",4,Four,Bank of Thailand,From 17 Jan 2007 onwards: 1 day repo rate; prior to that: 14 day repo rate. , Central bank policy rates - Thailand - Monthly - End of period,2024-07,2.5,A,Normal value,F,Free,
M,Monthly,TH,Thailand,368,Per cent per year,0,Units,,,"Offical market intervention representative rate, liquidity providing repo rate.",4,Four,Bank of Thailand,From 17 Jan 2007 onwards: 1 day repo rate; prior to that: 14 day repo rate. , Central bank policy rates - Thailand - Monthly - End of period,2024-08,2.5,A,Normal value,F,Free,
M,Monthly,TH,Thailand,368,Per cent per year,0,Units,,,"Offical market intervention representative rate, liquidity providing repo rate.",4,Four,Bank of Thailand,From 17 Jan 2007 onwards: 1 day repo rate; prior to that: 14 day repo rate. , Central bank policy rates - Thailand - Monthly - End of period,2024-09,2.5,A,Normal value,F,Free,
M,Monthly,TH,Thailand,368,Per cent per year,0,Units,,,"Offical market intervention representative rate, liquidity providing repo rate.",4,Four,Bank of Thailand,From 17 Jan 2007 onwards: 1 day repo rate; prior to that: 14 day repo rate. , Central bank policy rates - Thailand - Monthly - End of period,2024-10,2.25,A,Normal value,F,Free,
M,Monthly,TH,Thailand,368,Per cent per year,0,Units,,,"Offical market intervention representative rate, liquidity providing repo rate.",4,Four,Bank of Thailand,From 17 Jan 2007 onwards: 1 day repo rate; prior to that: 14 day repo rate. , Central bank policy rates - Thailand - Monthly - End of period,2024-11,2.25,A,Normal value,F,Free,
M,Monthly,TH,Thailand,368,Per cent per year,0,Units,,,"Offical market intervention representative rate, liquidity providing repo rate.",4,Four,Bank of Thailand,From 17 Jan 2007 onwards: 1 day repo rate; prior to that: 14 day repo rate. , Central bank policy rates - Thailand - Monthly - End of period,2024-12,2.25,A,Normal value,F,Free,
M,Monthly,TH,Thailand,368,Per cent per year,0,Units,,,"Offical market intervention representative rate, liquidity providing repo rate.",4,Four,Bank of Thailand,From 17 Jan 2007 onwards: 1 day repo rate; prior to that: 14 day repo rate. , Central bank policy rates - Thailand - Monthly - End of period,2025-01,2.25,A,Normal value,F,Free,
M,Monthly,TH,Thailand,368,Per cent per year,0,Units,,,"Offical market intervention representative rate, liquidity providing repo rate.",4,Four,Bank of Thailand,From 17 Jan 2007 onwards: 1 day repo rate; prior to that: 14 day repo rate. , Central bank policy rates - Thailand - Monthly - End of period,2025-02,2.0,A,Normal value,F,Free,
M,Monthly,TH,Thailand,368,Per cent per year,0,Units,,,"Offical market intervention representative rate, liquidity providing repo rate.",4,Four,Bank of Thailand,From 17 Jan 2007 onwards: 1 day repo rate; prior to that: 14 day repo rate. , Central bank policy rates - Thailand - Monthly - End of period,2025-03,2.0,A,Normal value,F,Free,
M,Monthly,TH,Thailand,368,Per cent per year,0,Units,,,"Offical market intervention representative rate, liquidity providing repo rate.",4,Four,Bank of Thailand,From 17 Jan 2007 onwards: 1 day repo rate; prior to that: 14 day repo rate. , Central bank policy rates - Thailand - Monthly - End of period,2025-04,1.75,A,Normal value,F,Free,
M,Monthly,TH,Thailand,368,Per cent per year,0,Units,,,"Offical market intervention representative rate, liquidity providing repo rate.",4,Four,Bank of Thailand,From 17 Jan 2007 onwards: 1 day repo rate; prior to that: 14 day repo rate. , Central bank policy rates - Thailand - Monthly - End of period,2025-05,1.75,A,Normal value,F,Free,
M,Monthly,TH,Thailand,368,Per cent per year,0,Units,,,"Offical market intervention representative rate, liquidity providing repo rate.",4,Four,Bank of Thailand,From 17 Jan 2007 onwards: 1 day repo rate; prior to that: 14 day repo rate. , Central bank policy rates - Thailand - Monthly - End of period,2025-06,1.75,A,Normal value,F,Free,
M,Monthly,TH,Thailand,368,Per cent per year,0,Units,,,"Offical market intervention representative rate, liquidity providing repo rate.",4,Four,Bank of Thailand,From 17 Jan 2007 onwards: 1 day repo rate; prior to that: 14 day repo rate. , Central bank policy rates - Thailand - Monthly - End of period,2025-07,1.75,A,Normal value,F,Free,
M,Monthly,TH,Thailand,368,Per cent per year,0,Units,,,"Offical market intervention representative rate, liquidity providing repo rate.",4,Four,Bank of Thailand,From 17 Jan 2007 onwards: 1 day repo rate; prior to that: 14 day repo rate. , Central bank policy rates - Thailand - Monthly - End of period,2025-08,1.5,A,Normal value,F,Free,
M,Monthly,TH,Thailand,368,Per cent per year,0,Units,,,"Offical market intervention representative rate, liquidity providing repo rate.",4,Four,Bank of Thailand,From 17 Jan 2007 onwards: 1 day repo rate; prior to that: 14 day repo rate. , Central bank policy rates - Thailand - Monthly - End of period,2025-09,1.5,A,Normal value,F,Free,
M,Monthly,TH,Thailand,368,Per cent per year,0,Units,,,"Offical market intervention representative rate, liquidity providing repo rate.",4,Four,Bank of Thailand,From 17 Jan 2007 onwards: 1 day repo rate; prior to that: 14 day repo rate. , Central bank policy rates - Thailand - Monthly - End of period,2025-10,1.5,A,Normal value,F,Free,
M,Monthly,TH,Thailand,368,Per cent per year,0,Units,,,"Offical market intervention representative rate, liquidity providing repo rate.",4,Four,Bank of Thailand,From 17 Jan 2007 onwards: 1 day repo rate; prior to that: 14 day repo rate. , Central bank policy rates - Thailand - Monthly - End of period,2025-11,1.5,A,Normal value,F,Free,
M,Monthly,TH,Thailand,368,Per cent per year,0,Units,,,"Offical market intervention representative rate, liquidity providing repo rate.",4,Four,Bank of Thailand,From 17 Jan 2007 onwards: 1 day repo rate; prior to that: 14 day repo rate. , Central bank policy rates - Thailand - Monthly - End of period,2025-12,1.25,A,Normal value,F,Free,
